CODE,POPULATION,AREA,DENSITY,LAKE_AREA,FF_AREA,HABIT_AREA,
dummy,,,,,,,
01101,237627,46.42,5119.1,0,19.57,26.85,26.83
01102,285321,63.57,4488.3,0,0.38,63.19,63.19
01103,261912,56.97,4597.4,0,0.01,56.96,56.96
01104,209584,34.47,6080.2,0,0.06,34.41,34.41
01105,218652,46.23,4729.7,0,19.99,26.24,27.85
01106,141190,657.48,214.7,0,543.72,113.76,113.48
01107,213578,75.1,2843.9,0,46.46,28.64,28.87
01108,127767,24.38,5240.6,0,1.24,23.14,23.13
01109,140999,56.77,2483.7,0,21.08,35.69,35.63
01110,115726,59.87,1933,0,29.77,30.1,30.01
01202,265979,677.86,392.4,0,554.53,123.33,128.38
01203,121924,243.83,500,0,163.74,80.09,80.29
01204,339605,747.66,454.2,0,395.72,351.94,350.22
01205,88564,80.88,1095,0,37.61,43.27,43.27
01206,174742,1362.92,128.2,16.11,1037.69,309.12,293.18
01207,169327,619.34,273.4,0,236.53,382.81,382.2
01208,121226,1427.41,84.9,52.48,949.75,425.18,420.64
01209,8843,763.07,11.6,0,651.42,111.65,108.06
01210,84499,481.02,175.7,0,162.71,318.31,319.22
01211,39077,471,83,82.88,172.18,215.94,223.87
01212,22221,297.83,74.6,0,245.82,52.01,51.84
01213,172737,561.57,307.6,2.1,357.65,201.82,197.04
01214,36380,761.47,47.8,4.67,437.48,319.32,309.94
01215,23035,277.69,83,0,119.93,157.76,154.44
01216,14676,865.04,17,0,728,137.04,137.29
01217,120636,187.38,643.8,0,19.75,167.63,168.06
01218,11105,129.88,85.5,0,93.19,36.69,36.7
01219,23109,830.78,27.8,4.84,651.32,174.62,173.26
01220,19914,1119.22,17.8,0,839.44,279.78,295.93
01221,29048,535.2,54.3,0,336.68,198.52,199.64
01222,9076,302.52,30,0,245.74,56.78,55.38
01223,26917,411.41,65.4,5.72,197.84,207.85,209.81
01224,95648,594.5,160.9,78.48,319.79,196.23,195.1
01225,41192,115.9,355.4,0,13.84,102.06,102.06
01226,17694,78.68,224.9,0,29.84,48.84,49.37
01227,3585,55.95,64.1,0,41.97,13.98,14.03
01228,21909,529.42,41.4,0,314.9,214.52,215.11
01229,22936,600.71,38.2,0,403.31,197.4,198.47
01230,49625,212.21,233.8,0,174.77,37.44,35.62
01231,69702,294.65,236.6,0,197.29,97.36,97.53
01233,34995,444.21,78.8,0,313.29,130.92,122.5
01234,59064,119.05,496.1,0,45.05,74,73.48
01235,57436,722.42,79.5,0,507.09,215.33,217.84
01236,46390,397.44,116.7,0,299.09,98.35,95.18
01303,17278,422.86,40.9,0,263.54,159.32,158.96
01304,3329,78.04,42.7,0,2.15,75.89,75.97
01331,7337,293.25,25,0,269.62,23.63,36.97
01332,4422,187.28,23.6,0,170.87,16.41,14.12
01333,4653,196.75,23.6,0,165.62,31.13,24.84
01334,4547,221.87,20.5,0,199.66,22.21,25.8
01337,28120,216.75,129.7,9.09,125.52,82.14,79.14
01343,4226,110.64,38.2,0,89.3,21.34,20.5
01345,15946,368.79,43.2,0,278.76,90.03,88.45
01346,17252,956.07,18,0,777.97,178.1,178.89
01347,5926,310.76,19.1,0,228.54,82.22,78.32
01361,8248,109.53,75.3,0,82.63,26.9,24.25
01362,4876,547.71,8.9,0,504.87,42.84,42.61
01363,4049,460.58,8.8,0,371.34,89.24,82.85
01364,3906,162.59,24,0,137.38,25.21,21.61
01367,2690,142.97,18.8,0,123.32,19.65,19.77
01370,5628,568.25,9.9,0,446.7,121.55,112.85
01371,8473,638.69,13.3,0,500.09,138.6,138.53
01391,1499,437.18,3.4,0,367.58,69.6,44.06
01392,3137,95.24,32.9,0,80.53,14.71,8.93
01393,3082,345.65,8.9,0,272.8,72.85,44.28
01394,4843,449.78,10.8,0,378.53,71.25,73.46
01395,4958,197.13,25.2,0,145.59,51.54,52.8
01396,2103,114.25,18.4,0,78.16,36.09,35.88
01397,1907,119.84,15.9,0,74.43,45.41,38.94
01398,2294,189.41,12.1,0,156.17,33.24,30.86
01399,3187,231.49,13.8,0,194.11,37.38,36.4
01400,15018,261.34,57.5,0,192.45,68.89,70.58
01401,6224,304.91,20.4,0,218.21,86.7,89.39
01402,13042,70.6,184.7,0,57.03,13.57,13.68
01403,1771,82.28,21.5,0,76.81,5.47,5.57
01404,1004,147.8,6.8,0,138.06,9.74,9.65
01405,2115,238.14,8.9,0,187.39,50.75,50.74
01406,3188,188.36,16.9,0,161.54,26.82,26.67
01407,3498,167.96,20.8,0,127.29,40.67,40.71
01408,19607,140.59,139.5,0,96.71,43.88,39.53
01409,1121,280.09,4,0,262.82,17.27,26.65
01423,7927,81.36,97.4,0,1.42,79.94,79.94
01424,5674,88.19,64.3,0,48.86,39.33,39.62
01425,3479,39.98,87,0,34.54,5.44,5.44
01427,5314,133.74,39.7,0,48.99,84.75,84.35
01428,11076,168.52,65.7,0,18.5,150.02,150.07
01429,12344,203.93,60.5,0,110.11,93.82,93.21
01430,4577,150.4,30.4,0,89.47,60.93,61.66
01431,1985,101.83,19.5,0,49.2,52.63,52.37
01432,6831,495.47,13.8,0,383.76,111.71,110.72
01433,3091,48.64,63.5,0,0.03,48.61,48.61
01434,2513,47.18,53.3,0,2.9,44.28,44.25
01436,2749,191.15,14.4,0,120.64,70.51,69.9
01437,1981,158.7,12.5,0,102.26,56.44,54.45
01438,3181,283.35,11.2,0,205.2,78.15,78.81
01452,7018,139.42,50.3,0,64.19,75.23,76.7
01453,10233,68.5,149.4,0,14.47,54.03,53.94
01454,6689,204.9,32.6,0,134.05,70.85,70.75
01455,3777,86.9,43.5,0,44.37,42.53,42.47
01456,2976,250.13,11.9,0,204.85,45.28,45.02
01457,4044,1049.47,3.9,0,891.5,157.97,157.98
01458,8111,247.3,32.8,0,168.09,79.21,74.48
01459,10292,676.78,15.2,0,361.51,315.27,314.19
01460,10826,237.1,45.7,0,117.68,119.42,119.88
01461,5069,108.65,46.7,0,41.91,66.74,66.4
01462,2555,665.54,3.8,0,567.13,98.41,95.62
01463,1211,571.41,2.1,0,521.34,50.07,48.32
01464,3596,225.11,16,0,143.72,81.39,80.42
01465,3228,130.99,24.6,0,38.05,92.94,90.78
01468,3547,644.2,5.5,0,554.7,89.5,89.25
01469,4659,672.09,6.9,0,578.08,94.01,94.64
01470,832,275.63,3,0,236.92,38.71,38.56
01471,1767,594.74,3,0,511.46,83.28,85.16
01472,1525,767.04,2,0,635.26,131.78,144.95
01481,4497,369.71,12.2,0,321.84,47.87,47.66
01482,3336,627.22,5.3,0,550.57,76.65,76.87
01483,3265,454.6,7.2,0,364.06,90.54,90.33
01484,7327,472.65,15.5,0,383.31,89.34,81.73
01485,1217,279.51,4.4,0,229.4,50.11,50.17
01486,2806,590.8,4.7,0,493.66,97.14,96.83
01487,3243,353.56,9.2,0,203.28,150.28,167.05
01511,2684,589.97,4.5,1.97,460.56,127.44,120.16
01512,3881,401.64,9.7,13.4,304.53,83.71,84.55
01513,1757,398.51,4.4,0,333.32,65.19,66.73
01514,8437,1115.93,7.6,0,902.28,213.65,203.08
01516,4054,520.69,7.8,0.64,280.93,239.12,227.35
01517,2773,81.64,34,0,65.32,16.32,15.89
01518,2303,76.51,30.1,0,49.01,27.5,26.19
01519,2787,105.61,26.4,0,67.16,38.45,38.35
01520,2447,574.1,4.3,4.18,434.08,135.84,136.13
01543,20296,438.41,46.3,0,268.08,170.33,168.85
01544,5008,716.8,7,1.05,610.16,105.59,106.18
01545,12231,737.12,16.6,0,428.37,308.75,307.65
01546,4221,402.76,10.5,0,270.56,132.2,132
01547,5085,286.89,17.7,3.55,138.42,144.92,144.55
01549,5100,190.95,26.7,0,105.88,85.07,92.41
01550,3092,527.27,5.9,0,445.59,81.68,78.34
01552,5362,404.94,13.2,54.22,223.47,127.25,127.02
01555,20873,1332.45,15.7,0,1131.42,201.03,199.95
01559,9231,505.79,18.3,44.9,294.63,166.26,166.04
01560,2721,766.89,3.5,0,671.2,95.69,95.46
01561,3909,362.54,10.8,0,286.15,76.39,81.41
01562,1116,308.08,3.6,0,274.98,33.1,32.98
01563,4525,636.86,7.1,0,479.82,157.04,157.42
01564,7360,343.66,21.4,12.24,137.79,193.63,189.6
01571,4291,233.57,18.4,0,192.62,40.95,42.07
01575,2922,205.01,14.3,31.34,139.43,34.24,34.38
01578,17740,425.64,41.7,4.7,346.55,74.39,73.27
01581,4838,404.61,12,0,305.53,99.08,98.38
01584,9299,180.81,51.4,39.38,80.46,60.97,60.54
01585,8148,237.16,34.4,0,119.73,117.43,115.8
01586,8596,711.36,12.1,0,572.4,138.96,137.74
01601,12378,992.11,12.5,0,763.54,228.57,230.3
01602,5315,743.09,7.2,0,612.89,130.2,129.65
01604,5592,585.81,9.5,0,439.49,146.32,146.11
01607,13075,694.26,18.8,0,566.77,127.49,126.58
01608,4518,364.3,12.4,0,328.23,36.07,37.75
01609,4906,284,17.3,0,247.85,36.15,30.17
01610,23231,1147.55,20.2,0,915.44,232.11,233.07
01631,44807,466.02,96.1,0,130.93,335.09,337.89
01632,6132,259.19,23.7,0,61.07,198.12,197.4
01633,4765,694.23,6.9,0,508.91,185.32,185.33
01634,5542,402.88,13.8,0,239.16,163.72,165.15
01635,6288,1063.83,5.9,0,844.98,218.85,218.87
01636,9599,402.25,23.9,0,178.43,223.82,223.16
01637,18484,513.76,36,0,225.14,288.62,288.96
01638,3966,292.58,13.6,0,165.44,127.14,126.64
01639,3185,176.9,18,0,31.11,145.79,145.61
01641,5738,815.68,7,1.54,570.85,243.29,243.34
01642,7030,596.54,11.8,0,472.17,124.37,123.59
01643,26760,477.64,56,0,160.93,316.71,316.28
01644,6882,371.79,18.5,0,234.44,137.35,137
01645,3182,536.71,5.9,5.55,346.24,184.92,184.88
01646,7358,391.91,18.8,0,220.02,171.89,171.8
01647,6990,1408.04,5,0,1184.04,224,191.36
01648,2482,608.9,4.1,0,514.4,94.5,93.3
01649,4919,729.85,6.7,0,553.63,176.22,176.14
01661,19833,252.66,78.5,1.31,206.69,44.66,47.56
01662,9778,739.26,13.2,32.31,515.47,191.48,191.61
01663,6061,423.63,14.3,3.76,225.22,194.65,192.07
01664,7742,1099.37,7,7.99,729.12,362.26,362.87
01665,7758,774.33,10,98.76,514.13,161.44,161.84
01667,2534,571.8,4.4,0,454.33,117.47,117.14
01668,8068,773.53,10.4,0,670.49,103.04,100.41
01691,15273,1319.63,11.6,0,514.39,805.24,803.31
01692,23774,684.87,34.7,0,329.76,355.11,355.23
01693,5242,624.68,8.4,0,415.52,209.16,208.81
01694,5415,397.72,13.6,0,279.73,117.99,117.9
02201,287648,824.61,348.8,0,565.34,259.27,257.01
02202,177411,524.2,338.4,0,230.21,293.99,294.66
02203,231257,305.54,756.9,0,102.11,203.43,203.31
02204,34284,217.05,158,0,144.14,72.91,74.18
02205,55181,404.18,136.5,17.82,215.03,171.33,173.76
02206,63429,725.65,87.4,36.63,489.84,199.18,205.06
02207,40196,119.87,335.3,0,22.05,97.82,97.83
02208,58493,864.16,67.7,2.68,722.22,139.26,135.29
02209,33316,253.55,131.4,1.25,38.68,213.62,213.38
02210,32106,346.01,92.8,0,250.68,95.33,95.24
02301,11142,217.09,51.3,0,170.43,46.66,46.71
02303,2756,125.27,22,0,107.19,18.08,19.59
02304,2896,80.84,35.8,0,61.24,19.6,20.37
02307,6198,230.29,26.9,0,199.99,30.3,31.05
02321,10126,343.08,29.5,0,263.24,79.84,78.34
02323,8429,488.89,17.2,0,423.92,64.97,65.22
02343,1415,246.02,5.8,0,226.05,19.97,18.07
02361,15179,37.29,407.1,0,0,37.29,37.29
02362,9676,163.43,59.2,0,126.72,36.71,38.33
02367,7783,22.35,348.2,0,0,22.35,22.35
02381,13935,41.88,332.7,0,0,41.88,41.88
02384,13392,46.43,288.4,0,1.2,45.23,45.23
02387,11187,216.32,51.7,0,148.81,67.51,69.63
02401,13524,81.68,165.6,0,54.24,27.44,27.15
02402,15709,337.23,46.6,0,220.92,116.31,117.37
02405,10423,83.89,124.2,0,26.81,57.08,56.55
02406,4535,126.38,35.9,0,95.7,30.68,29.83
02408,17955,326.5,55,63.69,148.04,114.77,114.65
02411,10536,252.68,41.7,12.11,128.26,112.31,113.1
02412,24222,71.96,336.6,0,12.99,58.97,58.97
02423,5227,52.1,100.3,0,37.78,14.32,14.01
02424,6607,295.27,22.4,0,231.33,63.94,61.1
02425,1976,69.55,28.4,0,64.11,5.44,5.3
02426,2148,135.04,15.9,0,118.35,16.69,16.87
02441,10135,151.79,66.8,0,97.97,53.82,55
02442,17433,177.67,98.1,0,92.66,85.01,84.89
02443,5554,241.98,23,0,194.51,47.47,47.7
02445,18312,153.12,119.6,0,76.97,76.15,75.63
02446,14025,94.01,149.2,0,54.68,39.33,39.31
02450,2509,150.77,16.6,0,117.5,33.27,33.46
03201,297631,886.47,335.7,0,649.91,236.56,238.25
03202,56676,1259.15,45,0,1141.57,117.58,118.23
03203,38058,322.5,118,0,268.22,54.28,54.18
03205,97702,908.39,107.6,0,585,323.39,320.93
03206,93511,437.55,213.7,0,234.3,203.25,203.18
03207,35642,623.5,57.2,0,534.14,89.36,79.21
03208,28062,825.97,34,0,683.5,142.47,131.22
03209,121583,1256.42,96.8,0,777.41,479.01,476.79
03210,19758,231.94,85.2,0,182.79,49.15,44.66
03211,36802,440.34,83.6,0,388.8,51.54,43.38
03213,27611,420.42,65.7,0,311.25,109.17,108.94
03214,26355,862.3,30.6,0,661.11,201.19,211.24
03215,119422,993.3,120.2,0,545.51,447.79,444.72
03216,55463,182.46,304,0,93.7,88.76,88.76
03301,16981,608.82,27.9,0,479.18,129.64,127.87
03302,6344,434.96,14.6,0,370.54,64.42,63.78
03303,13692,360.46,38,0,271.06,89.4,89.4
03321,32614,238.98,136.5,0,138.25,100.73,101.48
03322,27678,67.32,411.1,0,15.81,51.51,51.42
03366,5880,590.74,10,0,481.76,108.98,107.16
03381,15895,179.76,88.4,0,70.82,108.94,107.75
03402,7868,63.39,124.1,0,30.69,32.7,32.7
03441,5720,334.84,17.1,0,300.33,34.51,34.41
03461,11759,200.42,58.7,0,176.16,24.26,22.44
03482,15826,262.81,60.2,0,236.31,26.5,25.59
03483,9841,992.36,9.9,0,922.34,70.02,74.29
03484,3466,156.19,22.2,0,134.76,21.43,22.07
03485,2795,69.66,40.1,0,58.31,11.35,9.43
03501,9333,245.82,38,0,187.21,58.61,58.06
03503,4149,80.8,51.3,0,70.68,10.12,11.79
03506,5865,134.02,43.8,0,99.09,34.93,34.93
03507,16693,302.92,55.1,0,239.73,63.19,68.15
03524,12919,300.03,43.1,0,220.76,79.27,83.63
04101,310183,302.24,1026.3,0,207.25,94.99,95.66
04102,194825,58.19,3348.1,0,3.81,54.38,54.35
04103,133498,50.86,2624.8,0,2.22,48.64,48.42
04104,226855,228.39,993.3,0,157.62,70.77,69.45
04105,216798,146.61,1478.7,0,73.66,72.95,73.53
04202,147214,554.58,265.5,6.09,307.62,240.87,240.79
04203,54187,17.37,3119.6,0,2.65,14.72,14.77
04205,64988,332.44,195.5,0,241.38,91.06,91.96
04206,35272,286.48,123.1,0,195.47,91.01,92.31
04207,76668,98.17,781,0,27.44,70.73,70.56
04208,30180,147.53,204.6,0,56.55,90.98,91.08
04209,62096,19.69,3153.7,0,0.58,19.11,19.12
04211,44678,60.45,739.1,0,14.11,46.34,46.47
04212,81959,536.12,152.9,5.07,223.05,308,307.84
04213,69906,804.97,86.8,2.37,433.45,369.15,362.03
04214,39503,101.36,389.7,0,27.88,73.48,71.53
04215,133391,796.76,167.4,0,422.5,374.26,373.8
04301,12316,152.83,80.6,0,85.41,67.42,66.95
04302,1461,263.09,5.6,0,232.56,30.53,30.53
04321,23798,24.99,952.3,0,7.13,17.86,17.89
04322,11501,78.38,146.7,0,41.63,36.75,36.87
04323,39525,54.03,731.5,0,18.93,35.1,35.15
04324,9167,270.77,33.9,0,207.56,63.21,62.48
04341,13972,273.3,51.1,0,191.9,81.4,81.36
04361,33589,73.6,456.4,1.35,10.67,61.58,61.55
04362,12315,64.58,190.7,0,21.76,42.82,42.5
04401,14421,53.56,269.2,0,27.6,25.96,25.94
04404,18652,13.19,1414.1,0,2.01,11.18,11.13
04406,35835,44.89,798.3,0,22.12,22.77,22.22
04421,28244,225.49,125.3,0,161.23,64.26,62.17
04422,8370,82.01,102.1,0,36.82,45.19,45.22
04423,51591,49.18,1049,0,0,49.18,0
04424,5703,60.32,94.5,0,28.48,31.84,30.82
04444,7238,109.28,66.2,0,62.7,46.58,46.56
04445,23743,460.67,51.5,0,328.79,131.88,131.03
04501,16701,82.16,203.3,0,22.72,59.44,59.34
04505,24852,74.95,331.6,0,0.13,74.82,74.77
04581,6334,65.35,96.9,2.68,53.2,9.47,8.86
04606,12370,163.4,75.7,0,125.95,37.45,36.86
05201,315814,906.09,348.5,0,615.41,290.68,287.16
05202,54730,426.95,128.2,1.04,251.86,174.05,173.62
05203,92197,692.8,133.1,0,377.32,315.48,316.12
05204,74175,913.22,81.2,0,722.09,191.13,190.91
05206,28375,241.09,117.7,0,125.4,115.69,115.67
05207,46613,790.91,58.9,0,632.47,158.44,158.02
05209,32038,707.52,45.3,0,559.14,148.38,147.33
05210,79927,1209.6,66.1,0,912.33,297.27,296.23
05211,33083,97.73,338.5,0,31.28,66.45,65.72
05212,82783,866.77,95.5,0,498.74,368.03,366.8
05213,33224,1152.76,28.8,0,963.47,189.29,190.34
05214,25324,241.13,105,0,162.99,78.14,78.21
05215,27523,1093.56,25.2,25.75,916.06,151.75,151.21
05303,5339,201.7,26.5,24.47,158.46,18.77,19.05
05327,2381,256.72,9.3,0,238.14,18.58,18.51
05346,3359,282.13,11.9,0,244.79,37.34,37.03
05348,17078,247.98,68.9,0,135.87,112.11,111.21
05349,7309,234.14,31.2,0,191.19,42.95,43.59
05361,9463,214.92,44,0,176.04,38.88,38.6
05363,6080,17,357.6,0,3.07,13.93,13.93
05366,4986,47.95,104,0,25.68,22.27,21.23
05368,3110,170.11,18.3,5.77,4.68,159.66,159.66
05434,20279,168.34,120.5,0,71.83,96.51,96.35
05463,15319,230.78,66.4,0,162.26,68.52,69.22
05464,2610,203.69,12.8,0,173.57,30.12,29.57
06201,253832,381.3,665.7,0,207.27,174.03,170.65
06202,85953,548.51,156.7,0,415.22,133.29,132.86
06203,129652,1311.53,98.9,0,910.35,401.18,402.77
06204,106244,602.97,176.2,0,358.74,244.23,244.48
06205,36894,222.85,165.6,0,126.51,96.34,95.34
06206,41256,139.03,296.7,0,69.34,69.69,68.93
06207,31569,240.93,131,0,162.35,78.58,73.64
06208,24684,196.98,125.3,0,108.24,88.74,91.21
06209,27757,214.67,129.3,0,135.59,79.08,78.76
06210,62194,113.01,550.3,0,37.67,75.34,75.11
06211,47768,206.94,230.8,0,131.82,75.12,73.83
06212,16953,372.53,45.5,0,259.09,113.44,113.77
06213,32285,160.52,201.1,0,95.39,65.13,64.92
06301,14369,61.45,233.8,0,33.4,28.05,28.28
06302,11363,31.15,364.8,0,10.02,21.13,21.24
06321,18952,52.45,361.3,0,14.22,38.23,38.77
06322,5636,393.19,14.3,0,319.92,73.27,58.15
06323,7119,196.81,36.2,0,141.18,55.63,52.81
06324,8472,154.08,55,0,121.15,32.93,31.72
06341,7357,79.54,92.5,0,41.71,37.83,37.63
06361,5829,161.67,36.1,0,126.28,35.39,34.05
06362,8902,330.37,26.9,0,266.31,64.06,65.49
06363,5631,119.04,47.3,0,84.68,34.36,37.1
06364,8137,374.22,21.7,0,323.17,51.05,45.82
06365,3412,211.63,16.1,0,174.78,36.85,36.72
06366,4317,122.14,35.3,0,80.47,41.67,41.11
06367,4773,261.31,18.3,0,216.07,45.24,50.43
06381,23882,180.26,132.5,0,103.22,77.04,76.15
06382,15751,166.6,94.5,0,80.34,86.26,86.26
06401,7868,737.56,10.7,0,658.42,79.14,77.03
06402,14175,157.71,89.9,0,100.53,57.18,53.41
06403,7304,329.41,22.2,0,274.91,54.5,54.42
06426,7728,33.22,232.6,0,0,33.22,33.22
06428,21666,249.17,87,0,138.95,110.22,108.79
06461,14207,208.39,68.2,0,111.04,97.35,100.08
07201,294247,767.72,383.3,0,492.55,275.17,272.22
07202,124062,382.97,323.9,28.92,208.03,146.02,148.12
07203,335444,757.2,443,26.03,393.83,337.34,334.14
07204,350237,1232.02,284.3,0,880.61,351.41,350.45
07205,61913,305.32,202.8,0,172.74,132.58,132.92
07207,77441,279.43,277.1,0,119.18,160.25,161.24
07208,49377,554.63,89,0,377.07,177.56,179.3
07209,38556,197.79,194.9,6.06,100.63,91.1,91.19
07210,58162,344.42,168.9,0,153.65,190.77,187.63
07211,38503,458.33,84,0,303.26,155.07,154.88
07212,57797,398.58,145,0,217.7,180.88,181.71
07213,62400,265.12,235.4,0,132.25,132.87,131.98
07214,30924,88.02,351.3,0,27.07,60.95,61
07301,12271,42.97,285.6,0,18.24,24.73,25.1
07303,9512,37.95,250.6,0,14.47,23.48,23.67
07308,14452,127.7,113.2,0,90.18,37.52,37.84
07322,8679,79.44,109.3,0,48.69,30.75,27.48
07342,12486,31.3,398.9,0,3.44,27.86,27.88
07344,5611,225.52,24.9,0,187.91,37.61,37.53
07362,5800,317.04,18.3,0,273.42,43.62,45.9
07364,615,390.46,1.6,0.77,337.22,52.47,52.42
07367,4470,747.56,6,0,575.98,171.58,168.29
07368,16264,886.47,18.3,0,806.66,79.81,89.8
07402,2831,234.08,12.1,13.45,194.53,26.1,24.92
07405,6582,298.18,22.1,0,250.1,48.08,46.26
07407,3579,59.77,59.9,0,38.52,21.25,22.04
07408,15037,394.85,38.1,50.89,270.7,73.26,74.98
07421,16303,91.59,178,0,30.19,61.4,61.23
07422,3206,16.37,195.8,0,0,16.37,16.37
07423,3536,175.82,20.1,0,153.8,22.02,22.14
07444,1668,90.81,18.4,0,79.22,11.59,11.37
07445,2189,293.92,7.4,2.99,215.11,75.82,77.39
07446,1322,209.46,6.3,0,190.18,19.28,20.93
07447,20913,276.33,75.7,0,202.17,74.16,74.13
07461,20322,192.06,105.8,0,135.55,56.51,62.3
07464,6495,35.43,183.3,0,10.77,24.66,24.16
07465,5001,18.92,264.3,0,3.22,15.7,15.64
07466,17370,60.4,287.6,0,11.04,49.36,49.17
07481,14295,159.93,89.4,0,119.17,40.76,40.7
07482,5950,118.27,50.3,0,94.02,24.25,23.04
07483,9157,211.41,43.3,0,171.75,39.66,41.67
07484,3577,131.34,27.2,0,100.41,30.93,31.33
07501,15880,115.71,137.2,0,59.23,56.48,58.21
07502,6777,46.67,145.2,0,21.2,25.47,25.2
07503,6505,93.42,69.6,0,58.4,35.02,35.51
07504,6577,37.43,175.7,0,15.75,21.68,21.76
07505,5373,163.29,32.9,0,133.94,29.35,30.03
07521,18304,72.76,251.6,0,23.4,49.36,49.36
07522,10475,125.18,83.7,0,86.16,39.02,36.75
07541,4319,58.69,73.6,0,43.91,14.78,14.97
07542,975,103.64,9.4,0,77.52,26.12,26.35
07543,0,68.39,0,0,40.8,27.59,27.71
07544,2021,197.35,10.2,0,173.16,24.19,25.32
07545,0,78.71,0,0,49.74,28.97,29.04
07546,0,51.42,0,0,30.01,21.41,21.57
07547,0,223.14,0,0,160.64,62.5,62.85
07548,18,84.37,0.2,0,69.1,15.27,15.23
07561,8218,46.53,176.6,0,16.2,30.33,30.18
07564,41,230.13,0.2,0,173.23,56.9,56.97
08201,270783,217.32,1246,0,34.74,182.58,182.39
08202,185054,225.74,819.8,0,121.51,104.23,101.38
08203,140804,122.89,1145.8,9.27,14.99,98.63,99.35
08204,140946,123.58,1140.5,0,8.84,114.74,114.71
08205,76020,215.53,352.7,2.2,87.32,126.01,135.13
08207,51594,65.76,784.6,0,2.36,63.4,63.2
08208,78342,78.55,997.4,3.49,6.29,68.77,68.64
08210,43293,80.88,535.3,0,3.83,77.05,77.05
08211,61483,123.64,497.3,0,6.02,117.62,117.58
08212,52294,371.99,140.6,0,247.59,124.4,123.57
08214,29638,193.58,153.1,0,154.5,39.08,37.39
08215,44412,186.8,237.8,0,127.27,59.53,59.25
08216,76739,240.4,319.2,0,100.47,139.93,136.74
08217,106570,69.94,1523.7,0,1.99,67.95,67.83
08219,84317,58.92,1431,0,10.94,47.98,47.82
08220,226963,283.72,800,0,40.35,243.37,241.55
08221,155689,99.93,1558,0,5.33,94.6,93.63
08222,67879,106.02,640.2,12.39,13.85,79.78,78.9
08223,29111,71.4,407.7,12.81,8.44,50.15,50.15
08224,64753,35.71,1813.3,0,2.07,33.64,33.47
08225,42587,348.45,122.2,0,215.42,133.03,132.57
08226,54276,97.82,554.9,0,15.88,81.94,82.34
08227,104573,205.3,509.4,0,12.96,192.34,195.59
08228,54087,123.03,439.6,0,11.74,111.29,110.65
08229,42810,205.81,208,27.79,16.86,161.16,161.17
08230,42147,156.6,269.1,37.87,27.84,90.89,98.22
08231,42632,180.06,236.8,0,73.96,106.1,105.47
08232,94522,146.94,643.3,2.36,5.09,139.49,139.37
08233,34909,222.48,156.9,56.08,35.49,130.91,130.58
08234,48147,207.61,231.9,6.34,49.66,151.61,151.52
08235,49136,79.16,620.7,0,5.7,73.46,73.33
08236,50911,144.74,351.7,4.98,21.61,118.15,117.8
08302,32921,121.58,270.8,5.59,21.15,94.84,96.94
08309,16886,23.74,711.3,1.57,3.96,18.21,18.27
08310,19800,161.8,122.4,0,97.88,63.92,62.34
08341,37713,37.98,993,0,6.51,31.47,32.99
08364,18053,325.76,55.4,0,259.32,66.44,67.91
08442,15842,66.61,237.8,32.61,4.64,29.36,29.22
08443,47535,71.4,665.8,6.5,10.72,54.18,53.78
08447,9168,44.3,207,0,0,44.3,44.3
08521,22021,58.99,373.3,0,2.1,56.89,56.89
08542,8786,23.11,380.2,0,0.22,22.89,22.89
08546,24517,46.59,526.2,0,2.3,44.29,44.28
08564,16313,24.9,655.1,0,0.58,24.32,24.32
09201,518594,416.85,1244.1,0,81.41,335.44,331.68
09202,149452,177.76,840.8,0,79.42,98.34,98.37
09203,159211,331.5,480.3,0,83.88,247.62,249.22
09204,118919,356.04,334,0,218.28,137.76,137.54
09205,98374,490.64,200.5,0,336.7,153.94,154.37
09206,83386,1449.83,57.5,11.9,1213.85,224.08,231.71
09208,166760,171.76,970.9,0,5.53,166.23,166.08
09209,79539,167.34,475.3,0,14.67,152.67,152.21
09210,75457,354.36,212.9,0,151.6,202.76,200.62
09211,33354,170.46,195.7,0,97.5,72.96,72.81
09213,117146,592.74,197.6,0,373.38,219.36,218.4
09214,44901,125.63,357.4,0,25.25,100.38,100.23
09215,27047,174.35,155.1,0,81.51,92.84,92.84
09216,59431,74.59,796.8,0,3.06,71.53,71.5
09301,31046,54.39,570.8,0,1.47,52.92,52.91
09342,23281,89.4,260.4,0,39.02,50.38,50.16
09343,13188,172.69,76.4,0,110.84,61.85,61.58
09344,11720,64.25,182.4,0,26.11,38.14,38.14
09345,15189,70.16,216.5,0,7.97,62.19,62.49
09361,39951,61.06,654.3,0,4.09,56.97,56.96
09364,25292,30.26,835.8,0,2.11,28.15,28.08
09384,11495,176.06,65.3,0,112.37,63.69,62.33
09386,29639,70.87,418.2,0,4.66,66.21,65.97
09407,24919,372.34,66.9,0,215.72,156.62,156.35
09411,16964,192.78,88,0,123.03,69.75,68.66
10201,336154,311.59,1078.8,0,74.66,236.93,236.32
10202,370884,459.16,807.7,1.24,213.64,244.28,246.04
10203,114714,274.45,418,0,196.35,78.1,77.92
10204,208814,139.44,1497.5,0,0.25,139.19,139.19
10205,219807,175.54,1252.2,0,9.56,165.98,165.95
10206,48676,443.46,109.8,0,340.27,103.19,103.15
10207,76667,60.97,1257.5,0,0.44,60.53,60.53
10208,78391,240.27,326.3,0,125.33,114.94,114.93
10209,65708,180.29,364.5,0,104.83,75.46,76.42
10210,49746,122.85,404.9,0,46.38,76.47,76.48
10211,58531,276.31,211.8,0,165.42,110.89,111.35
10212,50906,208.42,244.2,0,166.58,41.84,42.28
10344,14329,27.92,513.2,0,12.47,15.45,16.02
10345,21080,20.46,1030.3,0,3.59,16.87,16.95
10366,1230,181.85,6.8,0,170.2,11.65,11.61
10367,1954,114.6,17.1,0,100.96,13.64,14.86
10382,7564,188.38,40.2,0,168.61,19.77,27.54
10383,1979,118.83,16.7,0,105.33,13.5,14.93
10384,13200,58.61,225.2,0,31.89,26.72,28.5
10421,16850,439.28,38.4,0,366.48,72.8,72.45
10424,5536,133.85,41.4,0,95.57,38.28,38.13
10425,9780,337.58,29,0,241.49,96.09,97.02
10426,6518,49.75,131,0,30.32,19.43,19.59
10428,3674,64.18,57.2,0,48.87,15.31,15.5
10429,14033,253.91,55.3,0,191.83,62.08,60.36
10443,4390,391.76,11.2,1.04,359.33,31.39,37.8
10444,3647,85.25,42.8,0,70.76,14.49,14.48
10448,7347,64.14,114.5,0,24.36,39.78,38.22
10449,19347,781.08,24.8,0,613.9,167.18,169.42
10464,36654,25.78,1421.8,0,0.19,25.59,25.59
10521,15015,41.86,358.7,0,0.04,41.82,41.81
10522,11044,19.64,562.3,0,0.03,19.61,19.61
10523,11318,21.73,520.8,0,0.29,21.44,21.42
10524,41202,18.03,2285.2,0,0.02,18.01,18.01
10525,26426,31.11,849.4,0,0.4,30.71,30.68
11101,87146,29.12,2992.7,0,0.53,28.59,28.59
11102,143446,16.86,8508.1,0,0.01,16.85,16.85
11103,113864,12.8,8895.6,0,0.04,12.76,12.76
11104,161960,30.69,5277.3,0,0.99,29.7,29.7
11105,98762,8.39,11771.4,0,0,8.39,8.39
11106,97910,18.64,5252.7,0,0.33,18.31,18.31
11107,154416,11.51,13415.8,0,0.06,11.45,11.45
11108,180152,13.82,13035.6,0,0.03,13.79,13.79
11109,116522,26.44,4407,0,1.53,24.91,24.88
11110,109801,49.17,2233.1,0,1.09,48.08,48.07
11201,350745,109.13,3214,0,3.11,106.02,105.2
11202,198742,159.82,1243.5,0,4.96,154.86,154.74
11203,578112,61.95,9331.9,0,0.61,61.34,61.31
11206,82113,67.49,1216.7,0,0.16,67.33,67.43
11207,63555,577.83,110,0,500.64,77.19,71.92
11208,340386,72.11,4720.4,0,6.6,65.51,64.63
11209,80715,193.05,418.1,0,146.05,47,46.03
11210,112229,133.3,841.9,0,0.15,133.15,133.15
11211,77881,89.69,868.3,0,24.57,65.12,65.12
11212,91437,65.35,1399.2,0,4.66,60.69,60.66
11214,232709,66,3525.9,0,0.58,65.42,65.38
11215,152405,48.99,3110.9,0,4.86,44.13,43.92
11216,54874,58.64,935.8,0,0.13,58.51,58.51
11217,118072,67.44,1750.8,0,0.24,67.2,67.16
11218,143811,138.37,1039.3,0,4.04,134.33,134.33
11219,225196,45.51,4948.3,0,2.07,43.44,43.36
11221,247034,27.46,8996.1,0,0,27.46,27.46
11222,337498,60.24,5602.6,0,0.13,60.11,60.15
11223,72260,5.11,14140.9,0,0,5.11,5.11
11224,136150,18.19,7484.9,0,0,18.19,18.19
11225,148390,44.69,3320.4,0,7.06,37.63,37.49
11227,136299,18.34,7431.8,0,0.17,18.17,18.17
11228,72676,9.05,8030.5,0,0,9.05,9.05
11229,80826,11.04,7321.2,0,0.04,11,11
11230,162122,22.78,7116.9,0,1.29,21.49,21.38
11231,73936,25.35,2916.6,0,0.84,24.51,24.51
11232,152311,82.41,1848.2,0,0.23,82.18,82.18
11233,67409,19.82,3401.1,0,0.77,19.05,19.05
11234,86717,18.02,4812.3,0,0,18.02,18.02
11235,108102,19.77,5468,0,0.08,19.69,19.69
11237,136521,30.13,4531.1,0,0,30.13,30.13
11238,62380,27.28,2286.7,0,1.25,26.03,26
11239,101679,41.02,2478.8,0,0.97,40.05,40.05
11240,52524,33.93,1548,0,0.01,33.92,33.92
11241,70255,17.65,3980.5,0,0.9,16.75,16.75
11242,56520,47.48,1190.4,0,11.91,35.57,35.08
11243,69738,31.66,2202.7,0,0.02,31.64,31.64
11245,110970,14.64,7579.9,0,0.31,14.33,14.32
11246,51535,24.92,2068,0,0.36,24.56,24.56
11301,44442,14.79,3004.9,0,0.75,14.04,14.04
11324,38456,15.33,2508.5,0,1.43,13.9,13.34
11326,37275,34.07,1094.1,0,14.59,19.48,19.35
11327,11716,40.39,290.1,0,27.46,12.93,12.73
11341,18212,29.68,613.6,0,7.77,21.91,22.47
11342,18341,29.92,613,0,9.45,20.47,20.46
11343,31178,60.36,516.5,0,33.07,27.29,26.87
11346,20788,41.63,499.4,0,0,41.63,41.63
11347,19631,38.64,508,0,2.36,36.28,36.28
11348,14338,25.73,557.2,0,9.31,16.42,16.36
11349,11492,55.9,205.6,0,39.14,16.76,16.7
11361,8519,49.36,172.6,0,40.84,8.52,8.52
11362,10133,63.74,159,0,46.58,17.16,17.16
11363,7324,30.43,240.7,0,21.58,8.85,8.85
11365,12117,171.26,70.8,0,141.84,29.42,29.42
11369,2915,37.06,78.7,0,29.64,7.42,7.42
11381,11207,33.41,335.4,0,7.65,25.76,25.76
11383,13730,47.4,289.7,0,20.67,26.73,26.72
11385,30565,29.18,1047.5,0,0.06,29.12,29.12
11408,34081,64.25,530.4,0,24.2,40.05,39.21
11442,33705,15.95,2113.2,0,0.28,15.67,15.67
11464,45495,30.03,1515,0,0.04,29.99,29.99
11465,30061,16.2,1855.6,0,0.02,16.18,16.18
12101,205070,44.69,4588.7,0,3.77,40.92,42.17
12102,179200,34.19,5241.3,0,3.96,30.23,31.47
12103,160968,21.22,7585.7,0,2.22,19,20.38
12104,151078,84.21,1794.1,0,26.8,57.41,58.34
12105,126848,66.25,1914.7,0,21.44,44.81,47.31
12106,148718,21.2,7015,0,0,21.2,21.2
12202,64415,84.19,765.1,0,14.66,69.53,69.4
12203,481732,57.45,8385.2,0,1.23,56.22,56.04
12204,622890,85.62,7275.1,0,3.5,82.12,80.82
12205,47464,110.15,430.9,0,48.03,62.12,61.97
12206,134141,138.95,965.4,0,43.39,95.56,95.67
12207,483480,61.38,7876.8,0,1.88,59.5,59.37
12208,153583,103.55,1483.2,0,7.68,95.87,95.21
12210,89688,99.92,897.6,0,17.03,82.89,83.05
12211,131190,213.84,613.5,2.06,46.17,165.61,161.94
12212,172739,103.69,1665.9,2.61,18.97,82.11,79.27
12213,60652,89.12,680.6,0,17.58,71.54,70.94
12215,66586,130.45,510.4,0,12.85,117.6,117.15
12216,167909,20.97,8007.1,0,0.07,20.9,20.9
12217,413954,114.74,3607.8,2.19,7.43,105.12,101.33
12218,19248,93.96,204.9,0,57.97,35.99,35.73
12219,274656,368.17,746,0,134.6,233.57,233.26
12220,174373,35.32,4936.9,0,2.72,32.6,32.71
12221,193152,51.39,3758.6,0.03,5.66,45.7,45.48
12222,131606,43.15,3050,1.62,1.55,39.98,39.93
12223,33932,191.14,177.5,0,119.66,71.48,71.48
12224,108917,21.08,5166.8,0,0.95,20.13,19.71
12225,86033,318.81,269.9,0,206.61,112.2,111.27
12226,45601,205.53,221.9,0,124.82,80.71,80.71
12227,164024,17.3,9481.2,0,0,17.3,17.3
12228,89245,34.52,2585.3,0,5.84,28.68,28.32
12229,60952,94.93,642.1,0,19.97,74.96,75.42
12230,70734,74.94,943.9,0,11.85,63.09,62.71
12231,92670,123.79,748.6,4.56,18.61,100.62,96.52
12232,61674,35.48,1738.3,0.12,4.45,30.91,30.07
12233,49636,53.88,921.2,0,6.97,46.91,46.72
12234,39033,230.14,169.6,0,123.52,106.62,105.8
12235,37261,101.52,367,0,14.77,86.75,86.51
12236,77499,262.35,295.4,1.35,51.36,209.64,208.1
12237,52222,146.77,355.8,0,40.05,106.72,102.06
12238,38594,157.44,245.1,0,66.59,90.85,94.47
12239,49184,58.08,846.8,0,9.09,48.99,48.99
12322,20955,19.01,1102.3,0,4.68,14.33,14.33
12329,21228,32.51,653,0.26,3.25,29,28.98
12342,6133,19.9,308.2,0,4.07,15.83,15.69
12347,14724,72.8,202.3,0,18.46,54.34,53.93
12349,14152,46.25,306,0,4.61,41.64,39.15
12403,16510,24.45,675.3,0,1,23.45,23.2
12409,7431,43.24,171.9,0,12.49,30.75,29.19
12410,23762,67.01,354.6,0,9.77,57.24,56.44
12421,11767,22.97,512.3,0,6.08,16.89,16.92
12422,7222,35.59,202.9,0,13.27,22.32,22.21
12423,14359,28.29,507.6,0,1.7,26.59,26.58
12424,11149,27.5,405.4,0,1.74,25.76,25.68
12426,7337,47.11,155.7,0,22.53,24.58,25.86
12427,8206,65.51,125.3,0,30.63,34.88,34.49
12441,9843,129.87,75.8,0,88.72,41.15,41.13
12443,7315,24.86,294.2,0,13.52,11.34,11.72
12463,8022,45.19,177.5,0,25.69,19.5,19.5
13101,58406,11.66,5009.1,0,0,11.66,11.66
13102,141183,10.21,13827.9,0,0,10.21,10.21
13103,243283,20.37,11943.2,0,0,20.37,20.37
13104,333560,18.22,18307.4,0,0,18.22,18.22
13105,219724,11.29,19461.8,0,0,11.29,11.29
13106,198073,10.11,19591.8,0,0,10.11,10.11
13107,256274,13.77,18611,0,0,13.77,13.77
13108,498109,40.16,12403.1,0,0,40.16,40.16
13109,386855,22.84,16937.6,0,0,22.84,22.84
13110,277622,14.67,18924.5,0,0,14.67,14.67
13111,717082,60.66,11821.3,0,0,60.66,60.66
13112,903346,58.05,15561.5,0,0,58.05,58.05
13113,224533,15.11,14859.9,0,0,15.11,15.11
13114,328215,15.59,21052.9,0,0,15.59,15.59
13115,563997,34.06,16558.9,0,0,34.06,34.06
13116,291167,13.01,22380.2,0,0,13.01,13.01
13117,341076,20.61,16549.1,0,0,20.61,20.61
13118,212264,10.16,20892.1,0,0,10.16,10.16
13119,561916,32.22,17440,0,0,32.22,32.22
13120,721722,48.08,15010.9,0,0,48.08,48.08
13121,670122,53.25,12584.5,0,0,53.25,53.25
13122,442913,34.8,12727.4,0,0,34.8,34.8
13123,681298,49.9,13653.3,0,0,49.9,49.9
13201,577513,186.38,3098.6,0,78.28,108.1,106.51
13202,176295,24.36,7237.1,0,0.04,24.32,24.17
13203,144730,10.98,13181.2,0,0,10.98,10.98
13204,186936,16.42,11384.7,0,0.02,16.4,16.4
13205,137381,103.31,1329.8,0,64.64,38.67,38.09
13206,260274,29.43,8843.8,0,0,29.43,29.35
13207,111539,17.34,6432.5,0,0.11,17.23,17.1
13208,229061,21.58,10614.5,0,0.12,21.46,21.48
13209,432348,71.8,6021.6,0,7.71,64.09,63.87
13210,121396,11.3,10743,0,0.05,11.25,11.23
13211,190005,20.51,9264,0,0.06,20.45,20.46
13212,186283,27.55,6761.6,0,1,26.55,26.55
13213,149956,17.14,8748.9,0,0.8,16.34,16.43
13214,122742,11.46,10710.5,0,0.06,11.4,11.4
13215,73655,8.15,9037.4,0,0.04,8.11,8.15
13218,58395,10.16,5747.5,0,0.21,9.95,9.95
13219,80249,6.39,12558.5,0,0.01,6.38,6.37
13220,85157,13.42,6345.5,0,2.02,11.4,11.4
13221,74864,10.23,7318.1,0,0.09,10.14,10.13
13222,116632,12.88,9055.3,0,0.16,12.72,12.87
13223,71229,15.32,4649.4,0,1.72,13.6,13.6
13224,146631,21.01,6979.1,0,0.36,20.65,20.65
13225,87636,17.97,4876.8,0,2.58,15.39,15.39
13227,55833,9.9,5639.7,0,0.07,9.83,9.77
13228,80954,73.47,1101.9,0,44.13,29.34,29.26
13229,200012,15.75,12699.2,0,0.1,15.65,15.63
13303,33445,16.85,1984.9,0,2.78,14.07,14.01
13305,17446,28.07,621.5,0,19.05,9.02,8.86
13307,2209,105.41,21,0,97.51,7.9,7.9
13308,5234,225.53,23.2,0,212.35,13.18,13.18
13361,7884,90.76,86.9,0,46.76,44,43.31
13362,337,4.12,81.8,0,2.72,1.4,1.4
13363,2749,27.54,99.8,0,18.58,8.96,8.94
13364,1891,18.58,101.8,0,14.25,4.33,4.33
13381,2482,55.27,44.9,0,41.17,14.1,13.44
13382,335,20.54,16.3,0,18.27,2.27,2.27
13401,7613,72.23,105.4,0,39.64,32.59,32.55
13402,178,5.96,29.9,0,3.61,2.35,1.05
13421,3022,104.35,29,0,51.46,52.89,34.42
14101,285356,33.23,8587.3,0,0.46,32.77,32.74
14102,238966,23.73,10070.2,0,0.96,22.77,22.77
14103,98532,7.03,14015.9,0,0.05,6.98,6.97
14104,148312,21.2,6995.8,0,0.52,20.68,20.68
14105,194827,12.65,15401.3,0,0.65,12,11.99
14106,205493,21.93,9370.4,0,2.08,19.85,19.8
14107,166229,19.05,8725.9,0,2.16,16.89,16.85
14108,202229,30.96,6531.9,0,4.93,26.03,26
14109,344172,31.4,10960.9,0,1.91,29.49,29.45
14110,275283,35.79,7691.6,0,4.1,31.69,31.58
14111,215736,19.9,10841,0,1.23,18.67,18.65
14112,247144,32.73,7551,0,4.01,28.72,28.7
14113,180366,25.51,7070.4,0,4.19,21.32,21.24
14114,124560,17.17,7254.5,0,1.17,16,15.93
14115,122171,18.52,6596.7,0,3.43,15.09,15.08
14116,154025,23.58,6532,0,1.7,21.88,21.83
14117,309692,35.22,8793.1,0,2.41,32.81,32.77
14118,211751,27.87,7597.8,0,1.5,26.37,26.36
14131,223378,39.53,5650.8,0,0,39.53,39.53
14132,160890,10.01,16072.9,0,0,10.01,10.01
14133,247529,14.74,16793,0,0.06,14.68,14.68
14134,228141,16.36,13945,0,0.97,15.39,15.39
14135,214158,20.5,10446.7,0,1.46,19.04,19.04
14136,225594,18.61,12122.2,0,1,17.61,17.61
14137,175523,23.25,7549.4,0,3.19,20.06,20.05
14151,173612,253.68,684.4,0,185.49,68.19,#VALUE!
14152,269888,36.87,7320,0,0.69,36.18,#VALUE!
14153,277280,38.11,7275.8,0,2.67,35.44,#VALUE!
14201,406586,100.83,4032.4,0,29.97,70.86,70.46
14203,258227,67.82,3807.5,0,4.95,62.87,62.86
14204,173019,39.67,4361.5,0,12.85,26.82,26.8
14205,423894,69.57,6093.1,0,5.76,63.81,63.63
14206,194086,113.81,1705.4,0,42.26,71.55,71.09
14207,239348,35.7,6704.4,0,2.98,32.72,32.69
14208,57425,17.28,3323.2,0,8.76,8.52,8.51
14210,45289,32.05,1413.1,0,6.03,26.02,25.83
14211,167378,103.76,1613.1,0,54.16,49.6,49.72
14212,225714,93.84,2405.3,0,26.49,67.35,67.22
14213,232922,27.09,8598.1,0,1.21,25.88,25.48
14214,101514,55.56,1827.1,0,20.84,34.72,34.77
14215,130190,26.59,4896.2,0,0.51,26.08,25.81
14216,128737,17.57,7327.1,0,0.95,16.62,16.67
14217,43306,77.12,561.5,0,52.06,25.06,24.98
14218,84460,22.14,3814.8,0,1.58,20.56,20.26
14301,32096,17.04,1883.6,0,8.78,8.26,8.28
14321,47936,13.34,3593.4,0,0.25,13.09,13.09
14341,31550,17.18,1836.4,0,4.91,12.27,11.9
14342,28378,9.08,3125.3,0,1.54,7.54,7.34
14361,9679,19.99,484.2,0,6.6,13.39,13.42
14362,17033,14.38,1184.5,0,3.41,10.97,10.97
14363,11171,37.75,295.9,0,28.52,9.23,9.32
14364,10724,224.61,47.7,0,198.32,26.29,27.37
14366,17013,6.55,2597.4,0,0,6.55,6.55
14382,11786,92.86,126.9,7.03,68.49,17.34,16.82
14383,7333,7.04,1041.6,0,3.56,3.48,3.54
14384,25026,40.97,610.8,0,30.6,10.37,10.34
14401,40343,34.28,1176.9,0,15.18,19.1,19.1
14402,3214,71.24,45.1,0,63.7,7.54,7.11
15101,76328,107.72,708.6,0,2.86,104.86,104.83
15102,137577,38.62,3562.3,0,0.05,38.57,38.57
15103,183767,37.75,4868,1.37,0.52,35.86,35.87
15104,68906,75.42,913.6,0,0,75.42,75.42
15105,76843,95.38,805.7,0,14.73,80.65,80.64
15106,45685,100.91,452.7,0,0,100.91,100.91
15107,162833,94.09,1730.6,0,3.26,90.83,90.82
15108,58218,176.55,329.8,0,32.95,143.6,143.41
15202,275133,891.06,308.8,0,437.68,453.38,447.79
15204,99192,431.97,229.6,0,282.4,149.57,158.11
15205,86833,442.03,196.4,0,287.84,154.19,154.01
15206,98611,533.1,185,0,279.26,253.84,253.11
15208,36498,155.19,235.2,0,65.03,90.16,86.82
15209,27852,133.72,208.3,0,95.48,38.24,38.47
15210,54917,590.39,93,0,398.93,191.46,189.47
15211,40608,77.91,521.2,0,27.96,49.95,49.95
15212,62442,1174.26,53.2,0,932.45,241.81,270.77
15213,79784,110.96,719,0,6.53,104.43,104.12
15216,44162,746.24,59.2,0,610.11,136.13,136.11
15217,33199,445.63,74.5,0,324.92,120.71,120.71
15218,51404,351.91,146.1,0,198.82,153.09,152.92
15222,196987,973.81,202.3,0,543.84,429.97,427.16
15223,43415,192.74,225.3,0,72.57,120.17,120.17
15224,57255,855.61,66.9,4.85,608.79,241.97,222.74
15225,37352,946.76,39.5,0,789.06,157.7,145.22
15226,58568,584.55,100.2,0,389.22,195.33,185.98
15227,30198,264.89,114,0,160.67,104.22,103.56
15307,14040,37.58,373.6,0,2.27,35.31,35.19
15342,8209,25.17,326.1,0,7.95,17.22,17.22
15361,12188,31.71,384.4,0,11.34,20.37,20.35
15385,11680,952.89,12.3,0,772.65,180.24,167.07
15405,4528,44.38,102,0,30.68,13.7,13.7
15461,8046,357.29,22.5,0,295.42,61.87,61.87
15482,10029,170.21,58.9,0,110.36,59.85,59.85
15504,4775,26.27,181.8,0,11.06,15.21,15.21
15581,5832,299.61,19.5,0,226.32,73.29,74.8
15586,370,9.78,37.8,0,8.63,1.15,1.15
16201,418686,1241.77,337.2,0,771.01,470.76,474.41
16202,172125,209.57,821.3,0,67.06,142.51,142.86
16204,42935,200.61,214,0,123.78,76.83,78.02
16205,47992,230.56,208.2,0,134.78,95.78,95.63
16206,32755,54.63,599.6,0,7.01,47.62,47.65
16207,40991,426.31,96.2,0,206.47,219.84,220.01
16208,49000,127.03,385.7,0,34.57,92.46,92.45
16209,30399,134.07,226.7,0,59.13,74.94,74.97
16210,51327,668.64,76.8,0,513.37,155.27,156.21
16211,92308,109.43,843.5,0,11.88,97.55,97.67
16321,2982,3.47,859.4,0,0,3.47,3.47
16322,20930,236.71,88.4,0,170.19,66.52,66.54
16323,26317,307.29,85.6,0,145.76,161.53,160.72
16342,25335,71.25,355.6,0,9.21,62.04,62.1
16343,12246,226.3,54.1,0,150.57,75.73,79.88
17201,465699,468.64,993.7,2.86,273.54,192.24,192.47
17202,55325,318.32,173.8,0,203.88,114.44,114.38
17203,106919,371.05,288.2,1.13,257.87,112.05,112.05
17204,27216,426.32,63.8,0,325.88,100.44,98.98
17205,14625,247.2,59.2,0,186.6,60.6,60.66
17206,67186,305.87,219.7,1.95,212.1,91.82,91.82
17207,21729,81.85,265.5,0,29.16,52.69,52.69
17209,34219,64.44,531,0,24.37,40.07,40.07
17210,109287,754.93,144.8,0,556.76,198.17,198.61
17211,48881,84.14,580.9,0,35.64,48.5,48.5
17212,55099,13.56,4063.3,0,0,13.56,13.56
17324,6347,14.64,433.5,0,0,14.64,14.64
17361,36968,110.59,334.3,0,56.31,54.28,54.28
17365,26987,20.33,1327.4,1.35,2.37,16.61,16.57
17384,20422,246.76,82.8,0,161.56,85.2,84.69
17386,13174,111.52,118.1,0,71.46,40.06,40.06
17407,17571,89.45,196.4,0,51.13,38.32,38.32
17461,8786,183.21,48,0,134.87,48.34,48.33
17463,17568,273.27,64.3,0,203.45,69.82,67.95
18201,265904,536.41,495.7,0,319.09,217.32,217.98
18202,66165,251.39,263.2,0,198.34,53.05,51.9
18204,29670,233.09,127.3,0,190.83,42.26,42.16
18205,33109,872.43,38,0,742.45,129.98,129.84
18206,24125,253.88,95,0,201.04,52.84,51.59
18207,68284,84.59,807.2,0,31.43,53.16,53.16
18208,28729,116.98,245.6,2.13,44.42,70.43,70.33
18209,81524,230.7,353.4,0,142.01,88.69,88.25
18210,90280,209.67,430.6,0,73.65,136.02,136.03
18322,19883,94.43,210.6,0,68.69,25.74,25.59
18382,2638,194.65,13.6,0,178.42,16.23,16.2
18404,10799,343.69,31.4,0,312.29,31.4,31.26
18423,21538,153.15,140.6,0,113.75,39.4,39.43
18442,9914,152.35,65.1,1.04,125.99,25.32,25.64
18481,10596,72.4,146.4,0,53.36,19.04,19.04
18483,8325,212.19,39.2,0,186.7,25.49,25.32
18501,15257,178.49,85.5,8.12,119.47,50.9,50.86
19201,193125,212.47,909,0,135.94,76.53,76.51
19202,49003,121.74,402.5,0,103.69,18.05,18.04
19204,32002,161.63,198,0,136.3,25.33,25.45
19205,35141,289.8,121.3,0,236.94,52.86,52.95
19206,25419,280.25,90.7,0,243.19,37.06,37.03
19207,30680,143.69,213.5,0,92.58,51.11,51.1
19208,70828,264.14,268.1,0,193.28,70.86,70.85
19209,45111,602.48,74.9,0,459.22,143.26,143.35
19210,74386,71.95,1033.9,0,31.52,40.43,40.43
19211,69559,201.92,344.5,0,118.2,83.72,83.59
19212,24805,170.57,145.4,0,139.87,30.7,30.79
19213,31671,264.11,119.9,0,211.45,52.66,52.69
19214,31124,31.69,982.1,0,5.59,26.1,26.17
19346,15673,75.18,208.5,0,47.9,27.28,26.88
19364,1068,369.96,2.9,0,352.34,17.62,15.73
19365,12669,301.98,42,0,243.11,58.87,58.54
19366,8067,200.87,40.2,0,175.48,25.39,25.31
19368,15294,112,136.6,0,91.92,20.08,20.08
19384,19505,9.08,2148.1,0,0,9.08,9.08
19422,1743,79.68,21.9,0,74.69,4.99,4.99
19423,4342,15.22,285.3,0,12.97,2.25,3.13
19424,8968,25.05,358,0,13.52,11.53,11.53
19425,5208,53.05,98.2,6.57,32.12,14.36,14.15
19429,2921,89.58,32.6,0,77.45,12.13,11.97
19430,25329,158.4,159.9,7.58,114.75,36.07,36.05
19442,726,52.78,13.8,0,49.32,3.46,3.45
19443,563,101.3,5.6,0,98.7,2.6,2.58
20201,377598,834.81,452.3,0,525.01,309.8,323.41
20202,243293,978.47,248.6,0,746.87,231.6,243.07
20203,156827,552.04,284.1,0,397.18,154.86,153.22
20204,50128,85.1,589,5.55,57.78,21.77,22.74
20205,101581,658.66,154.2,0,544.65,114.01,126.19
20206,50140,109.17,459.3,4.41,75.58,29.18,31.4
20207,50725,149.67,338.9,0,102.7,46.97,49.27
20208,42512,98.55,431.4,0,34.78,63.77,62.66
20209,68271,667.93,102.2,0,525.22,142.71,144.73
20210,32759,165.86,197.5,0,121.12,44.74,46.19
20211,43909,112.18,391.4,0,47.14,65.04,67.4
20212,28041,565.15,49.6,3.42,406.73,155,153.76
20213,21438,202.43,105.9,0,124.7,77.73,82.38
20214,55912,266.59,209.7,0,194.76,71.83,73.42
20215,67135,289.98,231.5,0,218.72,71.26,71.79
20217,99368,423.51,234.6,0,265.47,158.04,159.65
20218,60298,119.79,503.4,0,69.93,49.86,50.66
20219,30107,112.37,267.9,0,55.58,56.79,59.21
20220,95282,331.78,287.2,0,193.51,138.27,138.58
20303,4713,114.2,41.3,0,92.82,21.38,21.38
20304,4607,209.61,22,0,177.51,32.1,31.81
20305,3408,133.09,25.6,0,103.8,29.29,27.81
20306,1005,66.05,15.2,0,57.84,8.21,8.18
20307,774,56.32,13.7,0,51.34,4.98,4.92
20309,11186,188.15,59.5,0,150.28,37.87,37.75
20321,18994,156.03,121.7,0,118.08,37.95,38.08
20323,15184,58.79,258.3,0,33.35,25.44,25.37
20324,7265,66.87,108.6,0,40.37,26.5,28.42
20349,4343,57.1,76.1,0,46.3,10.8,10.89
20350,6166,183.86,33.5,0,158.54,25.32,23.29
20361,20236,66.87,302.6,2.85,55.82,8.2,8.36
20362,14493,144.76,100.1,0,99.81,44.95,43.62
20363,7566,43.26,174.9,0,20.04,23.22,23.55
20382,19770,169.2,116.8,0,144.67,24.53,25.66
20383,25241,85.91,293.8,0,55.4,30.51,31.05
20384,9530,86.96,109.6,0,58.36,28.6,29.38
20385,15063,40.99,367.5,0,23.27,17.72,17.63
20386,4850,77.05,62.9,0,58.69,18.36,19.36
20388,8821,54.5,161.9,0,39.8,14.7,14.97
20402,13167,72.79,180.9,0,47.47,25.32,25.07
20403,13080,45.36,288.4,0,25.57,19.79,20.02
20404,4962,123.07,40.3,0,109.1,13.97,18.69
20407,6538,214.43,30.5,0,192.14,22.29,22.02
20409,484,77.37,6.3,0,74.91,2.46,3.15
20410,970,89.97,10.8,0,85.43,4.54,8.23
20411,3851,38.12,101,0,26.56,11.56,11.94
20412,575,43.43,13.2,0,38.88,4.55,5.68
20413,1365,109.44,12.5,0,102.39,7.05,7.07
20414,1702,64.59,26.4,0,57.29,7.3,8.64
20415,6310,66.61,94.7,0,53.94,12.67,14.07
20416,6592,76.79,85.8,0,62.34,14.45,16.17
20417,1023,248.28,4.1,0,223.67,24.61,25.6
20422,4670,168.42,27.7,0,152.17,16.25,16.85
20423,4313,215.93,20,0,192.89,23.04,23.87
20425,2926,140.5,20.8,0,125.82,14.68,13.1
20429,839,310.82,2.7,0,275.66,35.16,35.25
20430,3825,234.47,16.3,0,203.29,31.18,32.22
20432,11826,476.03,24.8,0,418.72,57.31,57.52
20446,2788,34.38,81.1,0,24.28,10.1,10.82
20448,1843,39.05,47.2,0,31.66,7.39,9.3
20450,8395,24.98,336.1,0,12.86,12.12,12.15
20451,4462,70.62,63.2,0,61.36,9.26,9.27
20452,4730,99.47,47.6,0,84.05,15.42,15.8
20481,9926,40.16,247.2,0,22.78,17.38,18.56
20482,9948,47.07,211.3,0,26.47,20.6,21.32
20485,8929,189.36,47.2,0,132.59,56.77,56.98
20486,2904,267.91,10.8,0,230.79,37.12,37.39
20521,14871,53.64,277.2,0,37.01,16.63,17.82
20541,10702,19.12,559.7,0,2.61,16.51,16.55
20543,7033,98.56,71.4,0,85.5,13.06,13.75
20561,12429,265.9,46.7,0,235.94,29.96,27.66
20562,4658,99.32,46.9,0,82.21,17.11,16.49
20563,3479,57.96,60,0,48.94,9.02,10.42
20583,8469,149.3,56.7,4.45,108.13,36.72,36.67
20588,2665,58.11,45.9,0,46.69,11.42,16.74
20590,11063,75,147.5,0,40.79,34.21,34.28
20602,1953,271.66,7.2,0,238.94,32.72,34.81
21201,406735,203.6,1997.7,0,60.64,142.96,143.84
21202,159879,206.57,774,0,108.76,97.81,97.84
21203,89182,2177.61,41,0,1905.49,272.12,268.01
21204,110441,91.25,1210.3,0,44.49,46.76,46.57
21205,89153,472.33,188.8,0,382.35,89.98,89.14
21206,78883,676.45,116.6,0,530.24,146.21,147.71
21207,20760,117.01,177.4,0,92.34,24.67,24.74
21208,38730,174.86,221.5,0,122.43,52.43,52.43
21209,67337,53.66,1254.9,0,0,53.66,53.66
21210,51073,504.24,101.3,0,389.59,114.65,115.4
21211,55384,74.81,740.3,0,29.58,45.23,45.01
21212,57827,116.02,498.4,0,79.1,36.92,38.87
21213,144690,87.81,1647.8,0,18.28,69.53,69.53
21214,98695,87.57,1127,0,33.75,53.82,52.33
21215,27114,221.98,122.1,0,186.44,35.54,35.76
21216,54354,28.19,1928.1,0,0,28.19,28.19
21217,24696,792.53,31.2,0,728.85,63.68,60.25
21218,33995,374.65,90.7,0,319.46,55.19,55.53
21219,42090,1030.75,40.8,0,924.56,106.19,106.47
21220,33585,851.21,39.5,0,765.28,85.93,86.84
21221,35206,112.03,314.3,0,30.31,81.72,81.71
21302,24622,7.91,3112.8,0,0,7.91,7.91
21303,22750,10.3,2208.7,0,0,10.3,10.3
21341,29029,72.29,401.6,0,18.29,54,54.01
21361,27556,57.09,482.7,0,32.91,24.18,24.14
21362,7419,49.28,150.5,0,38.04,11.24,11.24
21381,19282,18.78,1026.7,0,0,18.78,18.78
21382,9973,22.33,446.6,0,0,22.33,22.33
21383,14752,18.16,812.3,0,0,18.16,18.16
21401,21503,803.44,26.8,0,730.59,72.85,72.28
21403,23453,34.2,685.8,0,5.51,28.69,28.71
21404,24347,38.8,627.5,0,15.62,23.18,23.17
21421,18169,5.18,3507.5,0,0,5.18,5.18
21501,8202,12.87,637.3,0,4.65,8.22,8.2
21502,5564,16.82,330.8,0,6.54,10.28,10.28
21503,10197,41.16,247.7,0,28.59,12.57,12.23
21504,3876,90.47,42.8,0,81.39,9.08,9.08
21505,11027,128.79,85.6,0,102.91,25.88,25.72
21506,8392,237.9,35.3,0,209.92,27.98,27.66
21507,2261,87.09,26,0,78.26,8.83,8.76
21521,18111,56.69,319.5,0,33.78,22.91,23.05
21604,1609,356.64,4.5,0,271.22,85.42,79.39
22101,253593,1073.76,236.2,0,946.03,127.73,145.37
22102,212419,73.05,2907.9,0,18.58,54.47,54.51
22103,238977,265.09,901.5,0,123.27,141.82,141.47
22131,237443,44.34,5355.1,0,1.45,42.89,42.74
22132,128555,46.29,2777.2,0,0.2,46.09,45.95
22133,111353,114.71,970.7,29.94,8.43,76.34,76.49
22134,100870,46.84,2153.5,0,1.9,44.94,44.93
22135,93567,295.54,316.6,23.38,139.04,133.12,132.53
22136,95900,66.5,1442.1,0,12.97,53.53,53.12
22137,30292,943.84,32.1,0,853.4,90.44,90.44
22203,195633,186.96,1046.4,0,93.63,93.33,92.39
22205,37544,61.78,607.7,0,38.25,23.53,22.93
22206,110046,62.02,1774.4,0,23.78,38.24,38.24
22207,130770,389.08,336.1,0,247.66,141.42,140.57
22208,68345,124.1,550.7,0,68.91,55.19,55.01
22209,98112,315.7,310.8,0,208.18,107.52,106.17
22210,248399,244.95,1014.1,0,119.45,125.5,123.83
22211,167210,163.45,1023,0,27.12,136.33,136.43
22212,139462,70.31,1983.5,0,3.87,66.44,66.43
22213,114602,265.69,431.3,0,112.77,152.92,152.15
22214,143605,194.06,740,0,92.57,101.49,101.49
22215,88078,194.9,451.9,0,110.19,84.71,84.53
22216,85789,108.33,791.9,0,22.3,86.03,86.03
22219,22916,104.38,219.5,0,79.08,25.3,25.62
22220,52737,138.12,381.8,0,93.92,44.2,43.61
22221,59789,86.56,690.7,18.09,18.93,49.54,49.45
22222,31317,363.97,86,0,295.51,68.46,64.31
22223,32578,65.56,496.9,0,16.39,49.17,49.13
22224,46763,94.19,496.5,0,22.29,71.9,71.9
22225,48152,94.62,508.9,0,52.03,42.59,42.47
22226,45547,111.69,407.8,0,32.75,78.94,78.7
22301,12624,77.81,162.2,0,57.42,20.39,20.37
22302,7303,100.69,72.5,0,81.72,18.97,17.22
22304,8524,109.94,77.5,0,85.35,24.59,25.14
22305,6837,85.19,80.3,0,71.4,13.79,12.86
22306,8234,105.54,78,0,92.96,12.58,12.65
22325,37661,65.16,578,0,35.86,29.3,29.25
22341,32118,8.81,3645.6,0,0.89,7.92,7.92
22342,42331,26.63,1589.6,0,10.54,16.09,15.88
22344,19497,135.74,143.6,0,90.65,45.09,44.36
22424,29093,20.73,1403.4,0,0.31,20.42,20.43
22429,7192,496.88,14.5,0,449.46,47.42,47.96
22461,18528,133.91,138.4,0,95.12,38.79,38.74
23101,164696,18.18,9059.2,0,0.96,17.22,16.69
23102,78043,7.71,10122.3,0,0,7.71,7.71
23103,163579,17.53,9331.4,0,0,17.53,17.53
23104,149098,17.93,8315.6,0,0,17.93,17.93
23105,133206,16.3,8172.1,0,0,16.3,16.3
23106,83203,9.38,8870.3,0,0,9.38,9.38
23107,107170,10.94,9796.2,0,0.15,10.79,10.75
23108,105357,11.22,9390.1,0,0.04,11.18,11.14
23109,65895,8.2,8036,0,0,8.2,8.2
23110,220281,32.02,6879.5,0,0,32.02,32.02
23111,146745,45.64,3215.3,0,0,45.64,45.63
23112,136935,18.46,7417.9,0,0,18.46,18.46
23113,172845,34.01,5082.2,0,3.95,30.06,29.94
23114,241822,37.91,6378.8,0,1.8,36.11,35.98
23115,164080,19.45,8436,0,1.42,18.03,17.86
23116,162683,21.58,7538.6,0,1.88,19.7,19.53
23201,374765,261.86,1431.2,0,42.31,219.55,219.28
23202,381051,387.2,984.1,0,231.8,155.4,154.43
23203,380868,113.82,3346.2,0,0,113.82,113.82
23204,129046,111.4,1158.4,0,62.57,48.83,48.25
23205,116908,47.42,2465.4,0,1.34,46.08,46.06
23206,306508,92.78,3303.6,0,17.15,75.63,75.47
23207,182436,161.14,1132.2,0,58.61,102.53,102.57
23208,63431,25.09,2528.1,0,0,25.09,25.09
23209,71346,36.68,1945.1,0,0,36.68,37.17
23210,149765,50.39,2972.1,0,0.5,49.89,49.89
23211,422542,918.32,460.1,0,625.53,292.79,292.76
23212,184140,86.05,2139.9,0,0,86.05,86.05
23213,167990,161.22,1042,0,24.92,136.3,136.19
23214,81100,56.95,1424.1,0,17.26,39.69,39.59
23215,74308,74.9,992.1,0,33.88,41.02,41.09
23216,56547,55.89,1011.8,0,4.51,51.38,51.2
23217,98359,30.2,3256.9,0,0,30.2,30.2
23219,149462,62.81,2379.6,0,6.78,56.03,55.9
23220,136867,79.35,1724.9,0,0,79.35,79.35
23221,47133,499.23,94.4,0,415.58,83.65,83.1
23222,111944,43.43,2577.6,0,0.85,42.58,42.59
23223,89157,33.66,2648.8,0,1.04,32.62,32.57
23224,84617,45.9,1843.5,0,2.52,43.38,43.38
23225,70501,16.31,4322.6,0,0,16.31,16.31
23226,80787,21.03,3841.5,0,2.94,18.09,18.05
23227,46236,13.11,3526.8,0,0,13.11,13.11
23228,47562,10.47,4542.7,0,0,10.47,10.47
23229,69127,23.22,2977,0,1.09,22.13,22.09
23230,87977,34.91,2520.1,0,6.48,28.43,28.22
23231,62364,191.12,326.3,0,53.64,137.48,137.37
23232,63088,66.7,945.8,0,0,66.7,66.7
23233,67327,17.35,3880.5,0,0,17.35,17.35
23234,84133,18.37,4579.9,0,0,18.37,18.37
23235,43269,49,883,0,0.09,48.91,48.9
23236,61810,32.19,1920.2,0,1.63,30.56,30.54
23237,86898,27.49,3161.1,0,0,27.49,27.49
23238,57598,21.55,2672.8,0,4.38,17.17,17.07
23302,42858,18.03,2377,0,1.34,16.69,16.66
23342,15177,6.18,2455.8,0,0,6.18,6.18
23361,23274,13.61,1710.1,0,0,13.61,13.61
23362,33806,11.19,3021.1,0,0,11.19,11.19
23424,30990,6.59,4702.6,0,0,6.59,6.59
23425,37085,11.09,3344,0,0,11.09,11.09
23427,4397,22.42,196.1,0,0,22.42,22.42
23441,27747,23.8,1165.8,0,1.52,22.28,22.21
23442,49230,31.14,1580.9,0,1.6,29.54,29.5
23445,18707,38.37,487.5,0,10.78,27.59,27.59
23446,23575,46.2,510.3,0,11.46,34.74,34.73
23447,42473,25.92,1638.6,0,2.49,23.43,23.2
23501,39549,56.72,697.3,0,24.25,32.47,32.35
23561,5074,273.94,18.5,0,246.62,27.32,27.18
23562,3446,123.38,27.9,0,111.96,11.42,11.43
23563,1135,155.88,7.3,0,145.09,10.79,11.07
24201,279886,711.11,393.6,0,415.68,295.43,295.93
24202,311031,206.44,1506.6,0,28.61,177.83,177.08
24203,127817,208.35,613.5,0,109.57,98.78,98.45
24204,163863,623.66,262.7,0,426.52,197.14,196.98
24205,140303,136.68,1026.5,0,31.1,105.58,104.65
24207,196403,194.46,1010,0,35.84,158.62,158.42
24208,78795,129.77,607.2,0,68.72,61.05,61.02
24209,18009,192.71,93.5,0,175.57,17.14,17.11
24210,50254,191.04,263.1,0,120.52,70.52,69.66
24211,19448,107.34,181.2,0,74.94,32.4,32.42
24212,17322,373.35,46.4,0,327.76,45.59,45.96
24214,45815,219.83,208.4,0,128.36,91.47,91.6
24215,50341,178.94,281.3,0,91.1,87.84,74.58
24216,90581,558.23,162.3,0,340.05,218.18,218.45
24303,6357,15.74,403.9,0,0,15.74,15.74
24324,25344,22.68,1117.5,0,1.77,20.91,20.88
24341,40210,107.01,375.8,0,53.71,53.3,52.87
24343,10560,5.99,1762.9,0,0.81,5.18,5.18
24344,14752,8.73,1689.8,0,0,8.73,8.73
24441,14878,103.06,144.4,0,59.15,43.91,43.87
24442,22586,41.04,550.3,0,3.13,37.91,37.36
24443,9557,362.86,26.3,0,335.43,27.43,26.95
24461,15431,40.91,377.2,0,12.66,28.25,28.03
24470,8309,134.98,61.6,0,114.11,20.87,20.76
24471,8939,233.32,38.3,0,210.9,22.42,21.7
24472,12788,241.89,52.9,0,205.86,36.03,36.03
24543,16338,256.53,63.7,0,225.62,30.91,30.79
24561,8741,88.13,99.2,0,57.04,31.09,31.09
24562,11207,79.62,140.8,0,60.7,18.92,18.92
25201,340973,464.51,734,89.91,250.09,124.51,123.09
25202,113679,196.87,577.4,98.59,25.35,72.93,72.7
25203,118193,681.02,173.6,143.14,372.08,165.8,164.24
25204,81312,177.45,458.2,78.18,19.22,80.05,79.86
25206,137247,67.82,2023.7,19.17,2.16,46.49,46.09
25207,79859,55.74,1432.7,10.16,0.22,45.36,45.36
25208,66749,52.69,1266.8,0,22.75,29.94,29.74
25209,90901,481.62,188.7,0,323.71,157.91,157.07
25210,49889,80.14,622.5,19.58,12.46,48.1,48.04
25211,54289,70.4,771.2,0,36.59,33.81,33.07
25212,50025,693.05,72.2,181.93,393.03,118.09,118.07
25213,114180,388.37,294,5.15,218.33,164.89,163.31
25214,38719,250.39,154.6,27.32,157.6,65.47,65.21
25383,21873,117.6,186,0,61.24,56.36,55.34
25384,12434,44.55,279.1,0,15.02,29.53,28.62
25425,20778,37.97,547.2,0,9.38,28.59,28.59
25441,7422,7.8,951.5,0,0,7.8,7.8
25442,7039,13.63,516.4,0,1.75,11.88,11.88
25443,7355,135.77,54.2,0,116.01,19.76,19.6
26101,119474,94.88,1259.2,0,78.85,16.03,16.02
26102,85113,7.03,12107.1,0,0,7.03,7.03
26103,168266,246.77,681.9,0,215.26,31.51,31.55
26104,109341,7.41,14755.9,0,0,7.41,7.41
26105,39044,7.48,5219.8,0,1.58,5.9,5.9
26106,82668,6.78,12192.9,0,0,6.78,6.78
26107,99927,15.81,6320.5,0,0,15.81,15.81
26108,204262,292.07,699.4,0,253.77,38.3,38.29
26109,280655,61.66,4551.7,0,14.58,47.08,47.12
26110,135471,28.7,4720.2,0,13.64,15.06,15.4
26111,150962,59.24,2548.3,0,32.53,26.71,26.82
26201,78935,552.54,142.9,0,418.05,134.49,134.25
26202,83990,342.12,245.5,0,269.57,72.55,72.53
26203,33821,347.1,97.4,0,266.15,80.95,80.95
26204,184678,67.54,2734.4,0,33.65,33.89,33.77
26205,18426,172.74,106.7,3.53,135.19,34.02,34.84
26206,89479,224.8,398,0,153.02,71.78,71.78
26207,76869,32.71,2350,0,10.18,22.53,22.53
26208,53380,7.72,6914.5,0,0.92,6.8,6.9
26209,80090,19.17,4177.9,0,7.92,11.25,11.25
26210,72664,24.35,2984.1,0,1.65,22.7,22.7
26211,70835,42.92,1650.4,0,13.1,29.82,29.73
26212,55054,501.43,109.8,7.18,372.12,122.13,121.56
26213,33145,616.4,53.8,0,542.01,74.39,78.15
26214,72840,85.13,855.6,0,32.73,52.4,50.37
26303,15181,5.97,2542.9,0,1.88,4.09,4.09
26322,15805,13.86,1140.3,0,0.23,13.63,13.63
26343,7910,18.04,438.5,0,11.15,6.89,7.08
26344,9319,58.16,160.2,0,43.78,14.38,14.1
26364,1368,23.52,58.2,0,18.81,4.71,4.71
26365,3956,64.93,60.9,0,47.93,17,16.98
26366,36376,25.68,1416.5,0,6.49,19.19,19.56
26367,2652,64.11,41.4,0,46.11,18,17.91
26407,14453,303.09,47.7,0,250.84,52.25,52.25
26463,2110,61.95,34.1,0,51.15,10.8,11.05
26465,21834,108.38,201.5,1.26,81.56,25.56,25.56
27102,104727,6.08,17224.8,0,0,6.08,6.08
27103,72484,4.67,15521.2,0,0,4.67,4.67
27104,66656,19.25,3462.6,0,0,19.25,19.25
27106,92430,5.21,17740.9,0,0,5.21,5.21
27107,82035,7.86,10437,0,0,7.86,7.86
27108,65141,9.43,6907.8,0,0,9.43,9.43
27109,75729,4.84,15646.5,0,0,4.84,4.84
27111,69766,4.39,15892,0,0,4.39,4.39
27113,95490,14.22,6715.2,0,0,14.22,14.22
27114,175530,13.27,13227.6,0,0,13.27,13.27
27115,80563,4.54,17745.2,0,0,4.54,4.54
27116,130167,8.37,15551.6,0,0,8.37,8.37
27117,91608,6.32,14494.9,0,0,6.32,6.32
27118,164697,8.38,19653.6,0,0,8.38,8.38
27119,107626,5.98,17997.7,0,0,5.98,5.98
27120,154239,9.4,16408.4,0,0,9.4,9.4
27121,126299,9.75,12953.7,0,0,9.75,9.75
27122,111883,7.37,15180.9,0,0,7.37,7.37
27123,176201,12.64,13940,0,0,12.64,12.64
27124,111557,8.17,13654.5,0,0,8.17,8.17
27125,122988,20.61,5967.4,0,0,20.61,20.61
27126,196633,15.28,12868.7,0,0,15.28,15.28
27127,123667,10.34,11960.1,0,0,10.34,10.34
27128,93069,8.87,10492.6,0,0,8.87,8.87
27141,148205,23.65,6266.6,0,0,23.65,23.65
27142,124543,17.88,6965.5,0,0,17.88,17.88
27143,85189,10.49,8121,0,0,10.49,10.49
27144,135746,28.62,4743,0,0,28.62,28.61
27145,147626,40.39,3655,0,4.01,36.38,36.34
27146,158845,15.6,10182.4,0,0,15.6,15.6
27147,39156,13.2,2966.4,0,0.01,13.19,13.19
27202,194911,72.68,2681.8,0,19.56,53.12,52.98
27203,395479,36.39,10867.8,0,0.02,36.37,36.37
27204,103069,22.14,4655.3,0,5.54,16.6,16.6
27205,374468,36.09,10375.9,0,0.38,35.71,35.88
27206,75897,14.31,5303.8,0,0,14.31,14.31
27207,351829,105.29,3341.5,0,49.53,55.76,57.18
27208,88694,43.93,2019,0,17.75,26.18,26.18
27209,143042,12.71,11254.3,0,0,12.71,12.71
27210,404152,65.12,6206.3,0,7.15,57.97,57.83
27211,280033,76.49,3661,0,29.05,47.44,47.16
27212,268800,41.72,6443,0,4.82,36.9,36.89
27213,100966,56.51,1786.7,0,19.8,36.71,36.55
27214,113984,39.72,2869.7,0,2.99,36.73,36.69
27215,237518,24.7,9616.1,0,0.86,23.84,23.84
27216,106987,109.63,975.9,0,73.11,36.52,34.01
27217,120750,16.66,7247.9,0,0,16.66,16.66
27218,123217,18.27,6744.2,0,2.82,15.45,15.45
27219,186109,84.98,2190,0,33.93,51.05,50.16
27220,133411,47.9,2785.2,0,27.85,20.05,19.44
27221,71112,25.33,2807.4,0,7.34,17.99,17.98
27222,112683,26.45,4260.2,0,2.47,23.98,23.97
27223,123576,12.3,10046.8,0,0,12.3,12.3
27224,85007,14.87,5716.7,0,0,14.87,14.87
27225,56529,11.3,5002.6,0,0,11.3,11.29
27226,65438,8.89,7360.9,0,0,8.89,8.89
27227,502784,61.78,8138.3,0,10.09,51.69,51.69
27228,62438,48.98,1274.8,0,22.41,26.57,26.57
27229,56075,18.69,3000.3,0,7.43,11.26,11.25
27230,76435,25.55,2991.6,0,8.18,17.37,15.94
27231,57792,11.92,4848.3,0,0.29,11.63,11.62
27232,54276,36.17,1500.6,0,18.71,17.46,16.07
27301,29983,16.81,1783.6,0,9.71,7.1,6.76
27321,19934,34.34,580.5,0,22.21,12.13,12.12
27322,10256,98.75,103.9,0,77.47,21.28,21.28
27341,17298,3.97,4357.2,0,0,3.97,3.97
27361,44435,17.24,2577.4,0,5.34,11.9,11.9
27362,8417,5.62,1497.7,0,0,5.62,5.62
27366,15938,49.18,324.1,0,36.31,12.87,12.87
27381,13748,14.17,970.2,0,5.18,8.99,8.99
27382,16126,25.26,638.4,0,12.14,13.12,13.11
27383,5378,37.3,144.2,0,30.1,7.2,7.14
28101,213634,34.02,6279.7,0,6.62,27.4,27.37
28102,136088,32.66,4166.8,0,19.01,13.65,13.02
28105,106956,14.68,7285.8,0,3.79,10.89,10.47
28106,97912,11.36,8619,0,1.26,10.1,10.16
28107,162468,28.93,5615.9,0,7.17,21.76,21.59
28108,219474,28.11,7807.7,0,3.76,24.35,24.31
28109,219805,240.29,914.7,0,141.6,98.69,98.58
28110,135153,28.97,4665.3,0,6.03,22.94,22.78
28111,245782,138.01,1780.9,0,34.64,103.37,103.31
28201,535664,534.47,1002.2,0,306,228.47,227.48
28202,452563,50.72,8922.8,0,0,50.72,50.72
28203,293409,49.42,5937,0,2.05,47.37,47.37
28204,487850,99.96,4880.5,0,36.85,63.11,62.8
28205,44258,182.38,242.7,0,103.31,79.07,78.96
28206,95350,18.47,5162.4,0,7.2,11.27,10.99
28207,196883,25,7875.3,0,0,25,25
28208,30129,90.4,333.3,0,68.08,22.32,22.32
28209,82250,697.55,117.9,0,553.33,144.22,144.22
28210,267435,138.48,1931.2,0,34.96,103.52,105.88
28212,48567,126.86,382.8,0,80.79,46.07,46.1
28213,40866,132.44,308.6,0,93.88,38.56,38.44
28214,224903,101.8,2209.3,0,56.88,44.92,43.4
28215,77178,176.51,437.2,0,73.81,102.7,102.59
28216,91030,34.38,2647.8,0,4.28,30.1,30.1
28217,156375,53.44,2926.2,0,20.89,32.55,32.55
28218,48580,92.94,522.7,0,35.29,57.65,57.58
28219,112691,210.32,535.8,0,136.06,74.26,74.04
28220,44313,150.98,293.5,0,66,84.98,84.9
28221,41490,377.59,109.9,0,281.74,95.85,95.84
28222,24288,422.91,57.4,0,355.96,66.95,67.25
28223,64660,493.21,131.1,0,371.62,121.59,121.59
28224,46912,229.01,204.8,0,130.97,98.04,98.04
28225,30805,403.06,76.4,0,338.02,65.04,65.21
28226,43977,184.35,238.6,0,73.01,111.34,111.49
28227,37773,658.54,57.4,0,586.95,71.59,71.99
28228,40310,157.55,255.9,0,77.29,80.26,79.29
28229,77419,210.87,367.1,0,127.92,82.95,82.95
28301,30838,90.33,341.4,0,69.7,20.63,20.57
28365,21200,185.19,114.5,0,149.75,35.44,35.57
28381,31020,34.92,888.3,0,1.12,33.8,33.77
28382,33739,9.13,3695.4,0,0,9.13,9.13
28442,12300,82.67,148.8,0,62.7,19.97,19.97
28443,19738,45.79,431.1,0,24.62,21.17,21.17
28446,11452,202.23,56.6,0,176.27,25.96,25.91
28464,33690,22.61,1490,0,6.83,15.78,15.76
28481,15224,150.26,101.3,0,112.51,37.75,37.69
28501,17510,307.44,57,0,248.99,58.45,58.4
28585,18070,368.77,49,0,317.46,51.31,51.33
28586,14819,241.01,61.5,0,201.04,39.97,39.97
29201,360310,276.94,1301,0,132.73,144.21,144.02
29202,64817,16.48,3933.1,0,0,16.48,16.48
29203,87050,42.69,2039.1,0,3.9,38.79,38.79
29204,67398,86.42,779.9,0,34.04,52.38,52.38
29205,124111,39.56,3137.3,0,2.13,37.43,37.4
29206,57244,98.91,578.7,0,59.33,39.58,39.58
29207,30997,292.02,106.1,0,217.47,74.55,74.52
29208,26868,60.58,443.5,0,31.34,29.24,29.24
29209,118233,53.15,2224.5,0,19.26,33.89,33.69
29210,77561,24.26,3197.1,0,5.98,18.28,18.13
29211,36635,33.72,1086.4,0,13.3,20.42,19.88
29212,31105,247.5,125.7,0,182.9,64.6,64.2
29322,3674,66.52,55.2,0,41.28,25.24,25.39
29342,18883,23.9,790.1,0,11.34,12.56,12.56
29343,23571,8.79,2681.6,0,2.77,6.02,6.04
29344,27303,14.27,1913.3,0,3.46,10.81,10.81
29345,7443,4.31,1726.9,0,0,4.31,4.31
29361,8485,5.93,1430.9,0,0,5.93,5.93
29362,6836,4.06,1683.7,0,0,4.06,4.06
29363,31691,21.09,1502.7,0,0,21.09,21.09
29385,1549,47.76,32.4,0,41.32,6.44,6.44
29386,1759,79.58,22.1,0,70.11,9.47,8.76
29401,7195,25.79,279,0,16.93,8.86,8.93
29402,5523,24.1,229.2,0,13.5,10.6,10.6
29424,22054,6.14,3591.9,0,1.02,5.12,5.11
29425,23025,7.01,3284.6,0,1.75,5.26,5.19
29426,33487,16.3,2054.4,0,0.23,16.07,16.06
29427,17941,8.23,2180,0,0.39,7.84,7.84
29441,7399,95.65,77.4,0,79.05,16.6,16.21
29442,18069,38.1,474.3,0,19.76,18.34,18.35
29443,5664,61.99,91.4,0,48.91,13.08,13.08
29444,660,47.7,13.8,0,46.2,1.5,1.6
29446,1354,175.66,7.7,0,170.82,4.84,4.15
29447,449,154.9,2.9,0,150.01,4.89,4.57
29449,3508,672.38,5.2,0,644.82,27.56,26.9
29450,895,133.39,6.7,0,121.59,11.8,10.64
29451,512,274.22,1.9,0,265.95,8.27,9.22
29452,1313,269.26,4.9,0,255.8,13.46,13.47
29453,1745,131.65,13.3,0,126.02,5.63,5.63
30201,364154,208.84,1743.7,0,61.58,147.26,146.36
30202,51860,101.06,513.2,0,39.23,61.83,61.72
30203,63621,130.55,487.3,0,72.41,58.14,53.09
30204,28470,36.89,771.8,0,6.66,30.23,30.23
30205,24801,43.91,564.8,0,15.6,28.31,27.75
30206,74770,1026.91,72.8,0,903.28,123.63,110.46
30207,29331,255.23,114.9,0,231.16,24.07,23.18
30208,62616,228.21,274.4,0,107.92,120.29,119.93
30209,53452,38.51,1388,0,14.87,23.64,23.55
30304,9206,128.34,71.7,0,96.59,31.75,32.02
30341,16992,151.69,112,0,100.1,51.59,51.57
30343,4377,44.15,99.1,0,32.88,11.27,11.27
30344,3352,137.03,24.5,0,129.49,7.54,7.49
30361,12200,20.79,586.8,0,7.59,13.2,13.16
30362,7224,65.33,110.6,0,48.32,17.01,15.95
30366,26361,351.84,74.9,0,269.21,82.63,82.66
30381,7480,12.77,585.7,0,5.93,6.84,6.77
30382,7641,46.19,165.4,0,32.26,13.93,15.66
30383,5837,30.94,188.7,0,18.69,12.25,11.75
30390,8068,113.62,71,0,81.17,32.45,31.77
30391,12742,120.28,105.9,0,81.23,39.05,39.05
30392,9776,331.59,29.5,0,289.27,42.32,42.12
30401,21533,200.96,107.2,0,162.73,38.23,37.42
30404,14989,57.37,261.3,0,36.53,20.84,20.28
30406,4127,174.46,23.7,0,161.73,12.73,12.7
30421,15682,183.31,85.5,0,160.55,22.76,22.33
30422,3087,5.81,531.3,0,3.33,2.48,2.73
30424,2826,294.23,9.6,0,281.07,13.16,12.28
30427,446,48.2,9.3,0,44.48,3.72,2.95
30428,16558,135.67,122,0,113.72,21.95,26.08
31201,193717,765.31,253.1,6.99,545.61,212.71,212.71
31202,149313,132.42,1127.6,5.55,24.79,102.08,98.76
31203,49044,272.06,180.3,0,184.72,87.34,88.61
31204,34174,29.02,1177.6,1.89,0.46,26.67,26.67
31302,11485,122.32,93.9,0,99.29,23.03,22.9
31325,3269,199.18,16.4,0,185.42,13.76,10.89
31328,7154,224.7,31.8,0,208.32,16.38,16.71
31329,16985,206.71,82.2,0,165.25,41.46,41.79
31364,6490,233.52,27.8,0,206.62,26.9,26.09
31370,16550,77.94,212.3,4.05,39.49,34.4,34.37
31371,17416,139.97,124.4,0,87.43,52.54,57.31
31372,14820,56.94,260.3,0,14.35,42.59,42.65
31384,3439,4.2,818.8,0,0.11,4.09,4.09
31386,16470,189.83,86.8,0,120.47,69.36,80.12
31389,10950,114.03,96,0,85.35,28.68,28.8
31390,11118,139.44,79.7,0,95.5,43.94,43.31
31401,4765,340.96,14,0,304.3,36.66,36.66
31402,3278,133.98,24.5,0,119.25,14.73,14.72
31403,3004,124.52,24.1,0,101.09,23.43,23.35
32201,206230,572.99,359.9,112.74,290.29,169.96,164.42
32202,58105,690.66,84.1,0,561.01,129.65,145.32
32203,171938,624.36,275.4,22.13,374.23,228,228.59
32204,47718,733.19,65.1,0,633.77,99.42,90.8
32205,35166,435.71,80.7,0,336.48,99.23,89.72
32206,39528,420.93,93.9,23.76,303.09,94.08,96.46
32207,24468,268.24,91.2,0,211.2,57.04,56.08
32209,39032,553.18,70.6,0,437.29,115.89,115
32343,13063,368.01,35.5,0,307.96,60.05,60.05
32386,5031,242.88,20.7,0,210.76,32.12,31.32
32441,3442,106.43,32.3,0,89.87,16.56,16.24
32448,4900,282.92,17.3,0,250.45,32.47,31.39
32449,11101,419.29,26.5,0,362.4,56.89,56.84
32501,7653,307.03,24.9,0,276.53,30.5,30.1
32505,6374,336.5,18.9,0,308.44,28.06,27.93
32525,2353,33.43,70.4,0,25.3,8.13,7.3
32526,3027,55.96,54.1,0,50.55,5.41,5.4
32527,615,13.7,44.9,0,10.51,3.19,2.43
32528,14608,242.83,60.2,0,210.36,32.47,33.37
33101,309484,450.7,686.7,0,269.47,181.23,182.38
33102,146232,51.25,2853.3,0,8.81,42.44,42.11
33103,95577,160.53,595.4,0,52.77,107.76,107.74
33104,168181,127.48,1319.3,0,22.12,105.36,105.28
33202,477118,355.63,1341.6,0,99.54,256.09,255.14
33203,103746,506.33,204.9,0,342.57,163.76,163.76
33204,60736,103.58,586.4,0,60.02,43.56,43.56
33205,50568,136.39,370.8,0,50.83,85.56,85.54
33207,41390,243.54,170,0,155.67,87.87,87.85
33208,66855,211.9,315.5,0,134.05,77.85,78.34
33209,32075,546.99,58.6,0,433.8,113.19,113.02
33210,30658,793.29,38.6,0,692.73,100.56,102.43
33211,35179,258.17,136.3,0,206.64,51.53,51.65
33212,36975,125.45,294.7,0,55.63,69.82,68.92
33213,43214,209.36,206.4,0,131.65,77.71,77.8
33214,46124,828.53,55.7,0,655.19,173.34,167.22
33215,27977,429.29,65.2,0,328.4,100.89,100.79
33216,34235,66.46,515.1,0,29.17,37.29,37.25
33346,14412,144.21,99.9,0,107.84,36.37,36.19
33423,12154,7.62,1595,0,0.89,6.73,6.78
33445,10929,12.23,893.6,0,3.86,8.37,8.34
33461,14201,90.62,156.7,0,58.07,32.55,32.52
33586,866,67.11,12.9,0,61.51,5.6,6.14
33606,12847,419.68,30.6,0,370.01,49.67,49.6
33622,11125,54.05,205.8,0,23.02,31.03,28.96
33623,5906,69.52,85,0,49.71,19.81,19.85
33643,1472,57.97,25.4,0,54.97,3,2.99
33663,4907,78.65,62.4,0,53.85,24.8,26.15
33666,14432,232.17,62.2,0,171.09,61.08,69.41
33681,11950,268.78,44.5,0,211.73,57.05,64.03
34101,136640,15.32,8919.1,0,0.05,15.27,15.27
34102,120155,39.42,3048.1,0,21.3,18.12,18.14
34103,142728,26.3,5426.9,0,3.2,23.1,23.11
34104,190929,35.61,5361.7,0,6.23,29.38,29.36
34105,242512,117.24,2068.5,0,69.59,47.65,47.64
34106,145018,353.33,410.4,0,267.46,85.87,85.74
34107,79353,94.08,843.5,0,67.52,26.56,26.41
34108,136699,225.22,607,0,177.99,47.23,47.14
34202,228552,352.8,647.8,0,195.53,157.27,156.17
34203,26426,118.23,223.5,0,82.67,35.56,35.56
34204,96194,471.55,204,0,312.16,159.39,155.74
34205,138626,285.09,486.3,0,144.78,140.31,140.16
34207,464811,518.14,897.1,0,262.9,255.24,254.96
34208,40069,195.75,204.7,0,151.72,44.03,44.03
34209,53615,778.14,68.9,0,590.32,187.82,184.9
34210,37000,1246.49,29.7,0,1057.65,188.84,185.83
34211,27865,78.66,354.2,0,58.59,20.07,20.07
34212,192907,635.16,303.7,0,399.56,235.6,230.86
34213,114906,489.48,234.8,0,418.97,70.51,70.41
34214,29488,537.75,54.8,0,427.12,110.63,109.8
34215,24339,100.7,241.7,0,56.79,43.91,43.95
34302,51053,10.41,4904.2,0,4.48,5.93,5.93
34304,28667,13.79,2078.8,0,6.44,7.35,7.21
34307,23755,33.76,703.6,0,21.55,12.21,12.01
34309,12747,15.69,812.4,0,7.83,7.86,7.86
34368,6472,341.89,18.9,0,301.56,40.33,40.38
34369,18918,646.2,29.3,0,534.72,111.48,111.49
34431,7992,43.11,185.4,0,15.38,27.73,24.68
34462,16337,278.14,58.7,0,193.19,84.95,84.75
34545,9217,381.98,24.1,0,311.29,70.69,70.69
35201,268517,715.89,375.1,0,473.9,241.99,240.37
35202,169429,286.65,591.1,0,149.81,136.84,143.83
35203,197422,1023.23,192.9,0,776.8,246.43,247.74
35204,49560,698.31,71,0,568.01,130.3,129.72
35206,115942,189.37,612.3,0,98.03,91.34,91.49
35207,55812,89.35,624.6,0,54.04,35.31,35.55
35208,136757,873.72,156.5,0,711.96,161.76,161.04
35210,51369,92.13,557.6,0,49.01,43.12,43.13
35211,35439,357.29,99.2,0,268.8,88.49,86.92
35212,32945,140.05,235.2,0,81.44,58.61,58.61
35213,26159,472.64,55.3,0,361.08,111.56,111.83
35215,144842,656.29,220.7,0,510.43,145.86,147.44
35216,62671,133.09,470.9,0,61.97,71.12,70.91
35305,17199,138.09,124.5,0,73.52,64.57,66.14
35321,6285,10.58,594,0,6.12,4.46,4.46
35341,2803,34.69,80.8,0,22.2,12.49,12.49
35343,15317,50.42,303.8,0,25.61,24.81,24.81
35344,12798,34.58,370.1,0,14.19,20.39,20.53
35502,3463,115.95,29.9,0,98.64,17.31,17.36
36201,258554,191.25,1351.9,0,50.43,140.82,138.94
36202,59101,135.66,435.7,0,71,64.66,60.26
36203,38755,45.37,854.2,0,6.55,38.82,38.36
36204,73019,279.25,261.5,0,150.33,128.92,130.26
36205,41466,144.14,287.7,0,82.86,61.28,65.11
36206,37202,191.11,194.7,0,101.08,90.03,90
36207,30501,367.14,83.1,0,292.1,75.04,75.07
36208,26836,721.42,37.2,0,632.27,89.15,93.39
36301,5301,69.83,75.9,0,47.19,22.64,22.9
36302,1545,109.63,14.1,0,96.99,12.64,15.78
36321,2289,42.28,54.1,0,29.1,13.18,13.59
36341,25590,28.85,887,0,2.37,26.48,26.09
36342,5300,173.3,30.6,0,149.11,24.19,30.44
36368,8402,694.98,12.1,0,659.31,35.67,34.03
36383,4259,56.62,75.2,0,49.35,7.27,7.46
36387,7092,140.8,50.4,0,125.33,15.47,15.69
36388,9283,327.65,28.3,0,299.19,28.46,28.78
36401,15204,14.24,1067.7,0,0.06,14.18,14.18
36402,22446,8.74,2568.2,0,0,8.74,8.74
36403,34626,16.27,2128.2,0,0,16.27,16.27
36404,13358,36.22,368.8,0,16.58,19.64,18.98
36405,12039,34.58,348.1,0,12.15,22.43,21.88
36468,8927,194.84,45.8,0,166.73,28.11,31.73
36489,14638,122.48,119.5,0,96.37,26.11,26.41
37201,420748,375.41,1120.8,0,141.77,233.64,234.32
37202,110010,111.78,984.2,0,30.21,81.57,81.57
37203,53164,92.49,574.8,0,26.18,66.31,66.33
37204,32927,39.93,824.6,0,9.15,30.78,30.13
37205,59409,117.84,504.1,0,43.79,74.05,74.05
37206,50272,158.63,316.9,0,82.19,76.44,75.74
37207,31031,152.83,203,0,103.62,49.21,48.38
37208,65524,222.71,294.2,0,78.27,144.44,143.76
37322,14002,74.37,188.3,0,47.33,27.04,27.04
37324,14862,95.59,155.5,0,69.46,26.13,26.47
37341,27684,75.78,365.3,0,37.22,38.56,38.31
37364,3139,14.22,220.7,0,9.72,4.5,4.54
37386,18952,8.1,2339.8,0,0.89,7.21,7.16
37387,23610,109.75,215.1,0,51.54,58.21,58.34
37403,9186,8.47,1084.5,0,2.03,6.44,6.44
37404,23366,24.38,958.4,0,5.47,18.91,18.82
37406,18377,194.45,94.5,0,132.34,62.11,61.72
38201,514865,429.37,1199.1,0,189.08,240.29,240.23
38202,158114,419.13,377.2,0,223.67,195.46,195.12
38203,77465,468.16,165.5,0,332.22,135.94,130.09
38204,34951,132.68,263.4,0,70.41,62.27,61.96
38205,119903,234.46,511.4,0,170.94,63.52,63.17
38206,108174,509.98,212.1,0,354.78,155.2,155.48
38207,44086,432.22,102,0,315.21,117.01,119.2
38210,36827,194.44,189.4,0,115.07,79.37,80.07
38213,87413,421.24,207.5,0,330.45,90.79,94.27
38214,38919,514.34,75.7,0,385.48,128.86,129.24
38215,34613,211.3,163.8,0,161.18,50.12,49.41
38356,7135,30.38,234.9,0,14.89,15.49,15.5
38386,8447,583.69,14.5,0,518.5,65.19,59.89
38401,30064,20.41,1473,0,0,20.41,20.41
38402,21239,101.59,209.1,0,71.61,29.98,30.07
38422,16742,299.43,55.9,0,230.67,68.76,67.69
38442,9626,93.98,102.4,0,47.52,46.46,46.48
38484,4072,98.45,41.4,0,82.3,16.15,14.78
38488,10705,241.88,44.3,0,206.02,35.86,36.49
38506,21902,238.99,91.6,0,182.97,56.02,55.38
39201,337190,308.99,1091.3,0,172.81,136.18,135.03
39202,13524,248.18,54.5,0,213.57,34.61,44.93
39203,17577,317.21,55.4,0,280.4,36.81,36.78
39204,47982,125.3,382.9,0,60.91,64.39,64.4
39205,27038,91.49,295.5,0,47.99,43.5,42.55
39206,22606,135.44,166.9,0,101.96,33.48,33.45
39208,20907,286.19,73.1,0,238.03,48.16,47.16
39209,13778,266.34,51.7,0,226.99,39.35,36.47
39210,34313,632.29,54.3,0,533.33,98.96,98.43
39211,32961,126.48,260.6,0,71.96,54.52,54.32
39212,27513,537.86,51.2,0,471.28,66.58,66.58
39301,2584,74.06,34.9,0,63.76,10.3,10.27
39302,3326,28.36,117.3,0,21.57,6.79,6.79
39303,2733,6.53,418.5,0,3,3.53,3.43
39304,2631,52.36,50.2,0,42.49,9.87,9.9
39305,1294,196.73,6.6,0,184.24,12.49,12.32
39306,823,165.48,5,0,156.29,9.19,9.11
39307,3858,39.6,97.4,0,29.3,10.3,10.3
39341,3573,134.22,26.6,0,123.37,10.85,10.36
39344,3962,315.06,12.6,0,277.28,37.78,37.28
39363,3997,212.13,18.8,0,184.44,27.69,27.47
39364,396,95.27,4.2,0,90.09,5.18,5.17
39386,22767,470.97,48.3,0,424.64,46.33,46.17
39387,5551,333,16.7,0,297.36,35.64,35.58
39401,6840,193.28,35.4,0,172.35,20.93,23.62
39402,13114,100.8,130.1,0,73.84,26.96,26.92
39403,5795,111.95,51.8,0,93.97,17.98,18.01
39405,3608,236.45,15.3,0,214.31,22.14,22.3
39410,5030,44.85,112.2,0,29.37,15.48,15.44
39411,5794,197.85,29.3,0,176.31,21.54,21.27
39412,17325,642.3,27,0,559.06,83.24,83.24
39424,5095,102.94,49.5,0,81.63,21.31,21.26
39427,1574,85.37,18.4,0,74.03,11.34,10.7
39428,11217,188.59,59.5,0,148.82,39.77,32.26
40101,99637,73.67,1352.5,0,35.36,38.31,38.53
40103,82844,71.31,1161.7,0,16.72,54.59,54.84
40105,59116,16.61,3559.1,0,0.56,16.05,16.05
40106,181878,39.23,4636.2,0,8.13,31.1,31.13
40107,212850,171.74,1239.4,0,94.6,77.14,76.53
40108,68844,36.26,1898.6,0,16.96,19.3,18.95
40109,256117,83.13,3080.9,0,22.75,60.38,60.06
40131,306015,69.36,4412,0,8.98,60.38,60.36
40132,228441,31.63,7222.3,0,2.07,29.56,29.44
40133,192688,15.4,12512.2,0,0.02,15.38,15.37
40134,255797,30.98,8256.8,0,4.93,26.05,26.07
40135,206868,84.17,2457.7,0,30.2,53.97,53.96
40136,130995,15.99,8192.3,0,2.81,13.18,13.14
40137,217877,95.87,2272.6,0,61.86,34.01,33.38
40202,117360,81.45,1440.9,0,17.51,63.94,63.92
40203,304552,229.96,1324.4,0,36.36,193.6,195.3
40204,57146,61.76,925.3,0,21.12,40.64,39.92
40205,129146,214.07,603.3,0,106.45,107.62,107.46
40206,48441,54.55,888,0,15.82,38.73,39
40207,67777,77.15,878.5,0,0,77.15,77.15
40210,64408,482.44,133.5,0,316.66,165.78,165.35
40211,48339,41.78,1157,0,0.07,41.71,41.71
40212,34838,33.62,1036.2,0,0,33.62,33.62
40213,70586,70.05,1007.7,0,12.87,57.18,57.17
40214,25940,111.1,233.5,0,69.18,41.92,41.94
40215,41796,15.96,2618.8,0,0.89,15.07,15.13
40216,57983,45.51,1274.1,0,1.18,44.33,44.1
40217,101081,87.73,1152.2,0,43.38,44.35,44.11
40218,110743,14.15,7826.4,0,0.63,13.52,13.45
40219,99525,26.89,3701.2,0,10.14,16.75,16.64
40220,96516,119.91,804.9,0,50.7,69.21,71.13
40221,72168,29.6,2438.1,0,11.81,17.79,17.83
40223,57959,42.07,1377.7,0,13.77,28.3,28.34
40224,58781,52.76,1114.1,0,13.59,39.17,39.01
40225,29509,117.46,251.2,0,59.23,58.23,56.9
40226,28112,139.99,200.8,0,83.89,56.1,58.28
40227,38743,135.11,286.8,0,77.39,57.72,59.69
40228,52444,246.71,212.6,0,135.45,111.26,127.11
40229,38139,105.21,362.5,0,20.89,84.32,85.32
40230,96475,215.7,447.3,0,98.26,117.44,117.44
40305,50004,74.95,667.2,0,0,74.95,0
40341,37927,30.21,1255.4,0,18.37,11.84,11.81
40342,31210,38.93,801.7,0,26.2,12.73,12.95
40343,45256,8.69,5207.8,0,0.25,8.44,8.54
40344,27263,16.31,1671.6,0,6.27,10.04,10.07
40345,30344,18.93,1603,0,4.94,13.99,14.32
40348,8225,37.44,219.7,0,25.68,11.76,12.05
40349,45360,14.13,3210.2,0,0.72,13.41,13.6
40381,14208,11.6,1224.8,0,2.49,9.11,8.3
40382,28997,11.01,2633.7,0,1.06,9.95,9.95
40383,31580,48.64,649.3,0,26.3,22.34,22.19
40384,18877,22.15,852.2,0,3.79,18.36,18.37
40401,7810,14.18,550.8,0,3.31,10.87,10.86
40402,16007,35.6,449.6,0,12.88,22.72,22.46
40421,13496,20.14,670.1,0,6.16,13.98,14.44
40447,29306,67.1,436.8,0,22.23,44.87,45.29
40448,2174,51.97,41.8,0,44.13,7.84,7.86
40503,15138,22.84,662.8,0,0.09,22.75,22.84
40522,14176,18.44,768.8,0,0,18.44,18.44
40544,20183,37.94,532,0,13.48,24.46,24.52
40601,10861,44.5,244.1,0,28.59,15.91,16.25
40602,9924,132.2,75.1,0,110.46,21.74,21.82
40604,9020,8.04,1121.9,0,2.13,5.91,5.97
40605,16789,36.14,464.6,0,17.61,18.53,19
40608,5176,14.26,363,0,4.41,9.85,9.87
40609,3022,31.98,94.5,0,22.54,9.44,9.51
40610,22871,42.06,543.8,0,16.64,25.42,25.43
40621,34963,48.88,715.3,0,16.92,31.96,32.25
40625,20243,151.34,133.8,0,97.52,53.82,53.73
40642,6627,5.72,1158.6,0,0,5.72,5.73
40646,7458,62.44,119.4,0,39.1,23.34,23.34
40647,18587,119.61,155.4,0,73.05,46.56,46.2
41201,236372,431.84,547.4,0,178.18,253.66,251.49
41202,122785,487.58,251.8,0,254.22,233.36,229.1
41203,72902,71.72,1016.5,0,23.37,48.35,48.21
41204,19749,96.96,203.7,0,48.82,48.14,49.38
41205,55238,255.25,216.4,0,140.34,114.91,115.06
41206,49062,195.4,251.1,0,104.67,90.73,92.1
41207,29684,112.12,264.8,0,53.41,58.71,58.14
41208,44259,95.81,461.9,0,23.84,71.97,71.87
41209,27336,126.41,216.2,0,73.24,53.17,53.09
41210,31842,125.13,254.5,0,58.43,66.7,67.16
41327,16411,43.99,373.1,0,20.16,23.83,23.46
41341,17501,22.15,790.1,0,9.5,12.65,13.69
41345,9283,12.8,725.2,0,1.58,11.22,11.21
41346,25278,51.92,486.9,0,9.14,42.78,42.71
41387,5902,35.92,164.3,0,10.04,25.88,25.49
41401,20148,65.85,306,0,36.76,29.09,29.55
41423,6777,11.5,589.3,0,3.36,8.14,8.61
41424,9583,24.49,391.3,0,3.78,20.71,21.32
41425,23941,99.56,240.5,0,10.67,88.89,89.24
41441,8779,74.3,118.2,0,41.56,32.74,33.11
42201,429508,405.86,1058.3,0,218.34,187.52,186.16
42202,255439,426.06,599.5,0,220.23,205.83,202.66
42203,45436,82.97,547.6,0,35.45,47.52,46.73
42204,138078,341.79,404,0,142.81,198.98,198.05
42205,92757,126.62,732.6,0,59.43,67.19,65.52
42207,31920,235.08,135.8,0,132.41,102.67,102.31
42208,23309,130.55,178.5,0,61.29,69.26,68.26
42209,31457,708.63,44.4,0,632.82,75.81,76.92
42210,27103,139.42,194.4,0,55.82,83.6,82.03
42211,37327,420.05,88.9,0,273.65,146.4,146.49
42212,28691,241.59,118.8,0,135.45,106.14,104.33
42213,44115,214.31,205.8,0,104.05,110.26,109.53
42214,46535,170.11,273.6,0,60.45,109.66,107.99
42307,42548,28.73,1481,0,10.03,18.7,18.56
42308,29804,20.94,1423.3,0,7.9,13.04,12.91
42321,8298,74.29,111.7,0,44.87,29.42,28.61
42322,14067,37.35,376.6,0,21.24,16.11,15.89
42323,14891,56,265.9,0,34.87,21.13,20.96
42383,2560,25.53,100.3,0,14.45,11.08,11.77
42391,13626,32.27,422.2,0,17.78,14.49,14.09
42411,19718,213.94,92.2,0,172.58,41.36,41.09
43101,186300,25.45,7320.2,0,0.42,25.03,#VALUE!
43102,190451,50.19,3794.6,0,2.16,48.03,#VALUE!
43103,93171,89.33,1043,0,24.04,65.29,#VALUE!
43104,127769,110.01,1161.4,0,10.69,99.32,#VALUE!
43105,143131,115.34,1240.9,0,24.57,90.77,#VALUE!
43202,127472,681.36,187.1,0,499.1,182.26,178.77
43203,33880,210.55,160.9,0,158.14,52.41,51.72
43204,53407,57.37,930.9,0,9.17,48.2,47.69
43205,25411,163.29,155.6,0,121.08,42.21,41.77
43206,66782,152.6,437.6,0,26.65,125.95,125.65
43208,52264,299.69,174.4,0,154.31,145.38,144.93
43210,48167,276.85,174,0,150.75,126.1,124.4
43211,37026,74.3,498.3,0,28.45,45.85,45.76
43212,27006,126.91,212.8,0,75.85,51.06,50.87
43213,59756,188.61,316.8,0,59.56,129.05,127.31
43214,27018,376.3,71.8,0,211.04,165.26,164.19
43215,82739,683.78,121,0,463.73,220.05,219.38
43216,58370,53.19,1097.4,0,6.93,46.26,45.99
43348,10333,144,71.8,0,103.98,40.02,36.44
43364,5265,24.33,216.4,0,7.54,16.79,16.69
43367,9786,68.92,142,0,33.82,35.1,34.76
43368,15889,19.43,817.8,0,0.34,19.09,19.09
43369,10191,98.78,103.2,0,51.6,47.18,47.15
43403,33452,99.1,337.6,0,46.28,52.82,47.59
43404,40984,37.46,1094.1,0,3.65,33.81,33.16
43423,4048,115.9,34.9,0,93.51,22.39,22.41
43424,7187,136.94,52.5,0,106.33,30.61,30.49
43425,1510,60.81,24.8,0,42.18,18.63,18.58
43428,6325,175.06,36.1,0,129.88,45.18,41.43
43432,6802,77.22,88.1,0,45.82,31.4,31.33
43433,11503,137.32,83.8,0,74.1,63.22,61.81
43441,17237,99.03,174.1,0,55.53,43.5,43.26
43442,9054,16.65,543.8,0,0,16.65,16.65
43443,33611,65.68,511.7,0,19.76,45.92,44.39
43444,10717,57.93,185,0,25.5,32.43,31.98
43447,15149,544.67,27.8,0,404.95,139.72,136.04
43468,11994,33.36,359.5,0,3.4,29.96,29.98
43482,17661,233.98,75.5,0,182.43,51.55,50.43
43484,4673,34.09,137.1,0,21.74,12.35,12.16
43501,10766,85.04,126.6,0,48.76,36.28,35
43505,9791,165.86,59,0,132.73,33.13,32.63
43506,3985,48.37,82.4,0,35.16,13.21,12.73
43507,2232,190.96,11.7,0,174.25,16.71,5.82
43510,4468,94.54,47.3,0,69.52,25.02,23.11
43511,1055,252.92,4.2,0,241.23,11.69,10.82
43512,3422,121.19,28.2,0,104.87,16.32,14.59
43513,3698,207.58,17.8,0,181.2,26.38,23.11
43514,15523,159.56,97.3,0,105.03,54.53,51.44
43531,7739,67.57,114.5,0,41.49,26.08,26.1
44201,478146,502.39,951.7,0,253.84,248.55,247.92
44202,122138,125.34,974.5,0,81.39,43.95,42.4
44203,83965,491.53,170.8,0,379.29,112.24,108.87
44204,66523,666.03,99.9,0,550.72,115.31,112.65
44205,72211,903.11,80,0,783.38,119.73,113.43
44206,38748,291.2,133.1,0,205.19,86.01,83.93
44207,17969,79.48,226.1,0,49.49,29.99,29.94
44208,22332,477.53,46.8,0,333.62,143.91,135.61
44209,22853,206.24,110.8,0,118.09,88.15,86.38
44210,30185,280.08,107.8,0,162.83,117.25,113.11
44211,56258,439.05,128.1,0,263.66,175.39,174.62
44212,36584,603.14,60.7,0,444.81,158.33,154.24
44213,34262,319.32,107.3,0,229.4,89.92,88.17
44214,28647,318.08,90.1,0,196.49,121.59,122.2
44322,1991,6.98,285.2,0,2.54,4.44,4.43
44341,28058,73.32,382.7,0,31.31,42.01,41.47
44461,9645,271.37,35.5,0,214.11,57.26,45.85
44462,15823,286.51,55.2,0,241.64,44.87,41.46
45201,401138,643.67,623.2,0,353.28,290.39,292.1
45202,165029,653.36,252.6,0,356.34,297.02,293.61
45203,125159,868.02,144.2,0,731.18,136.84,134.95
45204,54090,536.11,100.9,0,423.31,112.8,117.39
45205,46221,562.95,82.1,0,412.03,150.92,151.91
45206,61761,336.93,183.3,0,261.48,75.45,74.96
45207,18779,295.16,63.6,0,227.16,68,72.81
45208,30683,438.79,69.9,0,337.05,101.74,98.98
45209,19538,282.93,69.1,0,205.48,77.45,85.1
45341,25404,110.02,230.9,0,78.71,31.31,30.6
45361,9300,85.39,108.9,0,41.22,44.17,42.05
45382,19606,130.63,150.1,0,77.36,53.27,53.15
45383,7345,95.19,77.2,0,75.23,19.96,19.41
45401,21025,43.8,480,0,8.38,35.42,35.32
45402,17373,61.53,282.4,0,12.32,49.21,48.96
45403,1089,271.51,4,0,259.83,11.68,11.63
45404,5231,145.96,35.8,0,119.11,26.85,25.42
45405,16109,90.12,178.8,0,33.16,56.96,56.68
45406,10391,102.11,101.8,0,63.6,38.51,37.94
45421,18183,120.51,150.9,0,100.8,19.71,19.27
45429,1739,187.56,9.3,0,177.87,9.69,9.81
45430,2808,537.29,5.2,0,514.85,22.44,22.02
45431,5480,448.84,12.2,0,413.74,35.1,34.77
45441,12755,237.54,53.7,0,199.79,37.75,33.02
45442,3946,277.67,14.2,0,250.91,26.76,23.41
45443,3887,171.73,22.6,0,151.25,20.48,19.76
46201,599814,547.55,1095.5,0,295.19,252.36,249.32
46203,103608,448.15,231.2,0,231.99,216.16,219.22
46204,22046,74.78,294.8,0,34.02,40.76,40.76
46206,21198,134.29,157.9,0,81.86,52.43,54.96
46208,53758,329.98,162.9,0,211.13,118.85,118.92
46210,41831,148.84,281,12.11,58.13,78.6,79.67
46213,15967,205.66,77.6,0,120.69,84.97,80.71
46214,15520,162.12,95.7,0,124.66,37.46,38.25
46215,96076,682.92,140.7,0,449.3,233.62,232.8
46216,49249,253.01,194.7,0,147.06,105.95,105.6
46217,36557,390.11,93.7,0,230.13,159.98,159.05
46218,125857,603.18,208.7,0,404.13,199.05,194.38
46219,29282,112.3,260.7,0,68.85,43.45,41.71
46220,35439,283.59,125,0,166.99,116.6,116.21
46221,31479,290.28,108.4,0,157.11,133.17,132.43
46222,43156,308.27,140,0,245.69,62.58,62.38
46223,36352,357.91,101.6,0,189.43,168.48,176.35
46224,26810,392.56,68.3,0,274.82,117.74,113.89
46225,75173,231.25,325.1,0,150.49,80.76,80.83
46303,407,31.4,13,0,28.19,3.21,2.49
46304,756,101.14,7.5,0,73.66,27.48,25.94
46392,22400,303.9,73.7,0,197.14,106.76,89.34
46404,10431,116.13,89.8,0,68.23,47.9,46.93
46452,10327,144.29,71.6,0,100.36,43.93,43.27
46468,13241,100.67,131.5,0,35.87,64.8,64.1
46482,6530,27.78,235.1,0,3.39,24.39,24.16
46490,7923,163.19,48.6,0,122.95,40.24,40.12
46491,7542,213.57,35.3,0,167.28,46.29,49.51
46492,15664,308.1,50.8,0,247,61.1,60.89
46501,8135,137.18,59.3,0,59.95,77.23,73
46502,5745,110.36,52.1,0,61.33,49.03,44.92
46505,12913,540.48,23.9,0,477.86,62.62,54.46
46523,1530,88.26,17.3,0,79.05,9.21,9.21
46524,1722,103.07,16.7,0,93.8,9.27,9.14
46525,9042,239.65,37.7,0,205.64,34.01,31.92
46527,5806,81.82,71,0,66.87,14.95,18.64
46529,7212,56.82,126.9,0,10.76,46.06,46.23
46530,11160,104.92,106.4,0,55.6,49.32,47.81
46531,5975,80.4,74.3,0,39.42,40.98,41.67
46532,6362,62.71,101.5,0,16.44,46.27,44.66
46533,6783,40.39,167.9,0,2.44,37.95,37.95
46534,6213,53.3,116.6,0,6.24,47.06,46.06
46535,5186,20.58,252,0,0.88,19.7,19.75
47201,319435,39.57,8072.7,0,0.32,39.25,39.24
47205,96243,19.8,4860.8,0,1.14,18.66,18.66
47207,47564,229.34,207.4,0,113.51,115.83,115.72
47208,114232,19.48,5864.1,0,0.71,18.77,18.68
47209,61674,210.9,292.4,0,137.74,73.16,73.35
47210,58547,46.62,1255.8,0,5.81,40.81,40.97
47211,139279,49.72,2801.3,0,8.49,41.23,41.16
47212,61119,19.6,3118.3,0,1.19,18.41,18.52
47213,118898,87.01,1366.5,0,13.77,73.24,73.24
47214,51186,204.2,250.7,0,32.34,171.86,171.84
47215,42016,49.94,841.3,0,9.03,40.91,41.25
47301,4908,194.8,25.2,0,165.07,29.73,30.45
47302,3060,63.55,48.2,0,48.87,14.68,15.09
47303,1720,81.88,21,0,59.34,22.54,22.98
47306,9531,39.93,238.7,0,13.91,26.02,26.26
47308,13536,54.35,249.1,0,20.92,33.43,33.19
47311,10652,50.82,209.6,0,29.59,21.23,20.85
47313,5597,31.3,178.8,0,15.56,15.74,15.74
47314,11232,37.84,296.8,0,20.23,17.61,17.61
47315,4260,22.78,187,0,1.67,21.11,21.13
47324,39504,35.28,1119.7,0,8.71,26.57,26.57
47325,13685,15.12,905.1,0,2.62,12.5,12.5
47326,28308,13.93,2032.2,0,0.95,12.98,12.91
47327,16148,11.54,1399.3,0,1.97,9.57,9.68
47328,19454,15.53,1252.7,0,2.58,12.95,12.83
47329,34508,15.9,2170.3,0,2.31,13.59,13.87
47348,18410,5.18,3554.1,0,0.68,4.5,4.55
47350,37502,10.76,3485.3,0,0.61,10.15,10.24
47353,730,19.23,38,0,17.33,1.9,2.56
47354,870,16.74,52,0,13.52,3.22,3.22
47355,759,7.65,99.2,0,3.17,4.48,4.48
47356,430,3.87,111.1,0,2.42,1.45,1.45
47357,1329,30.53,43.5,0,8.54,21.99,21.99
47358,629,13.09,48.1,0,3.97,9.12,9.12
47359,1238,21.82,56.7,0,12.64,9.18,9.18
47360,1517,15.42,98.4,0,3.82,11.6,11.6
47361,7755,63.65,121.8,0,23.74,39.91,39.97
47362,29066,26.96,1078.1,0,2,24.96,24.99
47375,1194,21.99,54.3,0,6.11,15.88,15.88
47381,3998,334.39,12,0,277.86,56.53,56.53
47382,1843,28.96,63.6,0,17.2,11.76,12.19
