CODE,POPULATION,NOCOMMUTE,COMMUTE_JP,COMMUTE_UNK,POP_DAY,WORKER,UNKNOWN
dummy,,,,,,,
01101,248680,71371,120864,399,396646,268830,56046
01102,289323,88872,149553,1001,275317,135547,49897
01103,265379,82151,132787,825,251666,119074,49616
01104,211835,63598,106072,799,205691,99928,41366
01105,225298,68695,115285,772,194625,84612,40546
01106,135777,49904,65139,552,121482,50844,20182
01107,217040,70104,110366,785,192358,85684,35785
01108,125083,45303,62459,378,115443,52819,16943
01109,142625,51100,71621,496,123558,52554,19408
01110,112355,37945,57701,495,97378,42724,16214
01202,251084,92562,126028,512,257568,132512,31982
01203,111299,48382,52616,199,114479,55796,10102
01204,329306,127911,174014,246,331123,175831,27135
01205,82383,34138,42110,89,90235,49962,6046
01206,165077,60152,82264,108,166088,83275,22553
01207,166536,50083,83820,281,173640,90924,32352
01208,115480,37875,57745,94,115363,57628,19766
01209,7334,3712,3446,2,7684,3796,174
01210,79306,31226,40514,147,77508,38716,7419
01211,35759,12572,20108,29,36370,20719,3050
01212,20114,7800,10850,21,20502,11238,1443
01213,170113,55598,88739,314,170056,88682,25462
01214,33563,11938,19035,5,33638,19110,2585
01215,20413,8723,10820,43,20168,10575,827
01216,12555,6002,6070,15,12296,5811,468
01217,121056,43127,66155,352,109357,54456,11422
01218,9698,4898,4608,13,10132,5042,179
01219,21215,7630,11067,15,21344,11196,2503
01220,17858,6493,9930,43,17838,9910,1392
01221,27282,9467,16058,17,27317,16093,1740
01222,8040,4113,3757,11,8173,3890,159
01223,24636,8549,14485,15,24759,14608,1587
01224,97950,30050,57203,257,101842,61095,10440
01225,39490,13912,20890,111,38626,20026,4577
01226,16486,6973,8870,16,17083,9467,627
01227,2989,1677,1305,2,2666,982,5
01228,20039,8226,10923,31,20252,11136,859
01229,21131,7343,12630,23,21813,13312,1135
01230,46391,19408,24230,64,39948,17787,2689
01231,70331,25088,40338,110,65391,35398,4795
01233,32826,13027,17451,93,31165,15790,2255
01234,58171,21543,30800,184,59352,31981,5644
01235,56869,19832,27628,238,61820,32579,9171
01236,44302,16221,25576,52,39973,21247,2453
01303,15916,5483,9244,55,16052,9380,1134
01304,3044,984,1793,7,3385,2134,260
01331,6260,3234,2947,7,6089,2776,72
01332,3794,1879,1801,13,3643,1650,101
01333,4167,1495,2458,5,4190,2481,209
01334,3832,1802,1822,14,3777,1767,194
01337,27686,12373,14494,79,24489,11297,740
01343,3760,1599,2136,6,3713,2089,19
01345,14338,5796,8381,23,14351,8394,138
01346,15826,5633,9218,22,16060,9452,953
01347,5109,1988,2973,6,5260,3124,142
01361,7428,2985,4052,19,7955,4579,372
01362,4306,1937,2320,13,3954,1968,36
01363,3592,1384,2198,3,3709,2315,7
01364,3403,1528,1859,1,3018,1474,15
01367,2410,960,1448,0,2430,1468,2
01370,5072,1937,2965,3,5092,2985,167
01371,7398,3166,4194,3,7362,4158,35
01391,1356,617,727,2,1288,659,10
01392,2838,1194,1601,5,2930,1693,38
01393,2791,1205,1545,8,2842,1596,33
01394,4568,1582,2664,16,4372,2468,306
01395,5074,1569,3018,9,5198,3142,478
01396,2045,667,1360,1,2098,1413,17
01397,1911,461,1440,2,2262,1791,8
01398,2156,786,1217,2,2120,1181,151
01399,2941,986,1706,9,2960,1725,240
01400,15129,4503,9175,16,16164,10210,1435
01401,5772,1889,3676,3,5401,3305,204
01402,11648,4710,6524,20,10870,5746,394
01403,1569,649,910,4,2507,1848,6
01404,870,419,450,1,839,419,0
01405,1831,750,1033,6,1745,947,42
01406,2745,1146,1481,4,2731,1467,114
01407,3180,1140,1970,3,3444,2234,67
01408,18000,7422,9756,18,17256,9012,804
01409,1165,341,818,1,1336,989,5
01423,7319,2645,4265,33,6658,3604,376
01424,5120,2218,2852,5,5406,3138,45
01425,2841,1609,1215,4,2615,989,13
01427,4822,1748,2998,3,4897,3073,73
01428,10289,3347,6244,35,10492,6447,663
01429,11272,4374,6506,17,11125,6359,375
01430,3691,1920,1699,4,4053,2061,68
01431,1732,654,1059,8,1784,1111,11
01432,6484,2479,3557,19,6050,3123,429
01433,2693,1124,1560,5,2750,1617,4
01434,2329,963,1322,6,2251,1244,38
01436,2389,919,1466,0,2488,1565,4
01437,1724,694,1027,1,1782,1085,2
01438,2909,1100,1776,4,2907,1774,29
01452,6567,2371,3950,19,5799,3182,227
01453,10127,3498,6038,35,8483,4394,556
01454,6319,2420,3767,14,5800,3248,118
01455,3520,1377,2129,8,3088,1697,6
01456,2605,1103,1455,11,2653,1503,36
01457,3500,1466,2033,1,3717,2250,0
01458,8314,3002,5252,22,8277,5215,38
01459,9668,3752,5784,23,9779,5895,109
01460,10348,3394,6535,22,10106,6293,397
01461,4733,1632,2977,6,4499,2743,118
01462,2376,868,1463,4,2459,1546,41
01463,1306,309,938,1,1501,1133,58
01464,3192,1235,1944,4,3130,1882,9
01465,2926,1017,1901,3,2846,1821,5
01468,3126,1244,1799,6,3231,1904,77
01469,4145,1600,2512,4,4248,2615,29
01470,706,203,478,1,756,528,24
01471,1528,553,934,0,1583,989,41
01472,1370,474,889,1,1452,971,6
01481,3908,1628,2229,11,3653,1974,40
01482,2994,1125,1852,0,2912,1770,17
01483,2936,1107,1788,6,2965,1817,35
01484,6548,2622,3909,6,6510,3871,11
01485,1080,408,672,0,1070,662,0
01486,2520,892,1606,3,2509,1595,19
01487,2950,993,1922,2,3052,2024,33
01511,2611,748,1834,1,2663,1886,28
01512,3448,1277,2099,3,3557,2208,69
01513,1637,635,989,4,1590,942,9
01514,7565,2634,4900,5,7516,4851,26
01516,3974,1284,2553,3,3994,2573,134
01517,2509,653,1848,0,2564,1903,8
01518,2004,645,1356,0,2050,1402,3
01519,2458,797,1635,2,2438,1615,24
01520,2371,729,1633,4,2492,1754,5
01543,18697,7233,11298,23,17725,10326,143
01544,4373,1854,2325,7,4765,2717,187
01545,11418,4113,6689,14,11645,6916,602
01546,3883,1512,2277,3,3771,2165,91
01547,4623,1634,2880,6,4572,2829,103
01549,4677,1643,3017,9,4510,2850,8
01550,2775,1220,1552,1,2829,1606,2
01552,4875,1839,3013,4,4984,3122,19
01555,19241,7933,10677,15,19024,10460,616
01559,8270,3125,5085,7,8412,5227,53
01560,2421,1048,1347,1,2397,1323,25
01561,3628,1228,2226,6,3801,2399,168
01562,1053,427,621,1,1039,607,4
01563,4199,1359,2772,7,4157,2730,61
01564,6775,2164,4170,17,6957,4352,424
01571,3821,1592,2145,3,3697,2021,81
01575,2743,1159,1510,4,3105,1872,70
01578,16212,7460,7666,20,16914,8368,1066
01581,4432,1511,2821,4,5176,3565,96
01584,8442,3443,4329,40,8755,4642,630
01585,7340,2876,4437,6,8073,5170,21
01586,7651,2754,4712,21,7868,4929,164
01601,11279,4034,7227,3,11206,7154,15
01602,4776,1489,3245,7,4909,3378,35
01604,5309,1795,3481,3,5120,3292,30
01607,12074,4453,7541,41,12416,7883,39
01608,4043,1577,2450,4,3792,2199,12
01609,4374,1308,3001,6,4364,2991,59
01610,21517,8288,12398,20,21656,12537,811
01631,43576,14804,25622,91,37310,19356,3059
01632,5848,1820,3825,11,6509,4486,192
01633,4778,1570,2862,12,5047,3131,334
01634,5266,1624,3426,9,5316,3476,207
01635,5817,2120,3483,12,5922,3588,202
01636,9094,3249,5403,16,9416,5725,426
01637,18048,5408,11304,74,18402,11658,1262
01638,3884,1180,2564,13,4207,2887,127
01639,3080,867,2123,4,3135,2178,86
01641,5420,1880,3521,2,5683,3784,17
01642,6387,2256,3759,7,6309,3681,365
01643,25766,9014,15291,95,22033,11558,1366
01644,6294,2594,3606,6,6137,3449,88
01645,3022,1136,1850,14,3116,1944,22
01646,6618,2542,3957,12,6771,4110,107
01647,6563,2446,3966,3,6682,4085,148
01648,2264,884,1366,4,2314,1416,10
01649,4387,1638,2705,1,4482,2800,43
01661,19105,6748,10574,42,17772,9241,1741
01662,8892,2876,5942,5,8788,5838,69
01663,5507,1353,4059,10,5596,4148,85
01664,7230,2452,4455,11,7299,4524,312
01665,6955,2572,3873,10,7007,3925,500
01667,2558,966,1521,1,2577,1540,70
01668,7289,3096,4171,5,7482,4364,17
01691,14380,4056,9666,10,15091,10377,648
01692,23010,7214,15117,26,22256,14363,653
01693,5023,1613,3282,13,5169,3428,115
01694,4722,1337,3185,11,4750,3213,189
02201,275192,102192,152604,262,278910,156322,20134
02202,168466,54121,96854,354,179790,108178,17137
02203,223415,82987,127438,247,233149,137172,12743
02204,31946,11639,19659,64,29842,17555,584
02205,51415,20057,28775,86,52374,29734,2497
02206,60378,20468,35132,110,60654,35408,4668
02207,39152,12697,22940,59,40284,24072,3456
02208,54103,21128,29431,68,52910,28238,3476
02209,30934,11382,17985,80,29188,16239,1487
02210,30567,11061,19059,21,27224,15716,426
02301,10126,3900,5959,12,9147,4980,255
02303,2334,1270,1033,4,2311,1010,27
02304,2540,1042,1493,1,2278,1231,4
02307,5401,2686,2634,6,5322,2555,75
02321,9044,4126,4861,12,8602,4419,45
02323,7346,3582,3684,5,7094,3432,75
02343,1265,442,774,8,1076,585,41
02361,14573,5131,9384,13,11922,6733,45
02362,8665,3387,4847,37,7199,3381,394
02367,7326,2595,4597,7,6257,3528,127
02381,12700,3935,8310,26,11180,6790,429
02384,12074,4579,7408,27,10785,6119,60
02387,9657,4519,5077,11,9029,4449,50
02401,12374,4849,6925,30,11474,6025,570
02402,14556,5476,8855,18,13991,8290,207
02405,10447,3599,6540,35,8929,5022,273
02406,4229,1622,2596,2,4172,2539,9
02408,16428,5888,10192,32,14699,8463,316
02411,10367,2807,7227,19,17715,14575,314
02412,24273,8034,14950,47,20373,11050,1242
02423,4718,1852,2802,7,5027,3111,57
02424,5955,2200,3722,8,5809,3576,25
02425,1636,687,928,5,1432,724,16
02426,1788,813,901,5,1675,788,69
02441,9082,3530,5311,15,8957,5186,226
02442,16042,6068,9934,13,14262,8154,27
02443,4968,1831,3118,9,4816,2966,10
02445,16809,6304,10348,30,14329,7868,127
02446,13496,4609,7761,118,10500,4765,1008
02450,2197,766,1402,8,2066,1271,21
03201,289731,94896,171872,548,302356,184497,22415
03202,50369,20695,27666,54,51241,28538,1954
03203,34728,13032,19920,71,35699,20891,1705
03205,93193,32107,56419,293,89651,52877,4374
03206,93045,28322,54145,198,98358,59458,10380
03207,33043,12477,19169,88,33951,20077,1309
03208,25366,9470,15338,35,24672,14644,523
03209,111932,40881,67181,200,111866,67115,3670
03210,18262,7468,10481,42,17023,9242,271
03211,32078,13645,17209,27,34529,19660,1197
03213,25513,9083,15839,48,25986,16312,543
03214,24023,9077,14581,38,23614,14172,327
03215,112937,38886,69250,185,109296,65609,4616
03216,55579,17344,35598,162,47016,27035,2475
03301,15731,5646,9705,73,14827,8801,307
03302,5634,2499,3084,7,5462,2912,44
03303,12285,4696,7521,23,11278,6514,45
03321,32147,10180,20240,139,26191,14284,1588
03322,28056,8580,18293,37,31885,22122,1146
03366,5134,2133,2983,7,5070,2919,11
03381,15535,4619,10101,46,17981,12547,769
03402,7252,2668,4508,20,6534,3790,56
03441,5045,2198,2835,10,4773,2563,2
03461,11004,4735,5932,26,9780,4708,311
03482,14320,6172,7988,21,12994,6662,139
03483,8726,3828,4838,12,9009,5121,48
03484,3059,1242,1784,2,3065,1790,31
03485,2487,998,1379,20,2385,1277,90
03501,8421,3201,5147,13,7942,4668,60
03503,3936,1623,2243,11,3536,1843,59
03506,5378,2063,3287,11,5330,3239,17
03507,15091,6431,8639,8,13131,6679,13
03524,11494,4665,6742,12,11476,6724,75
04101,311590,89786,171921,540,407568,267899,49343
04102,196732,54643,110167,477,215970,129405,31445
04103,141475,39802,78747,571,140555,77827,22355
04104,234758,76800,129082,708,195382,89706,28168
04105,212149,71874,119421,522,192717,99989,20332
04202,140151,51448,76676,329,143201,79726,11698
04203,52203,19810,27315,213,47588,22700,4865
04205,61147,23370,32995,126,61887,33735,4656
04206,32758,11814,18536,121,32783,18561,2287
04207,78718,24922,45317,261,75136,41735,8218
04208,27976,10598,15865,131,29154,17043,1382
04209,62827,19027,33582,298,57382,28137,9920
04211,44068,13816,24093,343,44643,24668,5816
04212,76037,26444,45157,366,72356,41476,4070
04213,64637,24266,37249,240,63422,36034,2882
04214,39098,14235,22122,43,33158,16182,2698
04215,127330,43875,76375,318,123969,73014,6762
04216,51651,15159,33015,187,40880,22244,3290
04301,11418,4023,6716,35,11123,6421,644
04302,1262,532,727,0,1366,831,3
04321,23571,8169,13599,45,22098,12126,1758
04322,10666,4038,6251,18,10275,5860,359
04323,38271,14089,23063,73,34072,18864,1046
04324,8345,2981,5075,35,7649,4379,254
04341,12262,4850,6329,123,11441,5508,960
04361,33087,11796,19213,93,27194,13320,1985
04362,12046,5123,6381,76,11410,5745,466
04401,13323,5647,7322,33,11900,5899,321
04404,18132,6816,10501,41,12168,4537,774
04406,35182,11252,21299,120,30589,16706,2511
04421,28786,8798,17468,70,33858,22540,2450
04422,7813,3050,4426,44,7996,4609,293
04424,5849,1815,3386,68,10700,8237,580
04444,6698,2189,4221,25,6210,3733,263
04445,21943,7652,14203,13,20516,12776,75
04501,15388,5901,9157,20,14125,7894,310
04505,23994,8814,13859,128,20756,10621,1193
04581,6430,2475,3812,8,8132,5514,135
04606,12225,4749,7104,48,12150,7029,324
05201,307672,108407,169121,340,319150,180599,29804
05202,49968,21274,27006,55,52303,29341,1633
05203,85555,32325,51851,88,87510,53806,1291
05204,69237,27562,38528,58,70324,39615,3089
05206,25154,11249,12525,58,23843,11214,1322
05207,42091,16429,24428,94,42272,24609,1140
05209,29088,11304,16980,45,28176,16068,759
05210,74707,27601,44388,64,74024,43705,2654
05211,31720,12221,17419,57,26425,12124,2023
05212,77657,28942,45826,122,76761,44930,2767
05213,30198,13277,16362,46,29890,16054,513
05214,23435,9204,13521,57,22807,12893,653
05215,24610,9695,14445,47,24294,14129,423
05303,4780,2183,2572,1,5305,3097,24
05327,2063,1056,975,2,1915,827,30
05346,2896,1317,1565,8,2479,1148,6
05348,15254,6235,8631,34,13417,6794,354
05349,6577,2754,3693,14,5725,2841,116
05361,8538,3806,4577,10,7983,4022,145
05363,5583,2408,3093,8,4782,2292,74
05366,4566,1922,2584,3,4160,2178,57
05368,3011,524,2449,2,3582,3020,36
05434,18613,6776,11281,76,16014,8682,480
05463,13825,5080,8457,41,12217,6849,247
05464,2704,878,1779,1,2473,1548,46
06201,247590,80046,141935,370,263518,157863,25239
06202,81252,25935,49371,108,86575,54694,5838
06203,122347,42311,73861,116,123233,74747,6059
06204,100273,36840,59130,135,103651,62508,4168
06205,34432,11759,20479,93,38084,24131,2101
06206,40189,13549,25491,70,39335,24637,1079
06207,29110,11028,16762,100,27658,15310,1220
06208,22516,8338,13739,53,20992,12215,386
06209,26543,9399,15816,172,27104,16377,1156
06210,62140,21154,39617,194,60031,37508,1175
06211,47682,14716,29914,154,49103,31335,2898
06212,14971,5305,9147,56,14709,8885,463
06213,30420,10705,18978,54,28263,16821,683
06301,13725,4871,8353,85,10180,4808,416
06302,10746,3920,6561,33,7884,3699,232
06321,17641,6188,10915,64,16088,9362,474
06322,4956,1971,2908,14,4233,2185,63
06323,6366,2330,3981,12,5619,3234,43
06324,7646,2775,4778,16,7004,4136,77
06341,6577,2404,4135,7,5503,3061,31
06361,5071,1787,3218,18,4226,2373,48
06362,8080,2952,5010,34,7245,4175,84
06363,5007,2055,2918,3,4367,2278,31
06364,7203,2852,4330,6,6259,3386,15
06365,3028,1043,1956,14,2512,1440,15
06366,3902,1349,2525,5,3458,2081,23
06367,4199,1652,2407,36,3497,1705,104
06381,22463,7373,14633,36,19639,11809,421
06382,14558,5354,8909,37,14003,8354,258
06401,7107,2788,4193,11,7188,4274,115
06402,12890,4737,7961,24,11453,6524,168
06403,6613,2322,4225,14,6265,3877,52
06426,7601,2769,4684,9,8553,5636,139
06428,20151,7259,12622,49,16861,9332,221
06461,13032,5106,7841,9,10921,5730,76
07201,282693,94160,154597,489,290714,162618,33447
07202,117376,37272,65374,263,123606,71604,14467
07203,327692,101160,181108,626,339929,193345,44798
07204,332931,119777,177363,429,327435,171867,35362
07205,59491,19730,34465,174,60182,35156,5122
07207,74992,23246,42902,390,70923,38833,8454
07208,44760,15950,25615,162,42360,23215,3033
07209,34865,11327,20072,168,34385,19592,3298
07210,53557,18775,32329,133,50861,29633,2320
07211,35169,12790,21446,122,32313,18590,811
07212,59005,22463,30438,201,59781,31214,5903
07213,58240,20695,34819,126,52114,28693,2600
07214,30236,9937,18213,180,30962,18939,1906
07301,11459,4197,6775,38,10836,6152,449
07303,8639,3438,5050,27,7671,4082,124
07308,12170,4678,6335,67,11989,6154,1090
07322,8900,2814,5617,24,7067,3784,445
07342,12318,3863,7407,67,11619,6708,981
07344,5194,1903,3266,10,4768,2840,15
07362,5264,2048,3080,26,4875,2691,110
07364,504,173,331,0,537,364,0
07367,4044,1623,2384,10,4048,2388,27
07368,14451,5531,8493,24,14531,8573,403
07402,2556,778,1730,13,2508,1682,35
07405,5770,2411,3327,5,5373,2930,27
07407,3322,1297,1939,16,4340,2957,70
07408,13552,5098,7980,46,12388,6816,428
07421,15068,5405,9574,16,14015,8521,73
07422,3081,973,1982,17,2569,1470,109
07423,3081,1223,1807,9,2937,1663,42
07444,1452,740,707,2,1502,757,3
07445,1862,987,864,1,1999,1001,10
07446,1246,613,631,0,1283,668,2
07447,19014,7114,11390,91,15555,7931,419
07461,20808,6641,12147,109,20679,12018,1911
07464,6213,2350,3525,25,7479,4791,313
07465,4885,1454,3386,17,4236,2737,28
07466,17287,6082,9961,35,17441,10115,1209
07481,13343,4586,8011,77,13273,7941,669
07482,5392,2100,3261,8,5249,3118,23
07483,8302,2885,4996,46,8170,4864,375
07484,3049,1034,1992,6,2561,1504,17
07501,14644,4951,8637,86,14590,8583,970
07502,6392,2000,4042,54,5832,3482,296
07503,5826,1918,3809,26,5060,3043,73
07504,6036,2059,3823,14,5061,2848,140
07505,4825,1693,2953,19,4244,2372,160
07521,17018,5605,9872,141,15241,8095,1400
07522,9471,3585,5753,36,8836,5118,97
07541,5412,1538,3115,30,6624,4327,729
07542,3710,1578,1770,14,5369,3429,348
07543,2128,423,1332,5,4334,3538,368
07544,2044,782,942,7,2258,1156,313
07545,847,89,748,0,4985,4886,10
07546,0,0,0,0,997,997,0
07547,1923,517,1053,6,3894,3024,347
07548,420,150,248,3,810,638,19
07561,7905,2864,4758,39,7261,4114,244
07564,1318,677,502,10,2230,1414,129
08201,270685,88825,153077,596,295673,178065,28187
08202,174508,66805,90773,191,185583,101848,16739
08203,142074,46951,77689,364,155055,90670,17070
08204,139344,44511,79233,983,132261,72150,14617
08205,73061,22920,38182,543,68362,33483,11416
08207,50645,17304,29799,244,47075,26229,3298
08208,76420,25275,41647,299,68010,33237,9199
08210,42521,13174,25497,243,41805,24781,3607
08211,60834,19098,35539,436,62548,37253,5761
08212,48602,19815,27230,208,41370,19998,1349
08214,27699,11324,14924,56,25802,13027,1395
08215,41801,15629,22915,195,39633,20747,3062
08216,73173,24462,41090,438,67187,35104,7183
08217,104524,36901,52290,717,93616,41382,14616
08219,84651,29327,45670,539,73549,34568,9115
08220,241656,63896,143634,867,254873,156851,33259
08221,156581,51904,89655,430,152640,85714,14592
08222,66950,24517,35504,125,70557,39111,6804
08223,27604,9584,15154,176,23952,11502,2690
08224,68421,21571,39999,218,57936,29514,6633
08225,39267,14204,21522,272,37315,19570,3269
08226,53502,18764,30114,327,46175,22787,4297
08227,100753,34103,57149,503,97062,53458,8998
08228,52265,16144,33334,102,48752,29821,2685
08229,39039,13511,21471,349,38254,20686,3708
08230,40087,13574,24729,90,34360,19002,1694
08231,39122,13785,22614,233,34998,18490,2490
08232,95454,27596,55333,266,99679,59558,12259
08233,32185,10736,20407,121,29320,17542,921
08234,45953,13130,26468,375,42479,22994,5980
08235,49872,16070,29375,375,44185,23688,4052
08236,48870,14849,29364,386,47969,28463,4271
08302,31401,11097,18968,101,29503,17070,1235
08309,15715,5298,9076,43,15774,9135,1298
08310,18097,6024,10304,188,14309,6516,1581
08341,37891,12735,22573,153,37688,22370,2430
08364,15736,6558,8821,40,14926,8011,317
08442,14602,5221,8136,45,14298,7832,1200
08443,48553,16022,28963,117,45476,25886,3451
08447,8231,3095,4751,47,6623,3143,338
08521,21026,6556,13340,121,19191,11505,1009
08542,8093,2577,4752,97,12145,8804,667
08546,24201,6939,14613,265,23838,14250,2384
08564,15340,6934,7537,29,11528,3725,840
09201,518757,152463,268394,1253,535910,285547,96647
09202,144746,50678,82386,582,139278,76918,11100
09203,155549,55333,91308,419,149917,85676,8489
09204,116228,41226,68076,300,115777,67625,6626
09205,94033,32483,58231,214,91763,55961,3105
09206,77661,27427,44558,262,74206,41103,5414
09208,166666,50407,95536,872,166913,95783,19851
09209,78190,24998,48097,206,76697,46604,4889
09210,72087,20749,42244,315,76069,46226,8779
09211,31165,11510,18210,60,29511,16556,1385
09213,115210,34537,66980,366,108819,60589,13327
09214,44513,16618,27126,155,40959,23572,614
09215,24875,9957,14791,40,23688,13604,87
09216,59507,18939,37220,197,54539,32252,3151
09301,30806,9053,19259,76,30706,19159,2418
09342,21898,7055,13108,181,18111,9321,1554
09343,11891,4762,6989,24,10590,5688,116
09344,11262,3411,7045,58,10253,6036,748
09345,14961,4596,9059,70,30033,24131,1236
09361,39474,13044,24178,123,36735,21439,2129
09364,24913,9323,13946,107,21568,10601,1537
09384,10354,3738,6142,58,8904,4692,416
09386,29229,8515,17384,148,24695,12850,3182
09407,23956,8794,12780,166,25387,14211,2216
09411,15215,5827,9230,29,13808,7823,129
10201,332149,108777,188592,914,345559,202002,33866
10202,372973,120690,217669,1139,378922,223618,33475
10203,106445,37069,59419,411,105101,58075,9546
10204,211850,62890,124432,1075,206747,119329,23453
10205,223014,66596,127382,880,240298,144666,28156
10206,45337,15056,27266,160,44211,26140,2855
10207,75309,25789,45421,172,72354,42466,3927
10208,74581,26591,42708,430,72441,40568,4852
10209,63261,22241,38106,176,60431,35276,2738
10210,47446,17177,28408,141,49092,30054,1720
10211,54907,20617,31395,257,51691,28179,2638
10212,49648,16176,30334,186,43450,24136,2952
10344,14216,4430,9142,60,11216,6142,584
10345,21792,6623,13277,99,16825,8310,1793
10366,1128,492,634,2,1151,657,0
10367,1645,952,689,2,1727,771,2
10382,6576,2880,3571,22,6273,3268,103
10383,1611,937,662,3,1488,539,9
10384,12491,4070,7610,123,10635,5754,688
10421,15386,5959,9105,16,14513,8232,306
10424,5095,1576,3169,25,5526,3600,325
10425,8850,2778,5820,27,8699,5669,225
10426,6049,1855,3639,8,6543,4133,547
10428,3511,1306,2176,9,3000,1665,20
10429,12728,4621,7662,35,12521,7455,410
10443,3993,1255,2663,8,3903,2573,67
10444,3480,1395,2003,15,3520,2043,67
10448,6953,1868,4880,51,6988,4915,154
10449,17195,6454,10367,47,16353,9525,327
10464,36054,10845,22046,157,32591,18583,3006
10521,14083,4295,8869,72,14135,8921,847
10522,10882,3758,6673,42,11960,7751,409
10523,10861,3631,6379,114,12314,7832,737
10524,42089,13768,24567,130,41962,24440,3624
10525,25522,9183,15113,193,24020,13611,1033
11101,93499,30492,47470,657,81076,35047,14880
11102,149242,42783,81357,829,135171,67286,24273
11103,117784,34474,64006,778,161249,107471,18526
11104,165049,52328,82125,846,136870,53946,29750
11105,103269,28550,55552,506,103692,55975,18661
11106,98661,26064,51592,647,84905,37836,20358
11107,164822,46332,91453,1130,162467,89098,25907
11108,191563,52586,104361,1489,146280,59078,33127
11109,128321,37430,71248,859,103402,46329,18784
11110,111815,37231,55161,704,114368,57714,18719
11201,354571,104233,183153,1990,343052,171634,65195
11202,194415,66896,110223,695,189466,105274,16601
11203,594274,163307,324582,4786,490197,220505,101599
11206,78617,27122,44617,419,72909,38909,6459
11207,59674,23147,34117,111,57673,32116,2299
11208,342464,102659,177113,1932,298938,133587,60760
11209,80361,28902,44707,349,73398,37744,6403
11210,111623,36993,64006,586,106419,58802,10038
11211,78569,25317,44382,479,79878,45691,8391
11212,91791,30230,49505,514,94194,51908,11542
11214,229792,74195,120358,1858,196819,87385,33381
11215,148699,52959,79172,1008,141364,71837,15560
11216,52862,18408,30466,316,51712,29316,3672
11217,116828,40966,66074,652,94696,43942,9136
11218,141268,46154,82855,584,133595,75182,11675
11219,226940,72589,126455,1703,189660,89175,26193
11221,248304,65819,126697,1947,210429,88822,53841
11222,341621,105542,186422,2257,298114,142915,47400
11223,74283,20450,38919,758,61066,25702,14156
11224,140899,33825,79430,1175,129201,67732,26469
11225,145651,49410,79955,656,129463,63767,15630
11227,141083,36295,77782,1024,116982,53681,25982
11228,75346,23832,40591,487,59930,25175,10436
11229,83989,20662,48317,780,72463,36791,14230
11230,166017,46912,85589,1702,146065,65637,31814
11231,74748,26766,43116,475,62763,31131,4391
11232,150582,49683,81105,1282,141711,72234,18512
11233,65201,22968,35302,594,53822,23923,6337
11234,93363,24587,49525,939,87711,43873,18312
11235,111859,31291,58992,1076,84357,31490,20500
11237,142145,41941,74978,1351,128520,61353,23875
11238,61499,23123,33674,234,51632,23807,4468
11239,100275,34358,53781,380,92650,46156,11756
11240,50066,19135,26742,314,44576,21252,3875
11241,70117,21911,37073,538,59006,25962,10595
11242,54571,19338,30684,310,53611,29724,4239
11243,71979,20697,40388,702,59025,27434,10192
11245,113597,34800,60169,880,93778,40350,17748
11246,52214,17882,30394,379,41711,19891,3559
11301,44841,13319,26435,201,43432,25026,4886
11324,38434,12808,20765,351,43913,26244,4510
11326,35366,13857,18806,39,33387,16827,2664
11327,11029,3989,6227,84,10051,5249,729
11341,19732,6283,11529,111,18658,10455,1809
11342,17889,6208,10023,157,18565,10699,1501
11343,28524,11301,15979,173,24181,11636,1071
11346,19378,6652,11037,204,21159,12818,1485
11347,18192,6411,11019,72,16800,9627,690
11348,13560,6090,6662,106,13161,6263,702
11349,10540,3899,6145,74,9811,5416,422
11361,7979,3121,4676,5,6598,3295,177
11362,9302,3724,5312,47,8421,4431,219
11363,6807,2532,3772,66,5960,2925,437
11365,10928,4093,6533,59,10336,5941,243
11369,2709,1101,1394,33,2361,1046,181
11381,11039,4209,6279,66,11778,7018,485
11383,13359,4473,7548,74,12055,6244,1264
11385,30343,9630,17729,206,26471,13857,2778
11408,32374,11821,18616,188,32134,18376,1749
11442,34147,12292,18509,241,27806,12168,3105
11464,43845,15944,24354,380,40043,20552,3167
11465,28266,8943,15955,382,22461,10150,2986
12101,211736,57577,105916,819,258877,153057,47424
12102,177328,53905,90614,1368,141585,54871,31441
12103,160582,49335,83250,842,150682,73350,27155
12104,146940,50683,73314,809,128104,54478,22134
12105,129421,38846,69898,887,104899,45376,19790
12106,148944,44686,78265,834,172522,101843,25159
12202,58431,22511,32323,147,57920,31812,3450
12203,496676,128831,271918,3823,401213,176455,92104
12204,642907,188551,347481,3815,542642,247216,103060
12205,45153,17793,23202,108,46470,24519,4050
12206,136166,43229,74260,529,133208,71302,18148
12207,498232,147578,259220,3842,410359,171347,87592
12208,152638,49996,82964,1097,144223,74549,18581
12210,86782,32193,45833,326,82590,41641,8430
12211,132906,38093,77181,469,161969,106244,17163
12212,168743,60270,89116,1085,144765,65138,18272
12213,58219,19657,31992,167,57978,31751,6403
12215,63745,21389,38005,195,59766,34026,4156
12216,176197,52544,100118,1253,159155,83076,22282
12217,426468,131907,223471,2416,391317,188320,68674
12218,16927,7112,9227,51,16194,8494,537
12219,269524,84769,139268,1386,256438,126182,44101
12220,199849,62763,105776,963,157255,63182,30347
12221,199498,62614,107229,1331,170814,78545,28324
12222,130510,43954,64469,777,106108,40067,21310
12223,32116,11261,18195,92,33281,19360,2568
12224,109932,34826,54855,736,88724,33647,19515
12225,82206,27474,46393,438,80600,44787,7901
12226,42465,14631,22634,296,40178,20347,4904
12227,171362,40953,98556,910,164509,91703,30943
12228,93576,33831,46867,356,78056,31347,12522
12229,63883,20997,35559,284,60982,32658,7043
12230,67455,20847,37071,531,57212,26828,9006
12231,102609,31964,58710,598,92936,49037,11337
12232,62441,19936,35763,352,52208,25530,6390
12233,49735,14638,28138,352,43060,21463,6607
12234,35831,14959,19814,136,32434,16417,922
12235,35040,11875,18339,212,33447,16746,4614
12236,72356,26024,40615,417,66671,34930,5300
12237,48444,17225,27398,281,43370,22324,3540
12238,35544,16383,18608,102,31847,14911,451
12239,48129,16455,25956,473,36853,14680,5245
12322,20745,7438,11332,101,17936,8523,1874
12329,20127,8014,10793,70,15282,5948,1250
12342,5816,2321,3064,101,5060,2308,330
12347,13735,4521,8542,58,13957,8764,614
12349,13228,4953,7730,75,10916,5418,470
12403,14639,5180,7461,123,12871,5693,1875
12409,7033,2388,4140,25,11332,8439,480
12410,22075,7723,12025,241,19350,9300,2086
12421,11897,4104,6664,66,10565,5332,1063
12422,6760,3009,3717,9,5663,2620,25
12423,13803,5121,7687,67,11307,5191,928
12424,10305,4132,5823,24,8556,4074,326
12426,6721,2979,3524,18,7191,3994,200
12427,7198,3317,3828,13,7188,3818,40
12441,8885,3880,4690,73,9569,5374,242
12443,6874,3369,3151,46,5942,2219,308
12463,6993,2871,3968,29,6077,3052,125
13101,66680,12064,32334,244,903780,869434,22038
13102,169179,36147,90688,642,633390,554899,41702
13103,260486,51775,103684,689,972673,815871,104338
13104,349385,64728,135555,1392,793528,579698,147710
13105,240069,50987,122913,1032,353648,236492,65137
13106,211444,41864,97503,1059,307176,193235,71018
13107,272085,61626,141377,1576,281971,151263,67506
13108,524310,125369,266216,2362,633813,375719,130363
13109,422488,96507,219576,1963,582156,379244,104442
13110,288088,62098,131617,1298,301801,145330,93075
13111,748081,175118,386635,3355,722027,360581,182973
13112,943664,219978,458484,4321,854838,369658,260881
13113,243883,46557,102899,985,551344,410360,93442
13114,344880,71877,155765,1562,325767,136652,115676
13115,591108,135380,286655,2502,498067,193614,166571
13116,301599,59962,135067,1411,412070,245538,105159
13117,355213,87143,165896,2191,332018,142701,99983
13118,217475,51753,107311,1497,193640,83476,56914
13119,584483,141535,266291,3251,523358,205166,173406
13120,752608,186177,372385,4273,601359,221136,189773
13121,695043,168635,305778,4575,619375,230110,216055
13122,453093,124619,221290,3262,376832,145029,103922
13123,697932,168335,349230,5021,571717,223015,175346
13201,579355,176138,290905,2447,574070,285620,109865
13202,183581,51822,88602,820,207832,112853,42337
13203,150149,38559,75636,632,162221,87708,35322
13204,195391,50287,98043,1122,175413,78065,45939
13205,133535,44755,64973,805,120804,52242,23002
13206,262790,71639,139459,1397,249891,126560,50295
13207,113949,34266,59896,828,105988,51935,18959
13208,242614,60110,119994,1141,215825,93205,61369
13209,431079,132648,220459,2482,389137,178517,75490
13210,126074,32908,64388,671,110012,48326,28107
13211,198739,54710,95694,866,176977,73932,47469
13212,190435,53219,94227,960,168522,72314,42029
13213,151815,46425,75373,1149,124202,47760,28868
13214,129242,34416,65224,701,110258,46240,28901
13215,77130,21088,40408,494,73548,36826,15140
13218,56414,15267,26058,344,51695,21339,14745
13219,84772,23406,44220,682,62979,22427,16464
13220,83901,27342,43533,639,67364,26996,12387
13221,76208,24459,36580,559,65931,26303,14610
13222,115271,36976,56233,927,95619,36581,21135
13223,70829,19868,31153,724,67567,27891,19084
13224,146951,46341,76085,875,146247,75381,23650
13225,93151,26438,51056,598,74976,32881,15059
13227,54326,16964,28674,311,51710,26058,8377
13228,79292,26099,41608,657,67342,29658,10928
13229,207388,59401,105090,1114,167697,65399,41783
13303,31765,9696,16711,332,35317,20263,5026
13305,16958,7131,8232,82,17760,9034,1513
13307,2003,896,1002,11,2133,1132,94
13308,4750,2350,2316,4,4925,2491,80
13361,7102,2566,4448,2,7276,4622,86
13362,327,56,266,0,351,290,5
13363,2441,807,1619,1,2451,1629,14
13364,1855,559,1280,4,1857,1282,12
13381,2273,858,1388,1,2345,1460,26
13382,323,79,242,1,330,249,1
13401,7042,2385,4150,4,7133,4241,503
13402,169,27,141,0,205,177,1
13421,2929,529,2378,0,3021,2470,22
14101,297437,74218,157020,1620,266213,125796,64579
14102,247267,62722,130398,1158,244746,127877,52989
14103,104935,26039,57539,425,199589,152193,20932
14104,151388,39138,69329,663,242204,160145,42258
14105,198157,55698,96008,1233,160600,58451,45218
14106,207811,61686,105732,930,174848,72769,39463
14107,166731,51799,87341,1098,139664,60274,26493
14108,198939,65692,105002,899,193074,99137,27346
14109,358530,91170,195910,1575,330958,168338,69875
14110,283709,91360,154932,1313,245012,116235,36104
14111,215248,70198,109091,1387,174862,68705,34572
14112,245174,82753,123762,1603,200238,78826,37056
14113,183082,55821,101234,930,150048,68200,25097
14114,122623,40158,61832,880,102517,41726,19753
14115,120194,41868,59401,729,99497,38704,18196
14116,152378,52941,81128,793,119956,48706,17516
14117,310756,90435,170887,1589,248048,108179,47845
14118,213132,56964,124435,997,203901,115204,30736
14131,232965,55331,117438,1441,270642,155115,58755
14132,171119,48790,95060,1196,163160,87101,26073
14133,263683,60377,153485,1660,219767,109569,48161
14134,234328,58003,126002,1250,192337,84011,49073
14135,221734,54088,118726,1289,175337,72329,47631
14136,233728,61863,125810,1389,174215,66297,44666
14137,180705,53341,94203,794,146939,60437,32367
14151,170207,51970,89206,1037,153256,72255,27994
14152,273875,78112,142259,1291,253174,121558,52213
14153,281411,83335,145699,1542,238789,103077,50835
14201,388078,139463,202214,1472,357706,171842,44929
14203,258422,81066,130470,1074,255152,127200,45812
14204,172710,59125,90816,925,167884,85990,21844
14205,436905,134501,238215,2192,405999,207309,61997
14206,188856,59830,102330,833,183931,97405,25863
14207,242389,76691,125711,1268,197099,80421,38719
14208,57060,20319,29984,382,46568,19492,6375
14210,42069,16115,21805,249,36860,16596,3900
14211,162439,56610,86406,956,142491,66458,18467
14212,223705,69310,121959,721,259057,157311,31715
14213,239169,67996,115789,1443,209220,85840,53941
14214,101780,30874,55423,483,97238,50881,15000
14215,136516,43659,73613,764,128095,65192,18480
14216,132325,38693,64410,840,116203,48288,28382
14217,40841,15898,23825,95,35489,18473,1023
14218,83913,26285,42719,478,80529,39335,14431
14301,31665,11087,17239,224,24625,10199,3115
14321,48348,15813,27250,292,45799,24701,4993
14341,31634,11956,17053,236,25154,10573,2389
14342,27564,10892,14784,144,20793,8013,1744
14361,9300,3422,5383,57,12013,8096,438
14362,17129,5625,10066,71,14687,7624,1367
14363,10836,3705,5959,84,10468,5591,1088
14364,9761,3739,5695,26,9691,5625,301
14366,18329,6427,11358,73,15723,8752,471
14382,11293,2979,6610,33,17307,12624,1671
14383,6722,2946,3498,21,5126,1902,257
14384,23426,9562,12211,74,20636,9421,1579
14401,39869,13199,23254,120,40936,24321,3296
14402,3038,1388,1588,3,2876,1426,59
15101,72804,24447,41839,318,70513,39548,6200
15102,134446,46607,75287,224,124337,65178,12328
15103,180345,57111,102425,270,232902,154982,20539
15104,67972,24269,40068,206,67440,39536,3429
15105,75069,26348,42623,333,64612,32166,5765
15106,43437,13450,26334,255,42089,24986,3398
15107,160656,55720,91915,313,146281,77540,12708
15108,54546,18267,31686,334,51272,28412,4259
15202,266936,91849,156800,269,273428,163292,18018
15204,94642,31825,58146,264,98577,62081,4407
15205,81526,30938,46638,94,83010,48122,3856
15206,94927,33416,56312,286,91958,53343,4913
15208,34096,11616,20317,96,34141,20362,2067
15209,25441,9777,15268,37,23740,13567,359
15210,49820,17862,30821,75,48692,29693,1062
15211,39237,14150,23952,99,34729,19444,1036
15212,57418,22784,34072,55,55745,32399,507
15213,77201,25025,48967,220,77226,48992,2989
15216,40765,15975,23721,33,40426,23382,1036
15217,30383,11456,17821,54,29391,16829,1052
15218,47625,17477,28644,125,42772,23791,1379
15222,188047,64802,112002,294,188219,112174,10949
15223,40696,14047,24296,159,36996,20596,2194
15224,51492,20169,30415,52,51500,30423,856
15225,34483,12627,20712,127,32847,19076,1017
15226,54851,18185,34731,87,55163,35043,1848
15227,28509,10702,16990,64,28326,16807,753
15307,14259,4561,9051,67,18510,13302,580
15342,7705,2430,5026,21,6688,4009,228
15361,11227,4458,6600,16,8799,4172,153
15385,9965,4682,5177,22,9491,4703,84
15405,4113,1728,2350,2,3610,1847,33
15461,7767,2911,4374,17,8686,5293,465
15482,8989,3206,5671,14,8989,5671,98
15504,4380,1589,2676,12,4379,2675,103
15581,5144,1986,3121,8,4427,2404,29
15586,353,53,297,0,356,300,3
16201,413938,132892,250223,630,436841,273126,30193
16202,166393,54831,96865,585,165976,96448,14112
16204,40535,13577,22540,254,40199,22204,4164
16205,43950,16510,25264,215,37722,19036,1961
16206,32349,10289,20386,124,30426,18463,1550
16207,39638,13515,24452,92,41960,26774,1579
16208,48154,15083,30802,110,45431,28079,2159
16209,28983,10327,17773,89,29020,17810,794
16210,47937,17143,30065,102,46935,29063,627
16211,90742,29680,56617,235,87129,53004,4210
16321,3132,858,2244,7,2213,1325,23
16322,19351,7265,11677,43,17184,9510,366
16323,24792,8231,15492,112,20741,11441,957
16342,23839,8739,14318,80,21428,11907,702
16343,11081,4723,6291,18,9570,4780,49
17201,463254,134633,268514,877,497783,303043,59230
17202,50300,18721,29459,107,52447,31606,2013
17203,106216,33219,65952,223,107410,67146,6822
17204,24608,9792,13620,26,24741,13753,1170
17205,12929,6059,6765,10,13048,6884,95
17206,63220,21644,37143,118,61556,35479,4315
17207,20407,8164,11737,42,20393,11723,464
17209,34889,11411,22006,65,30870,17987,1407
17210,110408,35236,71664,269,108140,69396,3239
17211,48523,14452,31917,89,46095,29489,2065
17212,57238,14862,36141,188,52274,31177,6047
17324,6135,1758,4353,14,5710,3928,10
17361,36957,10730,24022,115,28093,15158,2090
17365,26574,8015,16236,87,20046,9708,2236
17384,18630,7729,10831,7,18279,10480,63
17386,12121,4655,7262,22,10454,5595,182
17407,16540,6192,9902,73,13798,7160,373
17461,7890,3710,3959,15,8252,4321,206
17463,15687,7203,8378,28,15059,7750,78
18201,262328,79954,160521,536,286221,184414,21317
18202,64264,20913,38763,59,64809,39308,4529
18204,28991,9318,16639,49,29319,16967,2985
18205,31286,10472,19692,118,28812,17218,1004
18206,22150,7706,13401,107,20341,11592,936
18207,68302,20391,43001,212,62965,37664,4698
18208,27524,9106,16848,57,26754,16078,1513
18209,80611,24866,51074,160,83782,54245,4511
18210,88481,26869,56464,181,79056,47039,4967
18322,18965,5623,12425,52,16781,10241,865
18382,2423,931,1461,7,2157,1195,24
18404,10002,3720,6140,20,7702,3840,122
18423,20118,6995,12593,55,16677,9152,475
18442,9179,3191,5714,19,9797,6332,255
18481,10326,3044,6424,43,11340,7438,815
18483,7910,2547,5093,17,8232,5415,253
18501,14003,4962,8769,22,13242,8008,250
19201,189591,58485,104779,762,214429,129617,25565
19202,46530,14378,28004,61,45962,27436,4087
19204,31016,9228,17928,65,30251,17163,3795
19205,33435,10716,20441,71,30636,17642,2207
19206,22512,9246,12003,96,20745,10236,1167
19207,29067,9819,18178,51,31588,20699,1019
19208,69459,20840,43465,245,61592,35598,4909
19209,44053,16026,25186,143,45656,26789,2698
19210,75313,23950,45141,160,58828,28656,6062
19211,66947,18386,41291,319,61627,35971,6951
19212,22669,8770,13166,35,22354,12851,698
19213,29237,8767,18306,114,26871,15940,2050
19214,31216,8688,18098,119,32257,19139,4311
19346,14700,5767,8347,41,13199,6846,545
19364,1098,415,680,1,1366,948,2
19365,10663,4828,5746,6,10920,6003,83
19366,7156,3050,4075,18,6284,3203,13
19368,14219,5210,8421,35,12704,6906,553
19384,20909,5777,12895,50,26190,18176,2187
19422,1607,563,1018,3,1355,766,23
19423,4041,1402,2542,7,3010,1511,90
19424,9237,2460,6378,36,10771,7912,363
19425,5179,1691,3286,14,5482,3589,188
19429,2824,943,1810,7,2851,1837,64
19430,26082,7825,17002,25,25821,16741,1230
19442,684,283,398,0,691,405,3
19443,530,239,289,1,506,265,1
20201,372760,112566,218477,752,383757,229474,40965
20202,241145,73052,142982,512,255115,156952,24599
20203,154055,50595,90404,264,156464,92813,12792
20204,47790,17748,28576,78,47033,27819,1388
20205,98164,30727,60946,222,102005,64787,6269
20206,48729,16471,29488,135,51928,32687,2635
20207,49559,16922,29905,137,48427,28773,2595
20208,40991,14175,22891,116,39887,21787,3809
20209,66125,20623,40891,250,66677,41443,4361
20210,32202,9961,20132,103,33443,21373,2006
20211,42338,12693,27505,141,42301,27468,1999
20212,26029,9051,14073,73,26714,14758,2832
20213,19539,6601,12480,82,19539,12480,376
20214,56400,17523,33743,104,55259,32602,5030
20215,67241,22065,43211,74,66280,42250,1891
20217,98199,31253,56643,163,97468,55912,10140
20218,58852,21223,34734,80,54812,30694,2815
20219,30122,10566,17689,78,28906,16473,1789
20220,94222,30953,56574,428,87061,49413,6267
20303,4353,1632,2604,22,4547,2798,95
20304,4344,846,3478,7,4372,3506,13
20305,3242,780,2400,11,3598,2756,51
20306,962,328,607,5,794,439,22
20307,752,277,461,3,634,343,11
20309,10218,3661,6038,63,8496,4316,456
20321,19188,6231,10047,44,23358,14217,2866
20323,15555,4749,9392,39,13692,7529,1375
20324,6612,2213,4194,29,6233,3815,176
20349,4121,1661,2397,12,3384,1660,51
20350,5600,2210,3351,8,4885,2636,31
20361,19155,7320,10947,56,17889,9681,832
20362,14084,4969,8685,51,15205,9806,379
20363,7680,2453,5003,37,6556,3879,187
20382,18555,7073,11057,53,18056,10558,372
20383,24989,7748,15223,66,24279,14513,1952
20384,9004,3055,5847,11,8448,5291,91
20385,15797,4560,10254,28,14269,8726,955
20386,4651,1428,3217,2,3762,2328,4
20388,8569,2601,5603,28,8312,5346,337
20402,12530,3794,8601,42,11896,7967,93
20403,12811,3616,8535,41,11320,7044,619
20404,4299,1717,2472,14,4447,2620,96
20407,6068,2001,4054,6,6237,4223,7
20409,387,120,261,1,363,237,5
20410,852,346,501,2,815,464,3
20411,3545,1046,2482,7,2945,1882,10
20412,548,183,347,0,565,364,18
20413,1178,624,534,3,1179,535,17
20414,1542,568,966,5,1326,750,3
20415,5973,1914,4015,8,5038,3080,36
20416,6426,1845,4527,23,5594,3695,31
20417,1023,327,676,3,1119,772,17
20422,4131,1555,2540,6,4103,2512,30
20423,3915,1414,2416,9,3868,2369,76
20425,2692,1000,1634,13,2273,1215,45
20429,715,256,448,1,710,443,10
20430,3439,1289,2048,22,3322,1931,80
20432,10584,3658,6526,20,11247,7189,380
20446,2593,1102,1481,5,2227,1115,5
20448,1639,605,998,12,1407,766,24
20450,8400,2302,5349,65,7212,4161,684
20451,4279,1280,2806,13,3660,2187,180
20452,4149,1724,2371,18,3364,1586,36
20481,9382,3494,5629,25,8724,4971,234
20482,9599,3273,6150,13,7245,3796,163
20485,8575,2594,5186,9,8607,5218,786
20486,2647,912,1539,14,2648,1540,182
20521,14004,5121,8646,32,15029,9671,205
20541,10660,3423,7139,29,9042,5521,69
20543,6617,2106,4464,17,5417,3264,30
20561,11352,3701,7235,42,9965,5848,374
20562,4375,1362,2617,33,3875,2117,363
20563,3279,1105,2044,16,3035,1800,114
20583,7739,2842,4787,22,7225,4273,88
20588,2215,810,1381,12,1816,982,12
20590,10296,3301,6847,19,8338,4889,129
20602,1660,670,961,7,1648,949,22
21201,402557,123409,230917,1730,411497,239857,46501
21202,158286,53527,93719,416,163768,99201,10624
21203,84419,26203,55227,91,85345,56153,2898
21204,106732,36631,61344,400,96784,51396,8357
21205,85283,27351,53077,203,87254,55048,4652
21206,76570,25444,45722,162,75477,44629,5242
21207,19247,6701,11673,82,20224,12650,791
21208,37150,12066,21986,146,35022,19858,2952
21209,65649,19027,38091,372,57394,29836,8159
21210,47774,16561,28973,138,46943,28142,2102
21211,56689,17178,35098,102,55378,33787,4311
21212,55348,18559,32881,192,53195,30728,3716
21213,144521,47457,82094,534,136598,74171,14436
21214,99968,31435,53050,386,96289,49371,15097
21215,25280,9033,15497,81,22143,12360,669
21216,56388,15783,34338,233,46187,24137,6034
21217,22538,8378,14018,9,21833,13313,133
21218,32928,10419,19823,132,33062,19957,2554
21219,38997,13993,24430,31,38276,23709,543
21220,30428,10855,18401,42,30297,18270,1130
21221,32735,10398,19890,215,29117,16272,2232
21302,25881,7540,15065,72,24949,14133,3204
21303,22208,7615,12663,70,20146,10601,1860
21341,26882,9546,15793,126,24418,13329,1417
21361,26402,9407,15557,77,23558,12713,1361
21362,6610,2580,3901,18,6498,3789,111
21381,18585,6564,11438,52,15885,8738,531
21382,9654,2790,6186,37,9431,5963,641
21383,14355,4761,9001,44,12526,7172,549
21401,19529,7345,11403,70,19037,10911,711
21403,22041,7056,13708,149,17890,9557,1128
21404,23360,7557,14543,38,20089,11272,1222
21421,18139,5520,10656,31,14773,7290,1932
21501,8071,2482,4810,72,7668,4407,707
21502,5626,1778,3319,34,5900,3593,495
21503,9860,3390,6277,34,7928,4345,159
21504,3402,1352,1827,27,2997,1422,196
21505,10195,3969,6006,16,9492,5303,204
21506,7412,2980,4371,15,6997,3956,46
21507,2016,741,1275,0,1862,1121,0
21521,17516,6027,10580,75,16200,9264,834
21604,1511,415,1092,2,1549,1130,2
22101,249297,82383,144786,527,270866,166355,21601
22102,213026,63759,126214,522,214124,127312,22531
22103,231066,76656,134729,534,228207,131870,19147
22131,235240,77427,143814,210,249152,157726,13789
22132,129356,42006,80888,219,126138,77670,6243
22133,108160,36311,68366,133,97536,57742,3350
22134,99769,33354,62551,189,96652,59434,3675
22135,92688,30759,59013,85,98481,64806,2831
22136,98779,32983,62591,169,89910,53722,3036
22137,26726,11921,14377,20,25897,13548,408
22203,189386,61911,98505,421,204356,113475,28549
22205,34208,14534,15968,54,37413,19173,3652
22206,107783,37899,64518,113,103237,59972,5253
22207,128105,42663,76915,200,122282,71092,8327
22208,65491,26739,32388,97,63019,29916,6267
22209,95719,31988,59993,187,88727,53001,3551
22210,245392,82550,145147,399,242701,142456,17296
22211,166672,53063,100870,418,171086,105284,12321
22212,136845,45775,83658,364,128682,75495,7048
22213,114954,37354,72148,131,115361,72555,5321
22214,141342,47606,86423,450,130492,75573,6863
22215,86614,25392,52883,119,86611,52880,8220
22216,87864,26676,56241,135,86696,55073,4812
22219,20183,8152,11294,12,20917,12028,725
22220,50911,16913,31265,76,52141,32495,2657
22221,57885,19011,36815,80,65179,44109,1979
22222,28190,10987,15893,100,26940,14643,1210
22223,31103,9787,19778,69,30129,18804,1469
22224,47789,14442,30550,155,45103,27864,2642
22225,46804,16443,26865,122,44990,25051,3374
22226,43502,13009,28082,106,49988,34568,2305
22301,11488,5018,6350,8,11159,6021,112
22302,6870,2927,3891,17,6485,3506,35
22304,7877,3690,4004,16,7500,3627,167
22305,6038,2815,3148,13,5675,2785,62
22306,7090,3343,3621,19,7000,3531,107
22325,36794,13859,21725,62,29640,14571,1148
22341,31710,10188,19894,94,30482,18666,1534
22342,43336,13567,26844,96,40942,24450,2829
22344,18568,6035,12164,36,19420,13016,333
22424,28919,8154,18399,83,30423,19903,2283
22429,6206,2503,3685,5,6061,3540,13
22461,17457,5854,11197,28,17691,11431,378
23101,165245,46314,88532,767,177394,100681,29632
23102,84392,23688,44823,191,126399,86830,15690
23103,162956,47489,81267,915,148326,66637,33285
23104,151082,41651,82034,842,157456,88408,26555
23105,138599,40059,69203,560,239848,170452,28777
23106,93100,18288,43459,281,294608,244967,31072
23107,107599,30374,58425,420,121955,72781,18380
23108,108332,32773,60114,522,107992,59774,14923
23109,66957,19240,35135,251,87830,56008,12331
23110,220728,61132,115783,1313,194572,89627,42500
23111,143715,45975,73860,507,164696,94841,23373
23112,134510,41248,67316,687,135989,68795,25259
23113,176587,53952,95430,882,153225,72068,26323
23114,248802,75002,138230,1261,198195,87623,34309
23115,164755,47352,89718,741,141161,66124,26944
23116,164817,48709,88897,668,144372,68452,26543
23201,371920,110219,223180,1003,361317,212577,37518
23202,384654,113658,229719,1193,365085,210150,40084
23203,380073,115129,206790,1586,334135,160852,56568
23204,127792,41649,72012,659,116028,60248,13472
23205,117884,37043,68808,438,118122,69046,11595
23206,308681,96686,175641,1020,281390,148350,35334
23207,184661,57610,116047,705,172462,103848,10299
23208,60942,20133,35774,248,57394,32226,4787
23209,72458,20831,44869,296,71348,43759,6462
23210,153834,41996,88981,499,186355,121502,22358
23211,422330,121910,250301,1100,469093,297064,49019
23212,187990,52763,107743,687,199391,119144,26797
23213,169046,51434,104016,625,164217,99187,12971
23214,79538,25764,49066,196,74404,43932,4512
23215,73090,24930,42249,310,70270,39429,5601
23216,58710,17423,33741,226,61339,36370,7320
23217,98255,31123,56390,604,82300,40435,10138
23219,148831,43774,83448,573,176255,110872,21036
23220,134751,43273,80726,740,129117,75092,10012
23221,44355,14717,27378,167,43444,26467,2093
23222,113787,32548,67996,378,115790,69999,12865
23223,93123,26855,54929,321,95861,57667,11018
23224,84364,27824,48631,354,65854,30121,7555
23225,72193,21017,43344,196,59934,31085,7636
23226,83144,26850,48603,397,66903,32362,7294
23227,46106,12527,28529,250,42551,24974,4800
23228,47983,13994,25690,316,39048,16755,7983
23229,69295,21783,38813,343,65892,35410,8356
23230,91520,25692,54333,309,83994,46807,11186
23231,59360,15228,40200,178,64278,45118,3754
23232,60829,20584,37580,223,49231,25982,2442
23233,67352,19741,38730,423,62295,33673,8458
23234,86385,25427,48819,550,77622,40056,11589
23235,43025,13025,25428,234,42653,25056,4338
23236,61952,17512,39111,267,62638,39797,5062
23237,86126,27371,49737,739,71995,35606,8279
23238,60162,15813,36202,223,63489,39529,7924
23302,43903,13407,26314,238,36275,18686,3944
23342,15613,4187,9511,104,19886,13784,1811
23361,24305,7869,14930,102,33351,23976,1404
23362,34133,11150,20399,193,26748,13014,2391
23424,32399,8646,18263,242,24592,10456,5248
23425,37338,10783,21640,291,30409,14711,4624
23427,4575,1388,2912,15,12923,11260,260
23441,28383,9764,16648,87,24679,12944,1884
23442,49596,16170,29167,229,41183,20754,4030
23445,16617,5645,9974,105,15744,9101,893
23446,22496,7102,13661,78,20456,11621,1655
23447,43535,13321,25698,166,37528,19691,4350
23501,42449,12866,26965,122,39668,24184,2496
23561,4437,1904,2467,11,4823,2853,55
23562,2942,1329,1527,7,2865,1450,79
23563,1017,456,558,1,1081,622,2
24201,274537,90515,153877,728,282357,161697,29417
24202,305424,86085,162762,974,319793,177131,55603
24203,122765,40493,68596,521,122959,68790,13155
24204,159145,51921,91134,712,152292,84281,15378
24205,138613,41938,81265,666,128564,71216,14744
24207,195670,58506,112672,772,185194,102196,23720
24208,76387,27779,43881,280,67501,34995,4447
24209,16252,7015,8237,16,16734,8719,984
24210,49835,14744,28201,278,49763,28129,6612
24211,17525,5959,10255,79,18578,11308,1232
24212,15965,7403,8199,13,16254,8488,350
24214,44973,13384,27799,236,49654,32480,3554
24215,46057,17947,24382,135,43015,21340,3593
24216,88766,27212,50550,393,94910,56694,10611
24303,6023,1714,3498,78,5732,3207,733
24324,25784,8998,15051,143,22435,11702,1592
24341,40559,12538,24052,224,34317,17810,3745
24343,11021,3067,7072,63,9164,5215,819
24344,15123,4214,9247,66,14396,8520,1596
24441,14021,4977,8409,70,14650,9038,565
24442,22445,8213,12954,445,19812,10321,833
24443,8668,3519,4698,41,8320,4350,410
24461,15041,4815,9263,106,14515,8737,857
24470,7847,2966,4574,44,6142,2869,263
24471,7815,3730,3990,14,7049,3224,81
24472,10989,5427,5208,60,10362,4581,294
24543,14604,6481,7594,41,14118,7108,488
24561,8079,3132,4846,14,7732,4499,87
24562,10321,4059,5572,70,9000,4251,620
25201,345070,108230,184534,1500,313359,152823,50806
25202,113647,34371,67172,408,113885,67410,11696
25203,113636,36233,69102,277,110884,66350,8024
25204,81122,26428,47720,441,73849,40447,6533
25206,143913,39143,76812,683,153844,86743,27275
25207,83236,25088,50009,234,74903,41676,7905
25208,68820,19581,41095,371,67551,39826,7773
25209,88358,26917,51593,386,89014,52249,9462
25210,50513,16337,29657,207,52035,31179,4312
25211,54460,16346,32145,241,53106,30791,5728
25212,46377,17155,27011,120,44050,24684,2091
25213,112819,35723,66919,336,106988,61088,9841
25214,37225,12196,22558,259,34796,20129,2212
25383,20964,6421,12047,122,21575,12658,2374
25384,11789,3423,7886,43,17222,13319,437
25425,20893,5511,11831,139,20640,11578,3412
25441,7132,2179,3771,51,6965,3604,1131
25442,6362,2001,3464,110,6188,3290,787
25443,7274,2788,4129,14,8379,5234,343
26101,117165,32254,57138,538,120786,60759,27235
26102,83832,20621,40988,341,99271,56427,21882
26103,166039,47061,80392,625,174471,88824,37961
26104,110488,27255,54650,380,152398,96560,28203
26105,36602,9889,16704,196,51808,31910,9813
26106,82784,19324,40702,340,133059,90977,22418
26107,101970,27787,47947,500,136438,82415,25736
26108,202047,57844,95284,965,190884,84121,47954
26109,277858,82125,124879,1360,274488,121509,69494
26110,135101,41591,59719,725,124517,49135,33066
26111,149837,43717,70116,736,128206,48485,35268
26201,77306,24433,44964,123,81268,48926,7786
26202,80336,27821,45292,181,78703,43659,7042
26203,31846,12178,18108,66,33071,19333,1494
26204,179630,60519,93155,987,157716,71241,24969
26205,16758,6610,9043,74,17931,10216,1031
26206,86174,26682,46502,445,75448,35776,12545
26207,74607,26538,37732,574,64455,27580,9763
26208,56859,19256,31003,291,45207,19351,6309
26209,80608,28537,46293,287,73444,39129,5491
26210,70433,23948,34077,540,63941,27585,11868
26211,73753,22103,39791,416,72948,38986,11443
26212,50860,17443,29800,178,49491,28431,3439
26213,31629,11174,18408,111,33176,19955,1936
26214,77907,25669,42277,312,62661,27031,9649
26303,15953,5735,9374,80,13504,6925,764
26322,15250,4775,8338,91,28497,21585,2046
26343,7406,2617,3516,76,6969,3079,1197
26344,8911,2515,5301,109,9217,5607,986
26364,1144,535,546,7,1039,441,56
26365,3478,1423,1969,19,3081,1572,67
26366,36198,11615,20759,223,29937,14498,3601
26367,2391,1001,1210,29,2104,923,151
26407,12907,4894,7415,62,12241,6749,536
26463,1928,826,1089,2,1888,1049,11
26465,20092,6626,11836,131,18092,9836,1499
27102,107904,28348,48011,603,104863,44970,30942
27103,79328,18324,38597,383,91295,50564,22024
27104,65251,17952,28728,470,82546,46023,18101
27106,105862,20245,47061,478,179332,120531,38078
27107,80948,21444,35853,546,84560,39465,23105
27108,62083,18272,27028,507,65038,29983,16276
27109,82148,18927,37772,371,118934,74558,25078
27111,75504,12938,23266,263,106527,54289,39037
27113,95864,25862,44327,657,100039,48502,25018
27114,177120,45543,76656,928,168784,68320,53993
27115,84906,21016,38273,516,80991,34358,25101
27116,127309,33652,47748,837,124269,44708,45072
27117,89670,26538,38515,572,82391,31236,24045
27118,169043,47239,79758,1112,148887,59602,40934
27119,110995,30897,52316,632,117909,59230,27150
27120,153056,43976,65777,927,140933,53654,42376
27121,127849,38437,56192,800,114736,43079,32420
27122,106111,30751,30870,689,109053,33812,43801
27123,183444,43966,84061,1016,226413,127030,54401
27124,112691,31276,54760,715,98489,40558,25940
27125,120072,35637,51268,714,139732,70928,32453
27126,192152,54749,80444,1152,179244,67536,55807
27127,139376,28439,62832,414,420354,343810,47691
27128,103726,18359,47762,298,449202,393238,37307
27141,148682,45289,72768,773,171528,95614,29852
27142,121236,38617,59502,723,112927,51193,22394
27143,85043,28640,42461,623,68513,25931,13319
27144,135375,42268,69914,789,129579,64118,22404
27145,138464,50894,64728,765,120770,47034,22077
27146,159757,48675,83135,1017,131382,54760,26930
27147,37604,12716,18543,277,42731,23670,6068
27202,190658,61580,91229,1390,174784,75355,36459
27203,401558,127965,207531,2245,357171,163144,63817
27204,104993,34655,56359,641,95726,47092,13338
27205,385567,116280,204706,1746,371024,190163,62835
27206,74412,22082,37480,654,67350,30418,14196
27207,352698,119500,176250,1925,309698,133250,55023
27208,84443,28900,46364,445,75009,36930,8734
27209,143096,45706,69604,1173,134095,60603,26613
27210,397289,127995,193141,2174,355804,151656,73979
27211,287730,91099,154039,1103,270079,136388,41489
27212,264642,88072,130742,1906,250399,116499,43922
27213,100131,31379,54622,571,106183,60674,13559
27214,108699,38060,56186,707,96962,44449,13746
27215,229733,77295,110740,1859,203414,84421,39839
27216,101692,39087,48613,700,86977,33898,13292
27217,117641,38426,56054,825,107303,45716,22336
27218,119367,36945,60200,922,114850,55683,21300
27219,184495,56710,95044,1007,162169,72718,31734
27220,136868,43117,72172,841,120336,55640,20738
27221,68775,22324,36230,547,64371,31826,9674
27222,108736,38805,56096,860,94505,41865,12975
27223,119764,35457,55369,1259,129495,65100,27679
27224,87456,25970,44624,619,95603,52771,16243
27225,55635,18503,28400,475,51835,24600,8257
27226,63688,21708,33971,452,55102,25385,7557
27227,493940,137550,219919,2765,512261,238240,133706
27228,60102,22828,29737,266,56726,26361,7271
27229,55177,17532,29060,464,47508,21391,8121
27230,75033,26604,40565,583,59183,24715,7281
27231,58435,19501,27929,406,52958,22452,10599
27232,51254,18624,24529,359,41684,14959,7742
27301,30927,11212,17472,190,24496,11041,2053
27321,18279,8267,8525,141,13636,3882,1346
27322,9079,3477,4828,75,8528,4277,699
27341,16567,5993,8587,41,15048,7068,1946
27361,43763,14979,23397,201,36092,15726,5186
27362,8434,2648,4877,58,9072,5515,851
27366,14741,6174,6494,123,12600,4353,1950
27381,13009,4288,7199,150,10170,4360,1372
27382,15697,5134,8504,153,15410,8217,1906
27383,4909,2264,2432,30,4534,2057,183
28101,213562,62299,110633,909,202448,99519,39721
28102,136747,38464,70109,622,128946,62308,27552
28105,109144,30909,49301,599,124576,64733,28335
28106,94791,30288,41531,619,97219,43959,22353
28107,158719,54527,74846,706,141979,58106,28640
28108,215302,72864,104466,1203,171623,60787,36769
28109,210492,72400,111218,1040,176263,76989,25834
28110,147518,35101,65504,459,284412,202398,46454
28111,238877,77148,122691,989,233287,117101,38049
28201,530495,186410,307678,1180,531747,308930,35227
28202,459593,136469,211858,2543,443929,196194,108723
28203,303601,98834,150042,1519,274720,121161,53206
28204,485587,145930,257072,2293,430122,201607,80292
28205,41236,14165,21600,112,42506,22870,5359
28206,93922,30071,44758,586,80555,31391,18507
28207,198138,63905,96057,827,184573,82492,37349
28208,28355,12464,14892,41,28055,14592,958
28209,77489,27536,47362,102,78477,48350,2489
28210,260878,86598,138782,1295,234987,112891,34203
28212,45892,17332,24903,142,44586,23597,3515
28213,38673,12489,22498,200,37350,21175,3486
28214,226432,76428,116060,1355,183303,72931,32589
28215,75294,30196,42417,212,75974,43097,2469
28216,87722,32573,48149,333,87810,48237,6667
28217,152321,57901,77287,720,123592,48558,16413
28218,47562,15555,28636,192,48324,29398,3179
28219,109238,35657,60313,491,104676,55751,12777
28220,42700,15477,24895,230,45882,28077,2098
28221,39611,12958,23637,144,37781,21807,2872
28222,22129,8962,12668,54,22403,12942,445
28223,61471,21389,37269,214,59866,35664,2599
28224,44137,13741,27502,150,42837,26202,2744
28225,28989,11065,17067,76,28547,16625,781
28226,41967,15851,23999,84,41427,23459,2033
28227,34819,12649,21231,108,32688,19100,831
28228,40645,11773,24634,228,44147,28136,4010
28229,74316,27081,42527,343,72387,40598,4365
28301,29680,10609,16612,241,23398,10330,2218
28365,19261,6848,11642,103,17211,9592,668
28381,30268,11213,16913,141,29858,16503,2001
28382,33604,11848,18242,189,29234,13872,3325
28442,11231,4383,6697,21,9882,5348,130
28443,19377,6453,11341,101,21929,13893,1482
28446,10616,4255,6224,27,9217,4825,110
28464,33477,11885,19744,78,27349,13616,1770
28481,13879,5817,7653,36,13528,7302,373
28501,15863,6865,8699,41,16019,8855,258
28585,16064,6326,9519,54,15261,8716,165
28586,13318,5326,7656,61,12746,7084,275
29201,354630,128030,185036,1627,336006,166412,39937
29202,61744,22325,32110,548,54235,24601,6761
29203,83285,30596,42726,553,88012,47453,9410
29204,63889,19634,37982,379,63891,37984,5894
29205,120922,39700,62467,719,113394,54939,18036
29206,54857,20043,29845,328,48019,23007,4641
29207,27927,10628,14875,105,28919,15867,2319
29208,24096,10384,11312,167,24076,11292,2233
29209,116675,39902,58652,398,96066,38043,17723
29210,78113,24962,41240,470,61705,24832,11441
29211,36832,12917,20501,325,31367,15036,3089
29212,28121,12239,15022,102,24150,11051,758
29322,3226,1226,1884,33,3111,1769,83
29342,18009,7721,9213,144,13706,4910,931
29343,23219,9410,11694,114,18384,6859,2001
29344,27587,10056,15050,220,21456,8919,2261
29345,7225,3069,3626,57,6172,2573,473
29361,8167,3378,4480,11,8016,4329,298
29362,6439,2907,3460,29,4992,2013,43
29363,31177,11276,17063,291,28943,14829,2547
29385,1295,585,693,3,1234,632,14
29386,1479,774,688,2,1400,609,15
29401,6729,3066,3175,43,6748,3194,445
29402,5179,2209,2835,29,4665,2321,106
29424,21714,8926,10674,142,18000,6960,1972
29425,24043,9211,13344,55,20204,9505,1433
29426,33810,11195,19395,297,27731,13316,2923
29427,17018,6793,7844,138,15728,6554,2243
29441,6229,2999,3179,13,6283,3233,38
29442,16728,6379,9001,75,15575,7848,1273
29443,5037,2270,2706,15,4532,2201,46
29444,623,323,296,3,640,313,1
29446,1176,509,660,1,1256,740,6
29447,357,167,187,0,383,213,3
29449,3061,1477,1579,0,3276,1794,5
29450,753,346,399,0,837,483,8
29451,444,201,236,0,487,279,7
29452,1156,590,541,3,1296,681,22
29453,1502,740,759,0,1530,787,3
30201,356729,125143,187054,838,369960,200285,43694
30202,48369,18815,26207,167,46606,24444,3180
30203,60818,22618,34541,274,52762,26485,3385
30204,26538,9184,15209,218,25292,13963,1927
30205,23481,8307,13499,56,26937,16955,1619
30206,69870,25683,41472,141,71064,42666,2574
30207,27171,10236,13674,77,29601,16104,3184
30208,58816,18690,34262,256,54709,30155,5608
30209,53967,16541,28575,298,44279,18887,8553
30304,8256,3762,4428,4,7809,3981,62
30341,15967,5905,9359,84,15880,9272,619
30343,3856,1607,2120,8,3372,1636,121
30344,2970,970,1873,8,3419,2322,119
30361,11122,4090,6633,39,11221,6732,360
30362,6781,2445,3945,37,6200,3364,354
30366,25258,8263,16017,61,23804,14563,917
30381,6867,2974,3693,15,5842,2668,185
30382,7673,2744,4714,8,5642,2683,207
30383,5364,2142,2966,21,4917,2519,235
30390,7720,2619,4860,43,7123,4263,198
30391,11818,3258,8314,33,11876,8372,213
30392,9219,3289,5729,28,8597,5107,173
30401,20262,8025,10625,59,20536,10899,1553
30404,15236,4942,8832,52,13995,7591,1410
30406,3685,1705,1881,13,3525,1721,86
30421,14137,6198,7113,41,13446,6422,785
30422,2791,1301,1422,6,2309,940,62
30424,2480,1334,1086,3,2446,1052,57
30427,404,197,203,1,454,253,3
30428,14959,7271,7228,23,14806,7075,437
31201,188465,60130,108009,346,194088,113632,19980
31202,147317,46924,82935,361,152603,88221,17097
31203,46485,16805,27327,119,52159,33001,2234
31204,32740,11702,18919,92,32745,18924,2027
31302,10799,4460,6105,29,9041,4347,205
31325,2864,1279,1537,8,2566,1239,40
31328,6427,2774,3577,17,6036,3186,59
31329,15937,5396,10014,82,12978,7055,445
31364,6060,2297,3619,20,5335,2894,124
31370,16055,5462,10085,47,12777,6807,461
31371,16365,5781,10249,52,15384,9268,283
31372,14228,4595,9124,91,12659,7555,418
31384,3501,1093,2159,21,3513,2171,228
31386,15370,5554,9721,48,13138,7489,47
31389,10323,3677,6367,43,8849,4893,236
31390,10696,3932,6471,26,8879,4654,267
31401,4196,1756,2405,10,4095,2304,25
31402,2907,1245,1616,10,3077,1786,36
31403,2672,1058,1587,8,2583,1498,19
32201,203616,66020,118272,248,209721,124377,19076
32202,54592,20000,32082,74,55882,33372,2436
32203,172775,53988,105098,309,170387,102710,13380
32204,45003,16605,25733,51,45285,26015,2614
32205,32846,13111,18952,24,32516,18622,759
32206,37062,12844,22636,142,36112,21686,1440
32207,22959,9131,13187,47,22465,12693,594
32209,36007,12458,22446,151,33841,20280,952
32343,11849,4259,7233,16,11472,6856,341
32386,4577,1633,2901,6,4709,3033,37
32441,3248,1307,1892,5,3687,2331,44
32448,4355,1899,2424,6,3890,1959,26
32449,10163,3764,6242,11,10049,6128,146
32501,6875,2812,3871,29,6499,3495,163
32505,6077,2438,3442,1,6151,3516,196
32525,2267,845,1410,4,2304,1447,8
32526,2788,1224,1552,4,2739,1503,8
32527,634,279,354,0,623,343,1
32528,13433,5625,7598,7,13409,7574,203
33101,314523,95796,176384,397,365715,227576,41946
33102,149232,47675,82551,272,133768,67087,18734
33103,93108,31167,52669,272,88851,48412,9000
33104,167828,52893,94034,533,156418,82624,20368
33202,474592,146089,250597,1235,469637,245642,76671
33203,99937,31807,57975,260,101183,59221,9895
33204,56531,21398,28685,204,55797,27951,6244
33205,46088,19201,24651,173,45957,24520,2063
33207,38384,14153,22044,159,36493,20153,2028
33208,69030,22475,39176,230,63908,34054,7149
33209,29072,10712,16297,98,31269,18494,1965
33210,28079,10861,16527,32,27555,16003,659
33211,32320,12808,17150,161,34132,18962,2201
33212,36048,13380,20479,136,35895,20326,2053
33213,42661,15121,24934,177,37379,19652,2429
33214,42725,15482,25598,105,41988,24861,1540
33215,25939,10263,14628,92,25468,14157,956
33216,32772,12682,17597,258,29472,14297,2235
33346,13623,5628,7387,59,13114,6878,549
33423,12368,4484,7096,53,12877,7605,735
33445,10950,3947,6247,60,10376,5673,696
33461,13414,5374,7654,43,13108,7348,343
33586,813,293,514,4,722,423,2
33606,12062,4730,7102,19,11478,6518,211
33622,10888,3713,6404,50,12008,7524,721
33623,5578,1909,3515,27,5543,3480,127
33643,1398,444,849,9,1279,730,96
33663,4530,1789,2702,5,4379,2551,34
33666,13053,5280,7568,50,12021,6536,155
33681,10886,3878,6494,51,11330,6938,463
34101,142699,39285,74701,400,230518,162520,28313
34102,119353,39647,68144,554,106629,55420,11008
34103,145805,42273,82537,536,163294,100026,20459
34104,190232,52861,108184,926,186974,104926,28261
34105,247020,69600,143785,915,216376,113141,32720
34106,138979,52392,75842,522,124623,61486,10223
34107,77103,27073,45419,450,64663,32979,4161
34108,139563,46241,79010,526,121073,60520,13786
34202,214592,83162,119133,562,212083,116624,11735
34203,23993,10292,12678,27,23534,12219,996
34204,90573,34427,50881,213,90528,50836,5052
34205,131170,50905,73956,235,132442,75228,6074
34207,460930,149229,251120,1065,459916,250106,59516
34208,37655,14874,21056,94,39303,22704,1631
34209,50681,16278,28601,142,51303,29223,5660
34210,33633,12486,19878,48,34077,20322,1221
34211,26319,10934,14016,56,27650,15347,1313
34212,196608,54908,116149,663,196038,115579,24888
34213,114173,38107,65312,526,104221,55360,10228
34214,26448,9120,14630,142,27628,15810,2556
34215,21930,9550,11917,43,21133,11120,420
34302,51155,16384,30084,385,52565,31494,4302
34304,29636,9876,17533,70,29284,17181,2157
34307,22834,8876,13231,42,18119,8516,685
34309,12582,4629,7309,53,14332,9059,591
34368,5740,2529,3018,11,5957,3235,182
34369,17763,5793,11209,56,19711,13157,705
34431,7158,2941,4094,5,7783,4719,118
34462,15125,5338,9360,30,14547,8782,397
34545,8250,3161,5002,15,8087,4839,72
35201,255051,94370,140734,439,251527,137210,19508
35202,162570,60675,91692,226,162259,91381,9977
35203,193966,66263,114103,249,196594,116731,13351
35204,44626,17437,25242,33,44179,24795,1914
35206,113979,39959,65120,187,112481,63622,8713
35207,55887,20320,29737,58,56245,30095,5772
35208,129125,48685,69576,243,127557,68008,10621
35210,49798,20002,26188,132,47522,23912,3476
35211,32519,13349,18538,30,31917,17936,602
35212,30799,13132,16463,51,31822,17486,1153
35213,23247,9444,13186,31,24133,14072,586
35215,137540,48511,73953,210,142779,79192,14866
35216,60326,23147,34234,77,58741,32649,2868
35305,14798,7248,7138,14,15150,7490,398
35321,6034,2273,3439,10,5486,2891,312
35341,2342,1168,1168,0,2235,1061,6
35343,14483,5584,8180,42,12815,6512,677
35344,11914,5403,6081,17,10797,4964,413
35502,3055,1256,1765,6,2877,1587,28
36201,252391,79793,134580,813,270257,152446,37205
36202,54622,21050,30272,98,53012,28662,3202
36203,36149,13332,19339,140,34635,17825,3338
36204,69470,25996,38981,136,70742,40253,4357
36205,38772,15153,20011,207,35951,17190,3401
36206,34713,13427,19540,105,31481,16308,1641
36207,28055,10701,14307,164,27626,13878,2883
36208,23605,10849,11990,95,24611,12996,671
36301,4837,1547,3114,26,4687,2964,150
36302,1380,601,721,6,1436,777,52
36321,2058,646,1402,10,1745,1089,0
36341,24833,9421,13915,52,21363,10445,1445
36342,4647,2109,2521,4,4464,2338,13
36368,7367,3309,3899,24,7595,4127,135
36383,3743,1874,1833,10,3730,1820,26
36387,6222,3117,2999,24,6134,2911,82
36388,8358,3642,4615,16,8283,4540,85
36401,14583,5038,8778,49,15444,9639,718
36402,22745,7219,12946,141,20360,10561,2439
36403,35246,11587,19135,106,30500,14389,4418
36404,13042,5244,7231,40,12956,7145,527
36405,11384,4217,6084,72,9957,4657,1011
36468,7715,3790,3744,25,8077,4106,156
36489,13622,5304,7852,92,11696,5926,374
37201,417496,132843,231740,742,429546,243790,52171
37202,109513,36445,61265,416,103625,55377,11387
37203,50624,19097,26425,158,57385,33186,4944
37204,31631,11265,18595,67,31841,18805,1704
37205,57438,18542,31084,284,58551,32197,7528
37206,47003,18136,26293,101,44269,23559,2473
37207,28279,11397,15245,86,27648,14614,1551
37208,61857,22643,35803,226,58483,32429,3185
37322,12846,5437,7221,9,12256,6631,179
37324,13870,6254,7448,12,14336,7914,156
37341,26878,9386,15725,102,24517,13364,1665
37364,3103,1085,1767,3,3572,2236,248
37386,18699,5551,10906,50,17880,10087,2192
37387,22693,8447,12886,115,21665,11858,1245
37403,8468,3339,4788,30,8566,4886,311
37404,22445,7986,12694,90,21562,11811,1675
37406,17401,6284,10142,73,15464,8205,902
38201,511192,158147,256780,685,517165,262753,95580
38202,151672,58371,83845,129,153100,85273,9327
38203,70809,28694,39040,299,71837,40068,2776
38204,31987,12619,18246,39,32588,18847,1083
38205,115938,41804,63234,215,118099,65395,10685
38206,104791,38857,59362,139,101668,56239,6433
38207,40575,15255,22776,95,41308,23509,2449
38210,35133,12345,20894,154,31538,17299,1740
38213,82754,27497,45244,173,84126,46616,9840
38214,35388,13897,19333,119,34544,18489,2039
38215,33903,12139,19461,95,35699,21257,2208
38356,6509,2832,3614,6,6640,3745,57
38386,7404,3234,3990,13,7739,4325,167
38401,29630,11196,17375,68,27575,15320,991
38402,20480,7134,11938,89,17773,9231,1319
38422,15322,5658,9415,28,14185,8278,221
38442,8397,3591,4760,8,9031,5394,38
38484,3674,1649,1954,9,3282,1562,62
38488,9682,4345,5246,19,9109,4673,72
38506,19601,8723,10224,56,18864,9487,598
39201,326545,99199,165482,767,332614,171551,61097
39202,11742,6073,5413,8,11705,5376,248
39203,16243,5802,9050,49,16699,9506,1342
39204,46664,16137,26231,124,50873,30440,4172
39205,25732,9741,13635,37,24280,12183,2319
39206,20590,7959,11441,43,21760,12611,1147
39208,19033,7325,9614,34,19673,10254,2060
39209,12388,6225,5802,24,12013,5427,337
39210,32694,11710,16855,69,33543,17704,4060
39211,32207,10479,18211,222,27252,13256,3295
39212,26513,9705,14771,63,25487,13745,1974
39301,2194,1110,1079,0,2058,943,5
39302,3034,1374,1544,7,2981,1491,109
39303,2498,1015,1394,10,2644,1540,79
39304,2370,931,1381,6,2095,1106,52
39305,1146,370,676,9,1194,724,91
39306,745,170,570,0,821,646,5
39307,3694,1335,2277,16,3691,2274,66
39341,3261,1407,1797,11,3394,1930,46
39344,3252,1400,1817,7,3309,1874,28
39363,3753,1583,2102,9,3713,2062,59
39364,366,148,218,0,389,241,0
39386,21374,8127,11314,112,19088,9028,1821
39387,4827,2532,2252,8,5114,2539,35
39401,6002,2529,3241,23,5614,2853,209
39402,12323,4884,6723,61,10862,5262,655
39403,5187,2285,2807,16,5020,2640,79
39405,3307,1371,1931,1,3310,1934,4
39410,4812,2022,2610,23,4753,2551,157
39411,5291,2151,3118,5,4618,2445,17
39412,15607,5756,8832,31,15567,8792,988
39424,4434,2196,2214,5,4123,1903,19
39427,1437,601,806,7,1312,681,23
39428,10262,4414,5370,32,9228,4336,446
40101,93842,35870,47041,316,92349,45548,10615
40103,80533,30791,41409,270,82537,43413,8063
40105,57494,20369,30087,138,67367,39960,6900
40106,183407,55377,87192,443,221874,125659,40395
40107,209028,70185,109551,688,187843,88366,28604
40108,64792,24319,32805,206,69417,37430,7462
40109,249933,87298,129696,803,237100,116863,32136
40131,322503,93059,172148,1350,311606,161251,55946
40132,252034,55954,129117,798,401756,278839,66165
40133,205501,46191,103869,660,306659,205027,54781
40134,265583,79010,142778,929,227314,104509,42866
40135,212579,66438,116050,922,190260,93731,29169
40136,132864,38750,69944,518,119274,56354,23652
40137,221328,66692,119020,1017,196988,94680,34599
40202,111281,45919,54186,264,116961,59866,10912
40203,303316,96254,167979,1079,300236,164899,38004
40204,56212,20346,25481,169,60237,29506,10216
40205,126364,45496,66900,489,127727,68263,13479
40206,46203,18928,23747,121,50019,27563,3407
40207,64475,22540,34417,309,60329,30271,7209
40210,60608,20764,36122,264,62587,38101,3458
40211,48827,15186,28582,285,46857,26612,4774
40212,32988,11858,18824,149,33574,19410,2157
40213,71426,25501,36833,338,65614,31021,8754
40214,24391,9908,12665,94,25307,13581,1724
40215,40362,16764,18707,119,35414,13759,4772
40216,59360,20858,33473,309,49493,23606,4720
40217,103311,32541,54421,771,93137,44247,15578
40218,111023,31444,57779,606,90865,37621,21194
40219,102085,29025,50768,513,89843,38526,21779
40220,97095,32995,49131,528,83243,35279,14441
40221,73164,24579,36267,439,67462,30565,11879
40223,58786,19536,33400,351,57308,31922,5499
40224,67033,23883,33204,406,56554,22725,9540
40225,27981,9722,16544,135,26268,14831,1580
40226,26298,10229,13757,152,35101,22560,2160
40227,35473,15580,17357,130,32968,14852,2406
40228,50273,16424,28032,293,54369,32128,5524
40229,35861,13416,20103,185,31938,16180,2157
40230,98877,34268,57433,463,82400,40956,6713
40231,50112,14909,27957,438,41920,19765,6808
40341,37671,13313,20992,109,33438,16759,3257
40342,31209,10833,17978,88,25356,12125,2310
40343,46377,14496,25970,217,40705,20298,5694
40344,28628,9811,15794,99,26258,13424,2924
40345,32927,9413,20285,212,32502,19860,3017
40348,9068,3120,5375,61,12013,8320,512
40349,48190,13312,27742,227,45461,25013,6909
40381,13545,4834,7615,78,12085,6155,1018
40382,28114,12202,14493,108,23415,9794,1311
40383,31007,11596,16340,175,24805,10138,2896
40384,18723,7421,10351,84,17013,8641,867
40401,7151,3376,3611,20,6887,3347,144
40402,15080,6604,8109,30,15032,8061,337
40421,12878,5078,7250,35,10214,4586,515
40447,29591,10373,16556,228,24557,11522,2434
40448,1899,724,1168,4,1827,1096,3
40503,15521,5024,8968,148,13623,7070,1381
40522,13820,4345,8583,156,11403,6166,736
40544,19969,6312,11288,142,19767,11086,2227
40601,10191,4875,5204,22,9254,4267,90
40602,8801,4170,4584,15,7351,3134,32
40604,8407,4055,4310,11,6589,2492,31
40605,15176,7318,7699,6,13463,5986,153
40608,5008,2425,2504,14,4428,1924,65
40609,2774,1137,1632,1,2291,1149,4
40610,21398,10173,10610,48,18749,7961,567
40621,37684,11104,20058,183,45535,27909,6339
40625,18825,8358,10180,59,17483,8838,228
40642,6536,2414,3669,39,5827,2960,414
40646,7251,2889,4307,16,6426,3482,39
40647,17189,6797,9130,111,15747,7688,1151
41201,233301,74076,138180,738,248170,153049,20307
41202,117373,41601,69702,330,113603,65932,5740
41203,74196,23180,42766,320,81762,50332,7930
41204,18295,6915,10714,106,17792,10211,560
41205,52629,18246,32695,135,55501,35567,1553
41206,47914,16064,29016,254,47149,28251,2580
41207,27892,9136,18005,95,26988,17101,656
41208,43952,14705,27095,179,36744,19887,1973
41209,25848,9104,15918,233,24658,14728,593
41210,31022,9859,18065,205,29403,16446,2893
41327,16323,5260,10041,57,16156,9874,965
41341,17250,6253,10026,87,16629,9405,884
41345,9286,2917,5362,33,8795,4871,974
41346,25511,9883,14065,60,23965,12519,1503
41387,5609,1630,3824,1,6920,5135,154
41401,19010,6716,11892,47,17999,10881,355
41423,6293,2722,3396,14,6346,3449,161
41424,9566,3137,6165,44,8191,4790,220
41425,22051,6972,14334,90,20270,12553,655
41441,8121,2635,5420,22,7288,4587,44
42201,409118,153825,222820,716,419495,233197,31757
42202,243223,88646,139895,359,246816,143488,14323
42203,43338,16744,25154,66,45200,27016,1374
42204,133852,46193,77569,411,137665,81382,9679
42205,95397,31371,56065,178,91383,52051,7783
42207,29365,11759,16598,111,28649,15882,897
42208,21271,7512,12901,86,21337,12967,772
42209,28502,11300,16521,23,28527,16546,658
42210,24948,9686,14121,26,24831,14004,1115
42211,34391,14660,17807,43,34321,17737,1881
42212,26275,9992,15444,52,26870,16039,787
42213,41096,14082,25336,128,38613,22853,1550
42214,42330,16685,24904,57,39807,22381,684
42307,40780,14211,25000,101,31218,15438,1468
42308,29339,10012,18166,81,29648,18475,1080
42321,7721,2683,4644,59,7394,4317,335
42322,13377,4828,7938,74,12108,6669,537
42323,14291,4619,9033,48,13199,7941,591
42383,2288,1002,1277,2,2291,1280,7
42391,13912,4638,8525,38,12380,6993,711
42411,17503,8321,9144,11,17193,8834,27
43101,187502,51930,103403,465,234744,150645,31704
43102,189524,56838,107907,774,177541,95924,24005
43103,91177,28677,49786,401,87332,45941,12313
43104,130829,40583,73934,695,124786,67891,15617
43105,139833,44814,77599,676,126411,64177,16744
43202,123067,45989,69397,147,122876,69206,7534
43203,31108,12481,17423,45,33838,20153,1159
43204,50832,21076,27188,126,44938,21294,2442
43205,23557,10376,12544,28,24694,13681,609
43206,64292,24042,38668,43,62390,36766,1539
43208,49025,18182,29336,88,47447,27758,1419
43210,46416,16405,28085,105,49300,30969,1821
43211,36122,12260,19626,96,33324,16828,4140
43212,24563,10740,13298,77,23682,12417,448
43213,57032,21264,33340,126,55586,31894,2302
43214,24930,9472,14975,19,26188,16233,464
43215,75783,31983,42327,53,75140,41684,1420
43216,61772,21202,36946,148,55406,30580,3476
43348,9392,4084,5253,9,8390,4251,46
43364,5045,1807,3220,1,4027,2202,17
43367,8979,3527,5241,25,9689,5951,186
43368,15372,6242,8892,25,16221,9741,213
43369,9342,3825,5484,3,8895,5037,30
43403,35187,10560,22260,70,38105,25178,2297
43404,43337,13067,26436,128,42496,25595,3706
43423,3750,1208,2478,9,3779,2507,55
43424,6590,2430,4060,5,6537,4007,95
43425,1382,433,944,0,1319,881,5
43428,5789,2276,3457,9,5835,3503,47
43432,6426,1956,4343,8,6848,4765,119
43433,9836,3768,5888,24,9384,5436,156
43441,16303,6066,9685,39,15061,8443,513
43442,9547,3346,5650,21,12058,8161,530
43443,32510,11516,19345,67,31735,18570,1582
43444,10132,3847,6127,16,9532,5527,142
43447,13503,4919,8419,21,13563,8479,144
43468,11094,4090,6652,22,9493,5051,330
43482,15681,7118,8522,10,15078,7919,31
43484,4254,1818,2404,8,3496,1646,24
43501,10288,3478,6692,7,9881,6285,111
43505,9076,3270,5520,18,9051,5495,268
43506,3627,1391,2224,1,3158,1755,11
43507,2033,798,1229,0,1902,1098,6
43510,4070,1546,2298,40,3893,2121,186
43511,931,364,498,3,1040,607,66
43512,3238,1101,2090,7,2496,1348,40
43513,2433,1031,1209,0,2186,962,193
43514,14676,5294,9282,16,13876,8482,84
43531,7114,3110,3855,12,7364,4105,137
44201,475614,164092,272858,557,481509,278753,38107
44202,115321,41244,60181,306,114198,59058,13590
44203,82863,28549,45784,102,84524,47445,8428
44204,62657,22415,38150,72,62873,38366,2020
44205,66851,28575,35695,83,66477,35321,2498
44206,36158,14998,19506,55,34580,17928,1599
44207,16100,7427,8581,9,16500,8981,83
44208,20332,7773,12154,20,21460,13282,385
44209,22112,8367,11805,59,22256,11949,1881
44210,27999,10301,15036,134,26853,13890,2528
44211,52771,20149,28561,90,51349,27139,3971
44212,33695,14039,18751,56,32939,17995,849
44213,32772,11817,18832,44,32247,18307,2079
44214,26232,10842,14648,26,27360,15776,716
44322,1725,853,864,2,1647,786,6
44341,27723,9843,15419,78,24018,11714,2383
44461,8541,3248,5189,7,8278,4926,97
44462,14386,4881,8887,21,14092,8593,597
45201,401339,130203,221071,453,406619,226351,49612
45202,160640,57868,92053,185,166384,97797,10534
45203,118394,45126,66285,160,119936,67827,6823
45204,50848,21289,28040,25,50347,27539,1494
45205,43670,16371,25835,55,43763,25928,1409
45206,59629,21285,34989,101,59389,34749,3254
45207,16822,6751,8986,28,16362,8526,1057
45208,28610,9637,16610,62,28343,16343,2301
45209,17638,7145,10194,25,17846,10402,274
45341,25591,9071,15092,35,20825,10326,1393
45361,8639,3546,4597,9,7797,3755,487
45382,18398,6843,11211,20,17184,9997,324
45383,6934,2538,4243,10,6288,3597,143
45401,19922,6950,11828,31,20226,12132,1113
45402,16564,5496,10821,9,15133,9390,238
45403,1000,335,664,0,1072,736,1
45404,4895,1807,3079,3,4208,2392,6
45405,15194,5230,9482,48,15323,9611,434
45406,9906,3750,5850,28,9079,5023,278
45421,17379,6724,10223,33,15320,8164,399
45429,1486,544,940,1,1530,984,1
45430,2503,980,1521,0,2572,1590,2
45431,4826,1993,2825,4,4803,2802,4
45441,11642,4337,7186,4,11721,7265,115
45442,3635,1348,2279,3,3478,2122,5
45443,3472,1192,2269,6,3245,2042,5
46201,593128,192309,334114,736,599331,340317,65969
46203,101096,33870,55728,153,101738,56370,11345
46204,20033,8203,11202,23,19870,11039,605
46206,19270,8129,10519,20,19390,10639,602
46208,51994,19770,30745,58,51609,30360,1421
46210,39011,15336,22584,13,38794,22367,1078
46213,14708,5238,9392,3,14597,9281,75
46214,13819,6038,7590,6,13452,7223,185
46215,92403,34770,52996,85,93828,54421,4552
46216,47153,18439,27694,64,44839,25380,956
46217,33310,13606,19177,35,32215,18082,492
46218,123135,40812,66954,191,124105,67924,15178
46219,27490,10788,16235,22,27150,15895,445
46220,32887,14181,17913,26,33358,18384,767
46221,29329,10879,17023,24,30507,18201,1403
46222,41390,15579,24417,23,41609,24636,1371
46223,33080,13145,19374,76,33337,19631,485
46224,24453,10355,13772,25,24272,13591,301
46225,76348,28653,43045,172,70249,36946,4478
46303,405,110,292,0,406,293,3
46304,740,219,520,0,748,528,1
46392,20243,7672,12302,24,20857,12916,245
46404,9705,3424,6238,10,9106,5639,33
46452,9119,4313,4754,6,8905,4540,46
46468,12385,4853,7434,19,11882,6931,79
46482,6237,2296,3916,8,5885,3564,17
46490,6944,3102,3813,7,6827,3696,22
46491,6481,2897,3533,20,6458,3510,31
46492,14227,6162,7891,22,13608,7272,152
46501,7539,2645,4872,3,7549,4882,19
46502,5445,1721,3639,2,5570,3764,83
46505,11858,4441,7373,3,11899,7414,41
46523,1364,613,748,0,1243,627,3
46524,1621,750,866,1,1672,917,4
46525,8546,3958,4335,1,8649,4438,252
46527,5817,2339,3457,6,5626,3266,15
46529,6629,2556,4037,0,6626,4034,36
46530,10147,4155,5955,6,10576,6384,31
46531,5517,2108,3383,4,5469,3335,22
46532,6139,2572,3541,6,5726,3128,20
46533,6246,2007,4231,0,6091,4076,8
46534,5750,2121,3573,1,5901,3724,55
46535,5115,1668,3437,1,5113,3435,9
47201,317625,92691,153203,826,347019,182597,70905
47205,100125,26223,43436,603,95322,38633,29863
47207,47637,11771,23155,15,47677,23195,12696
47208,115690,30846,54480,848,118263,57053,29516
47209,63554,17992,31554,162,66316,34316,13846
47210,61007,20009,32673,279,57010,28676,8046
47211,142752,37708,58292,834,138249,53789,45918
47212,64612,18111,32685,418,59862,27935,13398
47213,125303,34421,49385,1032,121909,45991,40465
47214,52931,16346,29079,25,53104,29252,7481
47215,44043,15609,24046,130,37333,17336,4258
47301,4517,1744,2757,13,4310,2550,3
47302,3092,1276,1747,4,3035,1690,65
47303,1598,567,1026,4,1602,1030,1
47306,8894,3346,5223,13,8287,4616,312
47308,12530,4861,7553,14,12994,8017,102
47311,10869,3760,5876,22,13522,8529,1211
47313,5833,1936,3819,13,5356,3342,65
47314,10806,4444,5922,19,10654,5770,421
47315,4118,1503,2603,1,4088,2573,11
47324,41206,11800,19289,238,35866,13949,9879
47325,13521,4835,6300,176,14790,7569,2210
47326,28201,8194,12606,117,29482,13887,7284
47327,17969,6124,7906,107,18248,8185,3832
47328,22157,6234,11237,208,19518,8598,4478
47329,34984,10317,18858,196,40034,23908,5613
47348,19695,5941,10310,116,17939,8554,3328
47350,40440,12749,22441,137,37900,19901,5113
47353,718,200,515,0,721,518,3
47354,892,220,668,1,913,689,3
47355,683,284,383,0,682,382,16
47356,346,129,217,0,341,212,0
47357,1285,302,981,2,1297,993,0
47358,590,126,464,0,605,479,0
47359,1126,344,779,0,1129,782,3
47360,1322,502,818,0,1328,824,2
47361,7192,2330,4161,1,7204,4173,700
47362,30941,10123,17348,131,26591,12998,3339
47375,1058,276,777,1,1030,749,4
47381,3942,1001,2639,0,4048,2745,302
47382,1676,428,1243,0,1683,1250,5
