CODE,POPULATION,NOMOVE,MOVEIN_JP,MOVEIN_ABR,MOVEIN_UNK,MOVEOUT_JP,UNKNOWN
dummy,,,,,,,
01101,248680,125131,67985,1057,165,62483,54342
01102,289323,182752,64001,1385,132,59847,41053
01103,265379,158972,61432,573,142,59067,44260
01104,211835,123241,51787,455,105,50520,36247
01105,225298,130244,57610,583,137,53926,36724
01106,135777,94355,26069,264,76,26175,15013
01107,217040,136014,50488,346,151,46402,30041
01108,125083,85766,25170,304,76,24865,13767
01109,142625,99349,27208,203,69,24278,15796
01110,112355,81427,17444,157,48,17774,13279
01202,251084,179775,53603,568,250,55584,16888
01203,111299,83752,18941,274,97,21377,8235
01204,329306,233373,70471,623,86,72227,24753
01205,82383,59664,19767,212,15,20511,2725
01206,165077,110474,32765,512,44,36499,21282
01207,166536,116896,36558,372,127,37872,12583
01208,115480,76489,21627,210,52,23629,17102
01209,7334,5888,1357,78,1,1814,10
01210,79306,58550,13515,114,13,15176,7114
01211,35759,25430,9311,251,79,9357,688
01212,20114,14399,4249,114,3,5105,1349
01213,170113,115406,35159,362,99,35179,19087
01214,33563,23968,6611,362,4,7967,2618
01215,20413,16638,3079,16,3,3813,677
01216,12555,10218,1969,11,0,2710,357
01217,121056,87996,25741,269,56,21365,6994
01218,9698,7613,1839,65,0,2052,181
01219,21215,14603,3527,410,3,4516,2672
01220,17858,14479,2593,51,9,3380,726
01221,27282,19159,6555,32,10,6941,1526
01222,8040,6245,1647,14,0,1652,134
01223,24636,19185,4358,278,22,5498,793
01224,97950,64658,25478,337,78,22777,7399
01225,39490,27524,8594,56,35,8772,3281
01226,16486,12665,3146,19,5,3474,651
01227,2989,2430,514,7,5,716,33
01228,20039,15580,4079,56,5,4198,319
01229,21131,15607,4210,156,1,4979,1157
01230,46391,34852,8655,91,1,9334,2792
01231,70331,50409,15206,265,16,13258,4435
01233,32826,25358,6740,149,30,6813,549
01234,58171,44971,10054,231,19,8954,2896
01235,56869,41310,8237,258,20,7989,7044
01236,44302,33515,7889,158,7,8468,2733
01303,15916,12708,2582,84,2,2576,540
01304,3044,2389,521,5,0,452,129
01331,6260,5188,1008,32,1,1394,31
01332,3794,3200,507,24,1,761,62
01333,4167,3189,705,55,6,836,212
01334,3832,3187,586,23,1,734,35
01337,27686,21951,5528,100,9,4662,98
01343,3760,3151,525,78,0,653,6
01345,14338,11641,2262,301,0,2870,134
01346,15826,11802,3253,165,9,3873,597
01347,5109,3745,1073,172,0,1141,119
01361,7428,5433,1710,11,4,1903,270
01362,4306,3647,603,34,0,800,22
01363,3592,2932,636,23,0,800,1
01364,3403,2892,490,16,0,666,5
01367,2410,1780,618,5,2,667,5
01370,5072,3993,903,2,0,973,174
01371,7398,6026,1201,27,1,1456,143
01391,1356,1175,180,1,0,213,0
01392,2838,2270,478,52,0,489,38
01393,2791,2028,741,11,3,624,8
01394,4568,3558,824,22,2,824,162
01395,5074,3421,1075,117,2,951,459
01396,2045,1525,479,37,1,413,3
01397,1911,1382,442,85,0,363,2
01398,2156,1565,401,36,1,446,153
01399,2941,2267,421,39,3,484,211
01400,15129,9468,3854,343,2,4081,1462
01401,5772,4524,1199,8,0,1356,41
01402,11648,9171,2281,36,0,2768,160
01403,1569,1242,320,5,0,345,2
01404,870,680,189,1,0,140,0
01405,1831,1553,263,2,0,377,13
01406,2745,2276,323,50,0,546,96
01407,3180,2503,552,65,3,569,57
01408,18000,13627,3430,126,2,3521,815
01409,1165,815,300,44,0,196,6
01423,7319,6027,968,37,1,1087,286
01424,5120,4178,918,20,0,914,4
01425,2841,2415,407,13,0,605,6
01427,4822,4142,610,12,0,771,58
01428,10289,8285,1558,16,3,1794,427
01429,11272,9093,1877,24,11,2041,267
01430,3691,2366,1260,1,4,945,60
01431,1732,1452,270,6,1,371,3
01432,6484,5123,1125,12,31,994,193
01433,2693,2354,292,41,0,481,6
01434,2329,1842,460,4,1,438,22
01436,2389,1928,453,8,0,423,0
01437,1724,1385,331,3,3,354,2
01438,2909,2379,523,6,0,545,1
01452,6567,5534,810,2,2,910,219
01453,10127,7905,1473,19,0,1523,730
01454,6319,5186,1019,4,10,919,100
01455,3520,2886,625,4,4,553,1
01456,2605,2185,378,36,2,506,4
01457,3500,2781,675,39,0,764,5
01458,8314,6199,1844,249,7,1241,15
01459,9668,8075,1461,76,1,1602,55
01460,10348,7827,2272,39,4,2394,206
01461,4733,3789,828,31,0,926,85
01462,2376,1834,504,14,0,526,24
01463,1306,793,351,103,0,295,59
01464,3192,2669,500,21,0,601,2
01465,2926,2425,497,1,1,577,2
01468,3126,2390,636,23,0,632,77
01469,4145,3161,938,31,0,1006,15
01470,706,413,266,1,1,240,25
01471,1528,1147,339,9,3,399,30
01472,1370,1115,246,1,0,274,8
01481,3908,3266,557,77,0,733,8
01482,2994,2421,497,62,2,584,12
01483,2936,2438,454,22,1,581,21
01484,6548,5269,1254,20,0,1478,5
01485,1080,912,161,6,1,220,0
01486,2520,1998,469,52,0,530,1
01487,2950,2340,562,22,0,676,26
01511,2611,2060,419,123,0,475,9
01512,3448,2684,683,62,0,810,19
01513,1637,1263,363,5,1,369,5
01514,7565,6092,1320,123,5,1599,25
01516,3974,2900,899,41,0,832,134
01517,2509,1985,501,21,0,467,2
01518,2004,1561,437,4,0,447,2
01519,2458,1967,465,9,0,516,17
01520,2371,1659,681,21,4,591,6
01543,18697,15060,3466,74,9,3794,88
01544,4373,3579,671,5,2,858,116
01545,11418,8848,2055,136,2,2286,377
01546,3883,3121,621,2,0,764,139
01547,4623,3854,666,18,2,830,83
01549,4677,3913,733,24,0,907,7
01550,2775,2203,565,6,0,554,1
01552,4875,3990,669,210,0,871,6
01555,19241,14480,4136,61,3,4459,561
01559,8270,6893,1225,133,2,1500,17
01560,2421,1913,474,23,0,571,11
01561,3628,2837,713,71,0,788,7
01562,1053,728,291,25,2,233,7
01563,4199,3288,687,212,2,763,10
01564,6775,5491,1046,11,2,1229,225
01571,3821,2837,840,55,0,870,89
01575,2743,1912,534,23,5,499,269
01578,16212,12844,2563,136,5,2745,664
01581,4432,3300,1007,35,0,969,90
01584,8442,6384,1548,71,3,1665,436
01585,7340,5709,1566,57,1,1884,7
01586,7651,6057,1394,111,1,1722,88
01601,11279,8517,2570,179,0,2901,13
01602,4776,3748,921,97,0,1001,10
01604,5309,4135,1041,117,0,1123,16
01607,12074,8877,2973,212,1,3289,11
01608,4043,3382,632,19,1,770,9
01609,4374,3625,697,31,2,943,19
01610,21517,16041,4997,55,2,5509,422
01631,43576,34481,8781,64,11,8159,239
01632,5848,4601,980,63,0,1052,204
01633,4778,3531,1057,89,3,882,98
01634,5266,4051,1026,50,0,1128,139
01635,5817,4239,1354,25,3,1288,196
01636,9094,7038,1552,119,1,1627,384
01637,18048,14673,3243,33,5,3223,94
01638,3884,3010,779,71,5,630,19
01639,3080,2512,554,5,1,533,8
01641,5420,4115,1151,100,1,1139,53
01642,6387,5047,1094,45,2,1359,199
01643,25766,20821,4609,88,16,4486,232
01644,6294,5231,948,22,0,1128,93
01645,3022,2468,513,41,0,525,0
01646,6618,5307,1247,35,7,1452,22
01647,6563,5117,1365,25,1,1412,55
01648,2264,1766,456,40,1,486,1
01649,4387,3643,698,26,0,931,20
01661,19105,14348,3665,39,3,3440,1050
01662,8892,7309,1409,152,3,1703,19
01663,5507,4573,819,79,0,1071,36
01664,7230,5663,1225,83,1,1355,258
01665,6955,5396,1282,37,4,1455,236
01667,2558,1927,532,31,0,350,68
01668,7289,6122,1087,69,0,1333,11
01691,14380,10918,2518,341,2,3064,601
01692,23010,16735,5590,54,3,5736,628
01693,5023,3906,983,75,6,1067,53
01694,4722,3898,671,37,0,962,116
02201,275192,205900,53721,473,223,56118,14875
02202,168466,125952,31900,306,60,32791,10248
02203,223415,167144,45078,645,67,47407,10481
02204,31946,27239,4391,89,5,5028,222
02205,51415,42129,8179,55,6,9231,1046
02206,60378,45761,9821,125,16,10454,4655
02207,39152,26527,8728,408,10,9691,3479
02208,54103,41224,9977,103,11,11734,2788
02209,30934,26456,3460,37,3,4473,978
02210,30567,26380,3753,38,0,3922,396
02301,10126,8773,1158,27,0,1476,168
02303,2334,2047,275,1,0,307,11
02304,2540,2312,224,1,0,305,3
02307,5401,4722,586,32,0,787,61
02321,9044,7976,1046,3,0,1405,19
02323,7346,6486,790,25,1,1060,44
02343,1265,1055,192,1,0,171,17
02361,14573,12519,2012,19,0,1989,23
02362,8665,7863,758,3,6,1139,35
02367,7326,6465,727,11,0,853,123
02381,12700,11318,1310,10,1,1709,61
02384,12074,10852,1207,11,2,1549,2
02387,9657,8726,820,56,0,1315,55
02401,12374,10190,1804,136,7,2089,237
02402,14556,12560,1914,43,0,2103,39
02405,10447,8798,1574,46,0,1265,29
02406,4229,3567,595,67,0,616,0
02408,16428,14066,2069,76,0,2501,217
02411,10367,7720,2322,75,4,2117,246
02412,24273,18920,4176,146,6,3993,1025
02423,4718,3898,801,1,0,982,18
02424,5955,4991,936,8,0,982,20
02425,1636,1477,150,1,0,236,8
02426,1788,1562,210,0,1,294,15
02441,9082,7900,961,7,1,1335,213
02442,16042,14196,1809,33,0,2272,4
02443,4968,4428,529,5,0,704,6
02445,16809,14648,2049,9,1,2319,102
02446,13496,10949,2156,44,3,1843,344
02450,2197,2005,185,2,0,271,5
03201,289731,202758,70489,705,223,70767,15556
03202,50369,39272,10289,64,10,11818,734
03203,34728,27212,6491,235,15,7422,775
03205,93193,76225,15404,213,30,14872,1321
03206,93045,66875,15171,323,18,15668,10658
03207,33043,26140,5443,268,3,6459,1189
03208,25366,21751,3419,114,2,4153,80
03209,111932,92564,16118,361,20,18247,2869
03210,18262,12976,4950,120,7,4830,209
03211,32078,23004,8540,178,6,9494,350
03213,25513,21208,3963,114,2,4662,226
03214,24023,20850,2831,43,4,3482,295
03215,112937,93984,17558,298,7,18475,1090
03216,55579,41688,11780,133,19,10452,1959
03301,15731,13933,1655,16,2,2010,125
03302,5634,4978,601,6,7,752,42
03303,12285,10754,1324,139,0,1965,68
03321,32147,26248,4558,38,11,4416,1292
03322,28056,21000,5757,38,2,4623,1259
03366,5134,4592,506,19,0,675,17
03381,15535,12421,2269,74,9,2127,762
03402,7252,6393,808,31,1,928,19
03441,5045,4470,478,96,0,730,1
03461,11004,7065,3665,34,3,3766,237
03482,14320,10163,4041,42,7,4559,67
03483,8726,6951,1664,40,15,1922,56
03484,3059,2590,421,29,2,543,17
03485,2487,2115,321,14,5,383,32
03501,8421,7498,838,60,0,1177,25
03503,3936,3230,677,7,2,659,20
03506,5378,4916,441,12,0,621,9
03507,15091,13425,1635,22,0,2112,9
03524,11494,9955,1414,105,0,1693,20
04101,311590,182630,80172,2359,95,77604,46334
04102,196732,115586,51245,620,86,51228,29195
04103,141475,84169,37004,438,35,32318,19829
04104,234758,150414,58004,536,62,53158,25742
04105,212149,150929,41944,496,43,43350,18737
04202,140151,100274,30257,676,54,32004,8890
04203,52203,39196,8246,330,10,8540,4421
04205,61147,45765,12611,415,28,13513,2328
04206,32758,26612,4349,99,11,5138,1687
04207,78718,57747,17969,165,28,15067,2809
04208,27976,23126,3922,86,7,4489,835
04209,62827,40401,13577,158,44,13788,8647
04211,44068,30962,7647,162,10,8098,5287
04212,76037,63997,9030,114,31,11240,2865
04213,64637,55033,7524,280,10,8556,1790
04214,39098,27458,8774,69,11,8606,2786
04215,127330,99519,21745,307,33,23080,5726
04216,51651,41651,7864,118,7,7631,2011
04301,11418,9713,1077,40,1,1413,587
04302,1262,1048,195,19,0,186,0
04321,23571,17206,4473,61,3,4358,1828
04322,10666,9139,1220,26,0,1447,281
04323,38271,29160,8153,62,2,7002,894
04324,8345,7174,899,96,2,1113,174
04341,12262,10410,1096,53,6,1845,697
04361,33087,26156,5031,46,20,4749,1834
04362,12046,9530,2353,23,17,1918,123
04401,13323,11476,1766,27,1,2035,53
04404,18132,14597,2688,27,1,2808,819
04406,35182,27158,5448,59,2,5676,2515
04421,28786,21581,5772,255,18,5250,1160
04422,7813,6714,1024,55,0,1115,20
04424,5849,4558,844,33,2,710,412
04444,6698,5737,788,15,1,790,157
04445,21943,19311,2454,108,0,3026,70
04501,15388,13305,1790,29,3,2119,261
04505,23994,19681,3445,24,9,3187,835
04581,6430,3082,3037,177,2,2601,132
04606,12225,8239,3690,125,3,3550,168
05201,307672,225005,57255,517,96,58137,24799
05202,49968,41268,7113,116,12,7863,1459
05203,85555,73603,10541,195,7,11988,1209
05204,69237,55713,10043,181,7,10851,3293
05206,25154,21654,2542,14,1,3630,943
05207,42091,36844,4674,53,6,5794,514
05209,29088,24953,3782,33,2,4425,318
05210,74707,62399,9895,137,0,10449,2276
05211,31720,25409,4293,44,0,4227,1974
05212,77657,65065,9828,89,10,10751,2665
05213,30198,25856,3857,64,0,4231,421
05214,23435,20378,2592,71,0,3088,394
05215,24610,21511,2690,46,0,3440,363
05303,4780,4140,585,34,0,670,21
05327,2063,1792,245,3,0,291,23
05346,2896,2629,241,18,0,383,8
05348,15254,13409,1563,36,5,1893,241
05349,6577,5961,566,41,0,797,9
05361,8538,7612,881,15,0,1128,30
05363,5583,4853,709,1,1,796,19
05366,4566,4060,448,7,1,519,50
05368,3011,2468,494,17,0,386,32
05434,18613,16896,1600,21,5,1924,91
05463,13825,12667,1035,66,0,1484,57
05464,2704,2189,415,55,5,260,40
06201,247590,177564,48758,427,63,49475,20778
06202,81252,62092,15104,307,20,15738,3729
06203,122347,101879,18420,387,27,19278,1634
06204,100273,81470,14890,245,19,15751,3649
06205,34432,27201,5396,216,5,6115,1614
06206,40189,33060,5905,163,1,6068,1060
06207,29110,24743,3440,59,4,3808,864
06208,22516,20189,2127,42,6,3171,152
06209,26543,21993,4021,169,2,4083,358
06210,62140,49656,11173,274,17,10443,1020
06211,47682,36887,9885,152,65,8613,693
06212,14971,13456,1412,14,1,2311,88
06213,30420,25391,4695,145,0,4985,189
06301,13725,11967,1685,28,0,1654,45
06302,10746,9552,956,15,0,1150,223
06321,17641,15422,2034,113,3,2506,69
06322,4956,4570,344,13,0,611,29
06323,6366,5819,525,11,0,831,11
06324,7646,6764,817,56,0,990,9
06341,6577,6025,517,25,0,844,10
06361,5071,4688,357,25,0,691,1
06362,8080,7291,726,28,0,1006,35
06363,5007,4524,455,14,1,562,13
06364,7203,6436,739,23,1,1012,4
06365,3028,2805,223,0,0,372,0
06366,3902,3629,261,6,0,420,6
06367,4199,3855,287,38,0,518,19
06381,22463,19585,2719,103,4,3181,52
06382,14558,12979,1341,35,0,1798,203
06401,7107,6056,922,44,1,1150,84
06402,12890,11484,1252,43,0,1694,111
06403,6613,5947,633,16,0,925,17
06426,7601,6192,913,14,0,822,482
06428,20151,17760,2180,78,0,2625,133
06461,13032,11757,1178,31,2,1439,64
07201,282693,198364,55367,730,274,56604,27958
07202,117376,85978,20615,259,59,22587,10465
07203,327692,239678,64141,1059,239,65008,22575
07204,332931,235097,62341,1026,318,65529,34149
07205,59491,46797,9824,242,25,10663,2603
07207,74992,60847,11152,177,26,11416,2790
07208,44760,37870,6658,82,9,7221,141
07209,34865,25872,6313,94,27,7150,2559
07210,53557,44684,8186,156,31,9437,500
07211,35169,30063,4109,199,22,5071,776
07212,59005,36944,15598,197,72,13281,6194
07213,58240,48242,7722,147,59,8496,2070
07214,30236,24456,5130,87,16,4994,547
07301,11459,9514,1595,16,3,1601,331
07303,8639,7751,858,19,0,1079,11
07308,12170,9596,1518,45,3,2213,1008
07322,8900,7021,1383,30,0,1055,466
07342,12318,10091,2172,31,3,1856,21
07344,5194,4674,492,26,0,603,2
07362,5264,4658,531,2,0,677,73
07364,504,435,68,1,0,103,0
07367,4044,3450,565,25,0,619,4
07368,14451,12285,1930,25,4,2415,207
07402,2556,2186,345,20,0,387,5
07405,5770,5144,585,29,0,727,12
07407,3322,2870,408,3,5,498,36
07408,13552,11688,1645,23,14,2081,182
07421,15068,13115,1806,97,0,2185,50
07422,3081,2743,261,0,0,295,77
07423,3081,2801,266,1,2,408,11
07444,1452,1253,195,3,0,207,1
07445,1862,1603,252,5,0,233,2
07446,1246,1032,214,0,0,133,0
07447,19014,16704,1914,16,3,2373,377
07461,20808,15101,3843,116,7,3228,1741
07464,6213,5331,512,63,2,677,305
07465,4885,4280,575,23,0,566,7
07466,17287,13747,2827,104,5,2591,604
07481,13343,10865,1818,27,9,2152,624
07482,5392,4850,506,7,2,641,27
07483,8302,7198,975,39,3,1221,87
07484,3049,2778,251,16,0,496,4
07501,14644,12621,1699,71,5,1967,248
07502,6392,5430,628,48,0,741,286
07503,5826,5127,565,95,1,692,38
07504,6036,5358,575,8,1,759,94
07505,4825,4438,344,39,1,614,3
07521,17018,14422,2352,25,13,2613,206
07522,9471,8378,889,109,0,1286,95
07541,5412,2934,1742,31,2,882,703
07542,3710,1412,2006,12,5,475,275
07543,2128,7,1468,5,14,0,634
07544,2044,1471,458,23,0,345,92
07545,847,0,743,1,1,0,102
07546,0,0,0,0,0,0,0
07547,1923,10,1404,3,45,5,461
07548,420,6,338,3,10,0,63
07561,7905,6304,1399,30,0,1232,172
07564,1318,8,804,12,7,0,487
08201,270685,184584,57973,781,110,56069,27237
08202,174508,130373,26776,577,22,30973,16760
08203,142074,99338,24761,1038,36,25379,16901
08204,139344,108472,20883,857,82,21139,9050
08205,73061,55840,8670,197,25,9911,8329
08207,50645,40524,6849,505,22,7147,2745
08208,76420,56514,11047,641,37,11344,8181
08210,42521,33700,5660,472,18,6352,2671
08211,60834,48646,6916,1132,37,8408,4103
08212,48602,42631,5477,109,12,6406,373
08214,27699,22230,4037,81,10,4454,1341
08215,41801,33335,6015,179,18,6640,2254
08216,73173,57373,9823,196,12,10511,5769
08217,104524,79737,14962,444,43,14900,9338
08219,84651,62263,13985,384,37,13511,7982
08220,241656,147003,61783,3249,70,51054,29551
08221,156581,114048,27479,765,57,27320,14232
08222,66950,49152,12179,278,26,11378,5315
08223,27604,22149,3262,86,7,3772,2100
08224,68421,48723,13058,467,5,10405,6168
08225,39267,33121,4471,99,20,5472,1556
08226,53502,42907,7612,103,13,7186,2867
08227,100753,80631,11620,464,15,13241,8023
08228,52265,43639,5129,679,3,6263,2815
08229,39039,32985,3410,320,14,4894,2310
08230,40087,32536,5573,290,4,5672,1684
08231,39122,33682,3417,110,6,4498,1907
08232,95454,65776,16438,639,55,15898,12546
08233,32185,28249,2429,690,7,3491,810
08234,45953,36596,4063,1577,14,5117,3703
08235,49872,38152,8543,198,17,7352,2962
08236,48870,38728,7013,608,15,7467,2506
08302,31401,25852,4193,359,3,3819,994
08309,15715,12202,2023,245,7,2183,1238
08310,18097,15982,1624,16,25,2100,450
08341,37891,28899,6973,129,22,6541,1868
08364,15736,13939,1507,29,1,2030,260
08442,14602,11147,2258,42,3,2723,1152
08443,48553,36461,9297,184,15,7166,2596
08447,8231,7385,472,43,2,819,329
08521,21026,18084,1536,788,2,2096,616
08542,8093,7155,586,44,0,849,308
08546,24201,19754,3121,240,21,3108,1065
08564,15340,13837,1294,109,1,1476,99
09201,518757,340551,89714,2884,150,93920,85458
09202,144746,115495,23696,1479,51,23920,4025
09203,155549,127816,23774,1551,102,22818,2306
09204,116228,90019,19384,759,11,19390,6055
09205,94033,77039,13474,657,5,13929,2858
09206,77661,64151,10679,436,36,12295,2359
09208,166666,121026,29712,1159,72,28456,14697
09209,78190,61355,11330,789,14,11665,4702
09210,72087,53726,11439,244,36,11706,6642
09211,31165,25348,4137,148,7,4780,1525
09213,115210,88723,19720,595,363,19264,5809
09214,44513,34804,8878,245,227,7108,359
09215,24875,22074,2611,144,3,3123,43
09216,59507,45250,10717,377,4,9962,3159
09301,30806,23976,4292,185,4,4302,2349
09342,21898,18787,2219,70,4,2748,818
09343,11891,10701,1052,62,1,1486,75
09344,11262,9574,1376,54,3,1328,255
09345,14961,12484,1437,104,4,1376,932
09361,39474,31526,6220,208,4,5636,1516
09364,24913,20883,3739,138,1,3464,152
09384,10354,9532,770,18,0,1194,34
09386,29229,21058,4922,230,7,5101,3012
09407,23956,19791,3140,105,11,2971,909
09411,15215,13796,1258,72,1,1926,88
10201,332149,242810,57802,2043,69,58135,29425
10202,372973,274134,71905,1628,162,68959,25144
10203,106445,85543,14645,462,31,16987,5764
10204,211850,154614,37701,2256,137,36931,17142
10205,223014,160662,38204,2583,72,37302,21493
10206,45337,37396,6972,221,152,8156,596
10207,75309,60109,13454,686,28,13228,1032
10208,74581,60574,10708,235,39,12117,3025
10209,63261,52318,9825,348,24,10027,746
10210,47446,38927,6882,456,24,7040,1157
10211,54907,46364,7064,197,27,7655,1255
10212,49648,39018,7935,232,12,8052,2451
10344,14216,11248,2829,62,2,2315,75
10345,21792,16535,4340,36,18,3510,863
10366,1128,927,187,12,0,197,2
10367,1645,1465,172,7,0,223,1
10382,6576,5945,544,15,2,871,70
10383,1611,1419,150,3,0,224,39
10384,12491,10587,1466,82,3,1525,353
10421,15386,13014,2076,83,0,2245,213
10424,5095,4223,761,39,2,956,70
10425,8850,7627,1019,90,2,1101,112
10426,6049,4448,1101,75,11,1173,414
10428,3511,2928,388,182,0,429,13
10429,12728,11222,1111,167,7,1741,221
10443,3993,3534,364,32,0,477,63
10444,3480,2702,304,3,0,302,471
10448,6953,5838,665,371,3,839,76
10449,17195,15068,1953,92,0,2558,82
10464,36054,27621,5661,331,6,5854,2435
10521,14083,12320,1417,148,2,1640,196
10522,10882,9207,1293,63,0,1346,319
10523,10861,9384,1162,128,5,1316,182
10524,42089,28161,9228,1580,6,8412,3114
10525,25522,22026,2983,183,11,3102,319
11101,93499,62101,17817,190,50,13220,13341
11102,149242,95018,29946,660,44,28867,23574
11103,117784,74539,24908,610,41,23935,17686
11104,165049,108398,26653,424,43,24851,29531
11105,103269,64364,20438,513,30,19843,17924
11106,98661,62674,16743,602,24,17566,18618
11107,164822,103379,35726,1261,28,31845,24428
11108,191563,117898,39759,1111,55,35088,32740
11109,128321,85238,26084,486,62,19771,16451
11110,111815,77804,16445,368,32,14227,17166
11201,354571,244228,52607,1489,98,52285,56149
11202,194415,154391,33297,1010,175,32016,5542
11203,594274,434671,112994,5697,589,104271,40323
11206,78617,64453,10647,338,176,11395,3003
11207,59674,49261,7983,147,1,9442,2282
11208,342464,230855,57251,1270,182,57204,52906
11209,80361,60971,12607,298,19,11158,6466
11210,111623,88367,14756,768,33,14573,7699
11211,78569,58517,12990,599,41,12169,6422
11212,91791,66961,14357,638,34,13477,9801
11214,229792,170575,33818,634,90,34305,24675
11215,148699,110954,23693,657,56,23617,13339
11216,52862,42475,7225,527,20,7433,2615
11217,116828,91066,17600,381,33,16993,7748
11218,141268,110324,20134,674,48,20385,10088
11219,226940,168133,38201,1011,114,36304,19481
11221,248304,160997,38859,1009,101,38009,47338
11222,341621,240742,58371,1199,199,53670,41110
11223,74283,46922,14164,909,98,14074,12190
11224,140899,87007,27422,1127,55,26980,25288
11225,145651,109041,21545,588,41,22392,14436
11227,141083,86775,28784,889,58,26334,24577
11228,75346,51415,13845,496,39,12616,9551
11229,83989,49676,20285,807,28,18683,13193
11230,166017,111743,25519,809,63,24121,27883
11231,74748,58892,12299,281,22,11190,3254
11232,150582,115795,20827,890,47,21326,13023
11233,65201,51378,9196,157,13,9684,4457
11234,93363,58463,17116,580,33,13562,17171
11235,111859,74365,19915,539,103,18766,16937
11237,142145,97624,24770,735,110,21428,18906
11238,61499,50326,10853,216,13,9430,91
11239,100275,73784,16257,569,36,15571,9629
11240,50066,40634,5908,181,11,6537,3332
11241,70117,48821,11840,307,25,11788,9124
11242,54571,44369,7061,290,18,7058,2833
11243,71979,51696,11163,259,30,9879,8831
11245,113597,83737,20033,640,180,18181,9007
11246,52214,41389,8286,230,21,7328,2288
11301,44841,35766,7657,139,20,6621,1259
11324,38434,28749,5399,150,49,4176,4087
11326,35366,27228,5071,170,8,4789,2889
11327,11029,9200,1160,32,1,1364,636
11341,19732,14880,4092,188,5,2551,567
11342,17889,14773,2609,350,4,2332,153
11343,28524,25179,3060,102,4,3754,179
11346,19378,16828,1835,134,5,2212,576
11347,18192,16199,1693,58,1,2241,241
11348,13560,11720,1564,56,3,1418,217
11349,10540,9461,896,113,16,1292,54
11361,7979,6646,1126,23,0,1168,184
11362,9302,8044,1066,33,0,1174,159
11363,6807,6051,721,10,2,775,23
11365,10928,9801,1018,36,1,1369,72
11369,2709,2401,280,0,2,307,26
11381,11039,9322,1523,67,8,1241,119
11383,13359,10554,1766,105,43,1786,891
11385,30343,23529,4491,175,19,4313,2129
11408,32374,26949,4339,228,9,4685,849
11442,34147,26227,5796,116,13,4472,1995
11464,43845,37210,5758,138,9,5745,730
11465,28266,22825,3086,67,12,3511,2276
12101,211736,123254,40987,936,71,39949,46488
12102,177328,118820,29692,970,78,30224,27768
12103,160582,105876,28580,929,53,28706,25144
12104,146940,102085,23355,639,67,23251,20794
12105,129421,89384,20556,386,67,19450,19028
12106,148944,102407,22859,1732,53,23555,21893
12202,58431,49397,6651,1117,27,8496,1239
12203,496676,304644,104781,4218,200,100284,82833
12204,642907,429365,119608,3943,239,111218,89752
12205,45153,33327,7883,93,108,7680,3742
12206,136166,96018,26538,734,55,23094,12821
12207,498232,330977,85994,3040,277,81635,77944
12208,152638,115923,22014,906,76,20603,13719
12210,86782,66661,12535,270,17,12797,7299
12211,132906,91391,26366,1530,59,25833,13560
12212,168743,131289,22878,823,52,23564,13701
12213,58219,43008,8550,263,8,8688,6390
12215,63745,53387,8741,652,9,8697,956
12216,176197,117833,38254,1446,67,33740,18597
12217,426468,285242,76792,2387,154,65747,61893
12218,16927,13560,2858,76,5,2651,428
12219,269524,208301,46301,1146,4247,47709,9529
12220,199849,127348,44237,1185,227,29504,26852
12221,199498,134609,37557,1325,72,32483,25935
12222,130510,91914,17864,507,40,18193,20185
12223,32116,24458,5227,236,6,5241,2189
12224,109932,75746,15689,309,30,15296,18158
12225,82206,62980,13141,246,39,14544,5800
12226,42465,35124,5201,126,11,5689,2003
12227,171362,103196,35724,1707,43,34634,30692
12228,93576,67680,15551,315,19,12688,10011
12229,63883,46336,11420,288,25,9084,5814
12230,67455,55966,9683,568,32,10305,1206
12231,102609,72997,20444,683,51,12623,8434
12232,62441,47927,7893,354,19,7576,6248
12233,49735,38454,9772,676,76,8494,757
12234,35831,31028,4032,227,12,4168,532
12235,35040,27793,3006,72,10,3702,4159
12236,72356,62511,7405,331,24,9022,2085
12237,48444,40546,4682,243,12,6139,2961
12238,35544,30776,4217,222,2,4652,327
12239,48129,37645,6431,170,24,6180,3859
12322,20745,16302,3819,154,13,3100,457
12329,20127,17554,2405,68,3,2504,97
12342,5816,5243,436,22,2,617,113
12347,13735,11875,1207,230,1,1479,422
12349,13228,11711,1013,156,24,1217,324
12403,14639,11945,1150,180,11,1703,1353
12409,7033,6098,740,80,1,789,114
12410,22075,18492,2092,98,17,2557,1376
12421,11897,9431,2156,68,3,1569,239
12422,6760,5914,814,17,0,688,15
12423,13803,11028,1853,25,0,1561,897
12424,10305,9211,999,28,1,1119,66
12426,6721,5697,555,32,1,696,436
12427,7198,6670,513,4,1,695,10
12441,8885,7427,1263,54,8,1156,133
12443,6874,5736,966,14,3,837,155
12463,6993,6143,746,33,4,1043,67
13101,66680,25920,17025,965,24,14738,22746
13102,169179,74860,48898,3390,76,36272,41955
13103,260486,100252,46303,4947,58,52364,108926
13104,349385,136689,60808,5744,126,73404,146018
13105,240069,115845,55638,4458,60,50684,64068
13106,211444,99766,41832,2203,83,38823,67560
13107,272085,147869,57359,2370,48,52001,64439
13108,524310,293224,101320,6545,137,96200,123084
13109,422488,217222,97436,4844,102,85698,102884
13110,288088,137571,53896,4220,81,60266,92320
13111,748081,413859,156550,7173,192,148736,170307
13112,943664,482941,190680,12580,266,192050,257197
13113,243883,103786,46061,3360,1401,48692,89275
13114,344880,159542,68329,4099,72,71231,112838
13115,591108,299904,121839,6526,136,123334,162703
13116,301599,136696,56901,4483,84,60532,103435
13117,355213,186040,71258,3566,117,70252,94232
13118,217475,122209,39264,2043,123,37737,53836
13119,584483,307134,105698,4757,225,105840,166669
13120,752608,415150,149527,6519,170,143744,181242
13121,695043,381389,108027,3606,371,108625,201650
13122,453093,270956,77748,3171,275,73365,100943
13123,697932,402065,125705,6515,175,129192,163472
13201,579355,368701,100107,3301,185,93194,107061
13202,183581,107040,33738,936,80,32415,41787
13203,150149,97230,36629,2246,38,33265,14006
13204,195391,107836,40414,1972,93,37969,45076
13205,133535,92104,19050,342,75,19097,21964
13206,262790,162670,51105,1820,278,48914,46917
13207,113949,78776,21961,648,106,19500,12458
13208,242614,132742,48582,1634,61,45874,59595
13209,431079,291010,72683,2107,131,66382,65148
13210,126074,69777,27540,1350,33,26365,27374
13211,198739,114190,36682,1179,70,33764,46618
13212,190435,116157,33941,850,42,32091,39445
13213,151815,97908,25949,568,41,23699,27349
13214,129242,73490,26231,1108,41,23907,28372
13215,77130,45703,16226,693,68,15248,14440
13218,56414,33773,8691,390,27,10079,13533
13219,84772,51235,17468,587,32,14952,15450
13220,83901,59110,12495,187,41,12578,12068
13221,76208,48986,13267,216,39,11461,13700
13222,115271,76008,18389,479,42,17333,20353
13223,70829,43237,9015,248,25,9416,18304
13224,146951,98940,26818,877,70,24990,20246
13225,93151,59723,17487,451,37,14533,15453
13227,54326,37280,8497,223,15,9119,8311
13228,79292,58269,11305,252,33,10712,9433
13229,207388,125094,38391,1537,100,34758,42266
13303,31765,23586,4140,99,13,4222,3927
13305,16958,12556,3036,26,3,2052,1337
13307,2003,1647,325,1,0,270,30
13308,4750,3866,777,32,0,558,75
13361,7102,5266,1668,36,1,1511,131
13362,327,220,100,6,1,80,0
13363,2441,1975,455,9,2,400,0
13364,1855,1405,432,11,0,279,7
13381,2273,1619,641,3,0,522,10
13382,323,233,82,8,0,75,0
13401,7042,5127,1701,21,6,1584,187
13402,169,90,78,1,0,43,0
13421,2929,1702,1196,23,2,727,6
14101,297437,182902,51819,2324,103,51021,60289
14102,247267,145675,49423,1821,65,47608,50283
14103,104935,59184,24728,1288,37,21279,19698
14104,151388,79569,28169,2443,72,29157,41135
14105,198157,122710,33210,1322,91,33165,40824
14106,207811,135117,35082,1407,44,35042,36161
14107,166731,114551,28294,1080,49,28091,22757
14108,198939,141888,32432,860,64,33395,23695
14109,358530,212346,76144,2792,66,75785,67182
14110,283709,198011,53523,1737,100,48007,30338
14111,215248,148716,35224,788,85,35298,30435
14112,245174,172882,38580,759,88,38272,32865
14113,183082,123527,34328,1236,56,33327,23935
14114,122623,85749,18610,319,37,20049,17908
14115,120194,84980,18545,397,63,19802,16209
14116,152378,111475,25116,513,112,25090,15162
14117,310756,201812,59312,3008,77,62494,46547
14118,213132,137909,42997,1977,71,45419,30178
14131,232965,134323,43255,2070,75,40939,53242
14132,171119,107257,37474,1133,51,31680,25204
14133,263683,148071,66924,2617,69,62962,46002
14134,234328,137270,46549,1701,52,47910,48756
14135,221734,124465,49104,1533,59,47496,46573
14136,233728,144549,45083,2056,78,43859,41962
14137,180705,114101,33244,1436,55,31953,31869
14151,170207,120598,24414,678,49,27206,24468
14152,273875,180870,46061,981,99,44112,45864
14153,281411,183561,50326,1637,88,48087,45799
14201,388078,285496,60651,1275,143,64865,40513
14203,258422,175480,41470,859,56,39693,40557
14204,172710,123632,28380,1069,57,26502,19572
14205,436905,295953,87137,2702,197,78209,50916
14206,188856,136546,30067,774,62,31564,21407
14207,242389,171182,39361,966,243,37362,30637
14208,57060,42034,8927,382,11,8450,5706
14210,42069,35364,5996,156,9,5936,544
14211,162439,120641,26397,874,68,25909,14459
14212,223705,168465,37929,1707,76,39350,15528
14213,239169,172010,48178,1010,426,46624,17545
14214,101780,71706,17731,846,37,17362,11460
14215,136516,98810,27198,698,47,21796,9763
14216,132325,98865,21013,540,45,20069,11862
14217,40841,34734,5551,124,6,6040,426
14218,83913,59255,11515,425,32,11936,12686
14301,31665,24394,4546,170,14,4187,2541
14321,48348,35745,8425,268,15,7553,3895
14341,31634,26042,4944,88,6,3975,554
14342,27564,22140,3851,86,4,3859,1483
14361,9300,7615,1205,103,5,1041,372
14362,17129,13463,2664,34,0,2219,968
14363,10836,9028,1578,19,6,1577,205
14364,9761,8643,994,53,0,1249,71
14366,18329,14026,3849,51,20,2483,383
14382,11293,7500,2649,143,32,2736,969
14383,6722,5642,805,25,0,858,250
14384,23426,18385,4057,88,6,3626,890
14401,39869,30563,5523,556,6,5592,3221
14402,3038,2604,416,7,0,329,11
15101,72804,57577,9887,176,14,10346,5150
15102,134446,98675,24213,234,30,25397,11294
15103,180345,117353,43102,674,44,41947,19172
15104,67972,53018,11678,130,14,10663,3132
15105,75069,60679,10985,80,23,10627,3302
15106,43437,35680,5356,56,16,5988,2329
15107,160656,115491,32412,372,37,30151,12344
15108,54546,45875,5409,134,4,6532,3124
15202,266936,205686,41950,936,24,43281,18340
15204,94642,79057,11330,345,30,12923,3880
15205,81526,66243,12064,206,11,13459,3002
15206,94927,77621,13999,284,22,14085,3001
15208,34096,28662,3909,37,5,4823,1483
15209,25441,22709,2537,35,3,3374,157
15210,49820,43249,5676,76,4,7315,815
15211,39237,33013,5283,175,4,5336,762
15212,57418,49388,7617,168,8,8400,237
15213,77201,64821,10778,239,12,11100,1351
15216,40765,34551,5502,135,5,6316,572
15217,30383,25574,3716,127,0,4689,966
15218,47625,41236,5094,307,7,6297,981
15222,188047,149382,29870,685,51,31670,8059
15223,40696,34566,4149,141,9,5012,1831
15224,51492,43785,6828,56,2,7511,821
15225,34483,29686,4246,117,14,5158,420
15226,54851,45104,7538,391,6,8239,1812
15227,28509,24191,3984,141,10,4056,183
15307,14259,11215,2342,191,4,1985,507
15342,7705,7013,682,3,0,829,7
15361,11227,9980,1056,30,0,1237,161
15385,9965,8891,992,19,0,1442,63
15405,4113,3617,464,2,0,498,30
15461,7767,5890,1343,59,5,1180,470
15482,8989,7936,818,17,0,1048,218
15504,4380,3858,435,4,1,599,82
15581,5144,4713,427,1,0,636,3
15586,353,255,95,1,2,50,0
16201,413938,314735,73562,2911,101,70866,22629
16202,166393,131971,24058,1196,68,25177,9100
16204,40535,31834,5353,266,5,5946,3077
16205,43950,39087,3817,266,2,5247,778
16206,32349,26531,4656,270,8,4415,884
16207,39638,32566,5365,256,6,5771,1445
16208,48154,39384,6491,407,1,6586,1871
16209,28983,24923,3031,356,0,3419,673
16210,47937,42203,4764,494,2,5966,474
16211,90742,73863,12674,816,16,12537,3373
16321,3132,2586,500,35,0,354,11
16322,19351,17140,1868,124,0,2419,219
16323,24792,21597,2544,112,1,2781,538
16342,23839,20655,2347,211,5,2865,621
16343,11081,9905,1091,46,0,1440,39
17201,463254,313539,93339,2043,148,91862,54185
17202,50300,41091,6924,457,7,7717,1821
17203,106216,82135,16915,1030,13,17129,6123
17204,24608,20591,3719,81,0,3697,217
17205,12929,11651,1160,67,4,1623,47
17206,63220,50571,7775,496,10,9230,4368
17207,20407,17862,2374,93,0,2790,78
17209,34889,27689,5598,177,10,4719,1415
17210,110408,90717,16392,969,7,15129,2323
17211,48523,39684,7297,678,31,7039,833
17212,57238,37534,16224,174,25,13090,3281
17324,6135,5384,701,44,0,779,6
17361,36957,30787,5449,150,6,4978,565
17365,26574,20396,3860,185,1,3782,2132
17384,18630,16476,2018,74,0,2526,62
17386,12121,11013,919,135,0,1361,54
17407,16540,14674,1706,127,2,2079,31
17461,7890,6539,1132,32,0,1081,187
17463,15687,13906,1674,74,2,1980,31
18201,262328,198058,46827,1430,154,45555,15859
18202,64264,48370,11383,210,10,11832,4291
18204,28991,21949,4025,51,24,4352,2942
18205,31286,27301,3404,250,5,3998,326
18206,22150,19439,1982,181,37,2609,511
18207,68302,54032,9426,362,25,8952,4457
18208,27524,22963,2734,277,4,3218,1546
18209,80611,65548,10543,2153,67,11781,2300
18210,88481,72217,10217,813,3,11351,5231
18322,18965,15407,2866,121,1,2606,570
18382,2423,2132,257,11,2,289,21
18404,10002,8987,881,33,0,1175,101
18423,20118,17762,1815,109,0,2507,432
18442,9179,7580,1312,37,1,1503,249
18481,10326,8142,1502,56,2,1491,624
18483,7910,6745,1067,25,1,1111,72
18501,14003,12351,1371,48,0,1793,233
19201,189591,129000,39738,1122,114,38245,19617
19202,46530,36057,7024,173,30,7890,3246
19204,31016,21541,5862,210,7,5765,3396
19205,33435,26687,4349,60,4,4746,2335
19206,22512,19353,2044,58,2,3040,1055
19207,29067,23634,4230,136,4,4672,1063
19208,69459,55300,9989,162,14,10052,3994
19209,44053,36744,6926,193,3,6069,187
19210,75313,54171,14602,297,16,13500,6227
19211,66947,53727,10134,192,25,10381,2869
19212,22669,19223,2739,189,1,2977,517
19213,29237,25667,3306,67,4,3953,193
19214,31216,21363,5060,520,3,5454,4270
19346,14700,12500,1562,28,0,1804,610
19364,1098,734,355,6,0,176,3
19365,10663,9434,1107,53,0,1601,69
19366,7156,6441,688,20,1,964,6
19368,14219,11767,1821,36,0,2117,595
19384,20909,13616,4679,243,5,3903,2366
19422,1607,1446,153,6,0,177,2
19423,4041,3626,396,11,0,552,8
19424,9237,6560,2234,84,0,1941,359
19425,5179,4266,689,58,0,742,166
19429,2824,2401,344,19,0,352,60
19430,26082,19672,4983,156,1,4488,1270
19442,684,568,109,7,0,88,0
19443,530,415,112,3,0,68,0
20201,372760,271201,72228,865,113,74473,28353
20202,241145,176364,56908,1197,158,52964,6518
20203,154055,120128,29290,1035,144,28354,3458
20204,47790,39023,7125,295,4,7937,1343
20205,98164,77441,15733,440,17,17361,4533
20206,48729,37286,9571,356,6,10064,1510
20207,49559,39254,8012,236,24,7683,2033
20208,40991,32254,6281,221,16,6488,2219
20209,66125,53052,10706,367,41,11437,1959
20210,32202,25196,5390,171,12,5283,1433
20211,42338,34602,5998,304,3,6580,1431
20212,26029,20180,3131,169,1,4020,2548
20213,19539,17098,2050,82,3,2852,306
20214,56400,43016,9598,344,12,9232,3430
20215,67241,51541,14386,473,5,13017,836
20217,98199,71237,17221,358,17,16145,9366
20218,58852,46730,8858,221,5,8362,3038
20219,30122,25758,4118,161,1,4339,84
20220,94222,75499,14121,325,50,13778,4227
20303,4353,3717,519,34,1,544,82
20304,4344,3261,299,772,3,439,9
20305,3242,2421,366,401,1,377,53
20306,962,806,144,9,2,135,1
20307,752,584,142,25,0,106,1
20309,10218,8842,1028,19,4,1261,325
20321,19188,12774,3309,240,1,3190,2864
20323,15555,11004,2927,227,3,2431,1394
20324,6612,5742,645,61,4,852,160
20349,4121,3567,524,12,1,466,17
20350,5600,5007,574,17,0,751,2
20361,19155,15680,2792,80,6,3054,597
20362,14084,11753,1891,99,0,1842,341
20363,7680,6258,1229,81,0,883,112
20382,18555,15764,2473,100,2,2752,216
20383,24989,19478,3515,223,1,3409,1772
20384,9004,7796,1084,103,0,1142,21
20385,15797,11434,3341,84,1,2719,937
20386,4651,4141,477,29,0,569,4
20388,8569,7139,1084,143,0,1237,203
20402,12530,10869,1553,50,0,1683,58
20403,12811,10596,1601,84,0,1713,530
20404,4299,3532,647,13,2,629,105
20407,6068,5260,777,22,2,811,7
20409,387,328,53,2,0,75,4
20410,852,719,120,11,1,133,1
20411,3545,3088,446,8,1,487,2
20412,548,427,104,1,0,102,16
20413,1178,1002,155,1,0,155,20
20414,1542,1291,251,0,0,217,0
20415,5973,5320,570,8,0,691,75
20416,6426,5632,766,11,0,662,17
20417,1023,775,244,4,0,147,0
20422,4131,3527,576,7,0,659,21
20423,3915,3354,499,10,1,582,51
20425,2692,2398,279,0,0,320,15
20429,715,607,95,9,0,104,4
20430,3439,2998,392,38,1,501,10
20432,10584,8732,1647,28,2,1846,175
20446,2593,2221,365,4,0,303,3
20448,1639,1450,186,2,0,257,1
20450,8400,7098,1194,83,0,1105,25
20451,4279,3799,470,6,1,561,3
20452,4149,3763,359,6,13,521,8
20481,9382,8025,1118,67,3,1011,169
20482,9599,8047,1463,25,0,1216,64
20485,8575,6717,1424,169,3,1567,262
20486,2647,2220,409,16,0,510,2
20521,14004,11964,1680,184,0,2015,176
20541,10660,9099,1507,22,0,1278,32
20543,6617,5861,673,73,0,713,10
20561,11352,10204,1030,56,1,1482,61
20562,4375,3738,427,6,0,465,204
20563,3279,2851,331,22,0,369,75
20583,7739,6873,818,21,3,1011,24
20588,2215,1961,240,4,1,336,9
20590,10296,9076,1040,30,3,1161,147
20602,1660,1457,197,2,0,251,4
21201,402557,294689,71035,2208,142,71357,34483
21202,158286,124942,28880,1554,145,28144,2765
21203,84419,68370,13067,378,20,14128,2584
21204,106732,85284,14353,724,15,15899,6356
21205,85283,68167,11976,1096,18,12964,4026
21206,76570,61866,9819,762,16,11158,4107
21207,19247,16464,1941,374,4,2603,464
21208,37150,28336,6131,259,9,6104,2415
21209,65649,50301,8521,295,22,9089,6510
21210,47774,40747,5864,356,8,6709,799
21211,56689,41701,9922,1020,3,9185,4043
21212,55348,44812,6905,387,6,7715,3238
21213,144521,109402,21783,1070,30,22710,12236
21214,99968,71054,13455,1547,14,14854,13898
21215,25280,22215,2410,488,3,3020,164
21216,56388,39701,10630,522,20,9763,5515
21217,22538,19551,2750,80,0,3458,157
21218,32928,26677,3874,353,13,4332,2011
21219,38997,33648,4701,327,0,5532,321
21220,30428,25940,3607,268,9,4468,604
21221,32735,28805,2526,424,1,3818,979
21302,25881,17099,5228,188,3,4784,3363
21303,22208,16556,3983,148,3,3730,1518
21341,26882,23148,2001,200,0,3235,1533
21361,26402,21597,3372,302,2,3699,1129
21362,6610,5980,449,69,0,731,112
21381,18585,15754,2101,204,0,2361,526
21382,9654,8106,1145,338,4,1265,61
21383,14355,12088,1658,106,1,1865,502
21401,19529,17727,1584,139,0,2314,79
21403,22041,18840,2347,107,9,2775,738
21404,23360,19501,2271,241,0,2767,1347
21421,18139,12695,3394,63,0,3191,1987
21501,8071,6308,1461,146,2,1229,154
21502,5626,4379,772,85,1,624,389
21503,9860,8403,1305,71,1,1322,80
21504,3402,3085,242,17,1,475,57
21505,10195,8993,963,66,1,1158,172
21506,7412,6623,689,90,1,973,9
21507,2016,1831,172,13,0,262,0
21521,17516,14757,2246,188,3,2322,322
21604,1511,1302,189,19,0,238,1
22101,249297,183763,47845,850,59,47245,16780
22102,213026,146105,46778,1303,56,45831,18784
22103,231066,178780,37506,1081,67,39322,13632
22131,235240,164633,54568,2608,25,54037,13406
22132,129356,96642,25877,1035,37,25444,5765
22133,108160,86303,18361,813,14,19425,2669
22134,99769,77009,18240,916,16,19406,3588
22135,92688,72841,16319,690,21,15445,2817
22136,98779,77803,17660,741,25,15325,2550
22137,26726,23100,2968,131,6,4228,521
22203,189386,129589,29979,961,59,34026,28798
22205,34208,25308,7437,207,12,6349,1244
22206,107783,81824,20391,514,11,20484,5043
22207,128105,100121,20110,760,14,20689,7100
22208,65491,48650,10294,217,12,10241,6318
22209,95719,78752,14838,608,8,14978,1513
22210,245392,186293,41976,1546,54,42704,15523
22211,166672,130942,27997,2373,209,28016,5151
22212,136845,110140,23839,1668,16,23139,1182
22213,114954,89315,20238,1356,18,20142,4027
22214,141342,113443,23043,646,33,23007,4177
22215,86614,61779,17457,636,28,18227,6714
22216,87864,65780,15858,1495,17,15987,4714
22219,20183,16422,3201,57,7,3574,496
22220,50911,37658,10173,362,5,10832,2713
22221,57885,47252,8809,1233,12,9939,579
22222,28190,23802,3734,104,1,4320,549
22223,31103,25042,4312,214,1,5322,1534
22224,47789,36786,7876,1019,13,7940,2095
22225,46804,37360,8541,186,15,8299,702
22226,43502,35846,5349,983,7,6731,1317
22301,11488,9353,1763,75,0,1766,297
22302,6870,5639,918,20,0,932,293
22304,7877,6639,1166,18,4,1025,50
22305,6038,5413,598,11,0,815,16
22306,7090,6275,714,59,0,916,42
22325,36794,28663,6857,146,15,6580,1113
22341,31710,23826,7058,299,1,6594,526
22342,43336,30983,11561,342,17,10056,433
22344,18568,13997,4234,72,3,3606,262
22424,28919,22023,4223,598,5,4712,2070
22429,6206,5532,613,52,0,798,9
22461,17457,15163,1877,225,1,2288,191
23101,165245,97105,39428,2145,117,38322,26450
23102,84392,44817,22767,756,75,18161,15977
23103,162956,101406,32172,726,81,32444,28571
23104,151082,95278,30869,759,65,30618,24111
23105,138599,80364,29576,803,71,28786,27785
23106,93100,36963,24434,1294,44,22705,30365
23107,107599,62100,26504,1467,34,24832,17494
23108,108332,70390,24551,803,41,21802,12547
23109,66957,41260,13559,470,27,12737,11641
23110,220728,141571,41523,1031,104,43441,36499
23111,143715,95204,23558,1373,24,26171,23556
23112,134510,89673,23202,848,70,23836,20717
23113,176587,117310,35564,690,94,32930,22929
23114,248802,172587,43306,1369,66,42625,31474
23115,164755,98712,39419,1698,62,40555,24864
23116,164817,100729,36747,1183,53,35670,26105
23201,371920,279525,66611,5066,384,69165,20334
23202,384654,283525,65530,3717,116,67024,31766
23203,380073,277218,53509,1618,77,55646,47651
23204,127792,98592,18493,764,49,18303,9894
23205,117884,86671,20884,1076,48,20246,9205
23206,308681,220639,55488,2052,70,56642,30432
23207,184661,141418,34159,1918,66,32298,7100
23208,60942,48706,8459,592,22,9258,3163
23209,72458,54357,11782,1463,50,11502,4806
23210,153834,103049,28419,1853,44,29754,20469
23211,422330,306580,70704,5262,106,74814,39678
23212,187990,134995,32793,2105,51,32793,18046
23213,169046,131670,23269,2681,62,23096,11364
23214,79538,62090,12583,756,13,12360,4096
23215,73090,57042,10356,699,24,10462,4969
23216,58710,43950,9326,442,24,8271,4968
23217,98255,75751,14417,505,24,14124,7558
23219,148831,104306,23684,2226,41,26308,18574
23220,134751,106103,20169,1087,43,20639,7349
23221,44355,37197,5521,399,9,6507,1229
23222,113787,80904,19572,678,33,19709,12600
23223,93123,65123,16626,913,14,16172,10447
23224,84364,63998,12577,574,25,13124,7190
23225,72193,49587,13597,1321,8,14094,7680
23226,83144,65481,15668,441,166,13289,1388
23227,46106,33197,7936,905,8,7376,4060
23228,47983,31907,8792,495,36,9394,6753
23229,69295,50514,11118,886,30,11094,6747
23230,91520,63084,17864,843,20,15751,9709
23231,59360,48789,7365,717,18,8790,2471
23232,60829,52114,6830,466,11,7300,1408
23233,67352,46054,13455,502,10,12581,7331
23234,86385,59549,15642,589,40,15546,10565
23235,43025,33640,7210,639,15,7097,1521
23236,61952,45707,10159,794,15,10755,5277
23237,86126,65547,13033,592,40,13231,6914
23238,60162,38860,13387,559,16,11272,7340
23302,43903,32823,6737,548,14,6206,3781
23342,15613,11105,3088,141,17,2663,1262
23361,24305,18093,4501,299,2,3578,1410
23362,34133,26296,5749,186,15,5251,1887
23424,32399,22176,5383,94,29,4916,4717
23425,37338,27110,6058,451,32,6230,3687
23427,4575,3764,615,187,0,405,9
23441,28383,22819,3600,133,10,3119,1821
23442,49596,38389,7453,367,15,7134,3372
23445,16617,14658,1374,313,38,2175,234
23446,22496,17693,3481,166,66,3192,1090
23447,43535,32954,6642,360,13,6133,3566
23501,42449,31619,7729,551,8,6160,2542
23561,4437,3753,570,10,0,679,104
23562,2942,2461,435,5,0,472,41
23563,1017,824,186,7,0,193,0
24201,274537,205528,46610,2434,97,46729,19868
24202,305424,208988,46324,1929,79,50120,48104
24203,122765,97998,19906,534,78,21032,4249
24204,159145,122719,24711,949,35,26650,10731
24205,138613,106918,20415,1464,84,21778,9732
24207,195670,144023,30967,1740,69,32060,18871
24208,76387,61698,10106,438,16,10875,4129
24209,16252,12890,2328,92,5,2806,937
24210,49835,37238,6900,653,20,6912,5024
24211,17525,14694,2433,70,12,2974,316
24212,15965,12888,2695,52,2,2819,328
24214,44973,35560,5827,714,12,5952,2860
24215,46057,39047,5690,147,9,6973,1164
24216,88766,67916,11575,1879,27,13054,7369
24303,6023,4952,533,158,1,672,379
24324,25784,21145,3596,218,20,2888,805
24341,40559,32851,5750,277,32,5055,1649
24343,11021,8983,1732,44,0,1402,262
24344,15123,10903,3354,278,19,3184,569
24441,14021,12304,1404,103,4,1539,206
24442,22445,19040,2942,112,27,2611,324
24443,8668,7430,1088,74,1,1189,75
24461,15041,12277,1880,140,2,1868,742
24470,7847,7018,669,34,0,841,126
24471,7815,6948,715,57,0,1044,95
24472,10989,9885,883,64,3,1611,154
24543,14604,12086,1889,139,5,2302,485
24561,8079,6813,1188,24,0,1277,54
24562,10321,8223,1661,74,7,1983,356
25201,345070,243902,55571,1326,127,51827,44144
25202,113647,84346,19625,875,34,18554,8767
25203,113636,93704,14425,1190,30,16354,4287
25204,81122,64512,12218,532,35,11701,3825
25206,143913,91420,26184,1152,63,23332,25094
25207,83236,61374,13410,549,12,12161,7891
25208,68820,50525,14447,651,23,13643,3174
25209,88358,70908,10647,1048,64,11779,5691
25210,50513,38570,7276,365,5,7291,4297
25211,54460,40814,8135,981,14,8454,4516
25212,46377,38570,5966,202,13,6761,1626
25213,112819,90577,16261,1191,22,16148,4768
25214,37225,31567,3984,320,7,4558,1347
25383,20964,16518,2428,202,8,2719,1808
25384,11789,9888,1512,58,0,1408,331
25425,20893,15140,2484,216,11,2737,3042
25441,7132,5200,787,35,1,826,1109
25442,6362,5558,316,33,0,597,455
25443,7274,6084,855,28,0,664,307
26101,117165,71126,20663,646,37,19370,24693
26102,83832,46314,16378,1006,26,16500,20108
26103,166039,95257,31285,2153,147,32872,37197
26104,110488,62345,20272,883,33,21713,26955
26105,36602,21637,5608,246,11,6768,9100
26106,82784,44498,16347,773,20,17327,21146
26107,101970,58962,17659,597,51,17373,24701
26108,202047,125284,30566,698,95,31457,45404
26109,277858,169769,43176,1560,123,45245,63230
26110,135101,82175,21530,413,82,21138,30901
26111,149837,94180,21927,438,47,26331,33245
26201,77306,56115,13754,375,28,14164,7034
26202,80336,59016,14752,210,24,15518,6334
26203,31846,25977,5086,276,3,5020,504
26204,179630,134664,24523,692,57,26214,19694
26205,16758,13502,2503,60,5,2586,688
26206,86174,64757,10290,220,34,11416,10873
26207,74607,58446,8794,197,25,9506,7145
26208,56859,40291,10280,198,87,7835,6003
26209,80608,61301,13833,518,45,13000,4911
26210,70433,55056,8475,755,118,9660,6029
26211,73753,50773,12980,765,74,10458,9161
26212,50860,42654,5746,215,27,6768,2218
26213,31629,24412,5786,118,17,4586,1296
26214,77907,55354,13136,264,12,10038,9141
26303,15953,12089,3113,53,9,2413,689
26322,15250,11969,1790,232,15,2124,1244
26343,7406,5719,613,114,1,822,959
26344,8911,7331,722,201,5,977,652
26364,1144,1051,46,2,0,139,45
26365,3478,3215,206,3,0,401,54
26366,36198,28423,4355,177,10,4689,3233
26367,2391,2124,147,9,1,280,110
26407,12907,11350,1287,72,4,1665,194
26463,1928,1697,219,2,3,231,7
26465,20092,16920,2306,21,4,2902,841
27102,107904,58877,19237,544,100,18816,29146
27103,79328,39418,17895,343,53,16126,21619
27104,65251,38880,9671,330,28,11203,16342
27106,105862,43207,23213,845,39,21532,38558
27107,80948,46717,12555,550,39,13599,21087
27108,62083,39911,8428,194,41,9906,13509
27109,82148,39565,17186,620,43,15683,24734
27111,75504,21967,13075,1195,33,14818,39234
27113,95864,57965,14457,525,36,15380,22881
27114,177120,92463,33377,1080,79,35238,50121
27115,84906,45462,15381,512,32,14116,23519
27116,127309,67166,17001,1037,102,18373,42003
27117,89670,52923,14472,361,38,14909,21876
27118,169043,101956,28934,633,74,28296,37446
27119,110995,64783,20177,664,60,18626,25311
27120,153056,87040,26722,583,75,27563,38636
27121,127849,75087,22609,425,79,21964,29649
27122,106111,50128,15760,848,128,16325,39247
27123,183444,93239,38149,1162,64,36350,50830
27124,112691,69899,18634,285,43,19747,23830
27125,120072,73536,17094,567,85,19023,28790
27126,192152,113366,28171,622,88,31664,49905
27127,139376,58028,33201,995,69,29138,47083
27128,103726,40425,25327,1111,45,25118,36818
27141,148682,94095,28269,1033,119,26056,25166
27142,121236,84697,16735,242,52,19351,19510
27143,85043,62025,12145,250,52,11881,10571
27144,135375,95310,20817,447,73,20884,18728
27145,138464,101610,19117,400,62,23098,17275
27146,159757,104705,31270,536,86,31478,23160
27147,37604,28654,4072,221,18,4599,4639
27202,190658,132385,23946,498,90,27923,33739
27203,401558,257987,84103,2626,190,81010,56652
27204,104993,69578,21232,939,52,19777,13192
27205,385567,240667,85402,2306,132,78044,57060
27206,74412,50139,11401,321,50,12090,12501
27207,352698,247260,58049,1126,124,58973,46139
27208,84443,64759,11610,372,42,13375,7660
27209,143096,94882,24392,444,135,23211,23243
27210,397289,274509,58367,1103,137,61370,63173
27211,287730,188509,55673,1306,113,54119,42129
27212,264642,181777,40519,1104,120,39892,41122
27213,100131,71401,17228,654,56,16303,10792
27214,108699,81046,16255,364,50,17857,10984
27215,229733,162302,32655,597,127,36625,34052
27216,101692,78761,11618,196,54,14040,11063
27217,117641,83646,15519,287,54,16341,18135
27218,119367,82796,16625,529,66,18294,19351
27219,184495,130496,25868,525,55,25886,27551
27220,136868,90792,26138,1122,90,24333,18726
27221,68775,50697,9771,404,146,11014,7757
27222,108736,82420,15063,259,52,15478,10942
27223,119764,79167,18019,495,56,20148,22027
27224,87456,56068,16317,365,26,15189,14680
27225,55635,40462,9297,175,28,9198,5673
27226,63688,47551,9255,169,27,9649,6686
27227,493940,305529,64939,1859,194,72121,121419
27228,60102,45175,8161,176,22,9407,6568
27229,55177,39823,8437,163,35,8304,6719
27230,75033,57107,11329,234,34,10674,6329
27231,58435,40619,8788,113,46,7818,8869
27232,51254,41362,6051,108,29,7371,3704
27301,30927,23337,5673,139,11,4662,1767
27321,18279,16329,1524,50,5,2060,371
27322,9079,7724,859,49,6,1392,441
27341,16567,12184,2239,91,10,2336,2043
27361,43763,33209,6013,91,11,5534,4439
27362,8434,5737,1931,42,6,1519,718
27366,14741,12552,1919,16,16,1995,238
27381,13009,10792,1341,53,7,1485,816
27382,15697,12524,1992,54,15,1853,1112
27383,4909,4367,404,4,0,530,134
28101,213562,136035,39359,1716,81,42410,36371
28102,136747,82825,28423,984,59,27650,24456
28105,109144,62428,21402,732,53,20530,24529
28106,94791,60722,15480,349,44,15732,18196
28107,158719,108838,25401,401,82,26916,23997
28108,215302,149030,35118,554,115,36349,30485
28109,210492,160478,31010,545,85,33345,18374
28110,147518,67832,34327,1483,106,30780,43770
28111,238877,170466,33555,870,59,36964,33927
28201,530495,392301,94334,2322,189,94694,41349
28202,459593,283558,77617,1176,182,79254,97060
28203,303601,203881,52878,788,133,48545,45921
28204,485587,320009,93484,2503,147,95753,69444
28205,41236,30862,5454,113,27,6618,4780
28206,93922,69898,20933,617,76,18783,2398
28207,198138,128712,30054,394,37,31576,38941
28208,28355,23156,4254,215,2,4445,728
28209,77489,63355,11509,391,11,12492,2223
28210,260878,196016,38024,697,76,41274,26065
28212,45892,36727,6366,142,6,7053,2651
28213,38673,31192,4729,326,10,5795,2416
28214,226432,159883,37975,870,75,36960,27629
28215,75294,62345,10477,886,12,10159,1574
28216,87722,72413,13658,343,27,14385,1281
28217,152321,115358,21084,321,34,21731,15524
28218,47562,38360,6143,316,29,6657,2714
28219,109238,80955,14363,364,28,16582,13528
28220,42700,35931,5255,748,14,5606,752
28221,39611,31300,4831,450,11,5326,3019
28222,22129,19084,2647,35,3,3149,360
28223,61471,51241,7826,490,14,8479,1900
28224,44137,36028,5835,228,18,6313,2028
28225,28989,23744,4213,184,9,4507,839
28226,41967,34090,6335,166,12,6268,1364
28227,34819,30212,3903,175,13,5259,516
28228,40645,29665,7030,910,26,6908,3014
28229,74316,61674,9838,234,13,10537,2557
28301,29680,25736,3322,72,18,3255,532
28365,19261,17106,1554,206,1,2218,394
28381,30268,25119,3375,227,14,3164,1533
28382,33604,26000,4702,169,13,4571,2720
28442,11231,10058,966,103,3,1374,101
28443,19377,15058,2838,297,6,2717,1178
28446,10616,9385,1136,40,0,1324,55
28464,33477,27226,4343,100,27,4389,1781
28481,13879,12095,1401,62,0,1880,321
28501,15863,13897,1777,114,36,2100,39
28585,16064,14448,1516,59,3,2154,38
28586,13318,11842,1217,94,2,1616,163
29201,354630,257267,61627,1466,129,60855,34141
29202,61744,51635,8798,168,28,9794,1115
29203,83285,68811,12242,286,24,12593,1922
29204,63889,47292,12733,365,31,12255,3468
29205,120922,87781,17990,261,35,19913,14855
29206,54857,43296,7512,174,16,8430,3859
29207,27927,23096,2356,174,1,3677,2300
29208,24096,20234,2570,111,9,3111,1172
29209,116675,96525,18094,566,101,18245,1389
29210,78113,55364,11179,190,9,11391,11371
29211,36832,30240,5623,159,23,4798,787
29212,28121,24975,2458,158,3,3555,527
29322,3226,3001,170,32,1,311,22
29342,18009,15142,2150,52,1,2067,664
29343,23219,18415,3973,44,13,3440,774
29344,27587,22143,4124,60,9,3745,1251
29345,7225,5816,887,128,1,940,393
29361,8167,7123,924,92,0,950,28
29362,6439,5700,646,60,2,801,31
29363,31177,24974,4467,83,18,4230,1635
29385,1295,1149,135,6,0,170,5
29386,1479,1302,169,4,0,200,4
29401,6729,5737,741,2,3,691,246
29402,5179,4574,570,8,3,515,24
29424,21714,16548,3017,27,5,2759,2117
29425,24043,18532,4518,120,3,3616,870
29426,33810,27059,4252,80,12,4281,2407
29427,17018,13318,2038,32,8,2132,1622
29441,6229,5719,483,23,0,871,4
29442,16728,13924,1675,67,1,2033,1061
29443,5037,4595,401,31,0,668,10
29444,623,548,70,4,0,73,1
29446,1176,1075,98,2,0,170,1
29447,357,300,52,5,0,86,0
29449,3061,2412,637,11,1,597,0
29450,753,631,110,11,0,143,1
29451,444,370,73,1,0,62,0
29452,1156,979,157,9,2,145,9
29453,1502,1334,148,18,1,214,1
30201,356729,260295,61750,891,165,62934,33628
30202,48369,39216,6273,119,24,7337,2737
30203,60818,50998,8092,147,20,8701,1561
30204,26538,22638,2937,52,24,3886,887
30205,23481,18595,4082,94,10,4226,700
30206,69870,55854,11597,97,41,13293,2281
30207,27171,20049,4499,33,17,5168,2573
30208,58816,47607,6325,192,18,7853,4674
30209,53967,38183,7526,94,17,7741,8147
30304,8256,7257,950,30,1,1050,18
30341,15967,13911,1958,28,7,2117,63
30343,3856,3468,297,1,4,466,86
30344,2970,2384,518,17,0,525,51
30361,11122,9499,1295,19,2,1603,307
30362,6781,5734,605,30,1,764,411
30366,25258,20720,3538,21,2,3569,977
30381,6867,5696,1122,11,0,1171,38
30382,7673,6154,1328,5,0,1130,186
30383,5364,4561,573,11,0,790,219
30390,7720,6745,926,12,0,1013,37
30391,11818,10414,1192,47,2,1678,163
30392,9219,7694,1426,21,2,1367,76
30401,20262,15506,3603,67,9,3505,1077
30404,15236,11120,2780,8,3,2380,1325
30406,3685,3123,489,7,0,555,66
30421,14137,11703,2086,33,3,2374,312
30422,2791,2299,473,4,0,453,15
30424,2480,2066,366,9,0,348,39
30427,404,330,74,0,0,75,0
30428,14959,12262,2516,29,7,2864,145
31201,188465,138635,34030,563,55,34161,15182
31202,147317,102403,29185,430,73,29316,15226
31203,46485,35951,8548,130,15,8548,1841
31204,32740,24917,5803,313,3,5924,1704
31302,10799,9260,1298,61,0,1385,180
31325,2864,2586,245,30,0,313,3
31328,6427,5698,655,61,2,856,11
31329,15937,13967,1704,55,0,1997,211
31364,6060,5262,710,44,1,826,43
31370,16055,13066,2418,51,0,2472,520
31371,16365,14166,1949,139,2,2308,109
31372,14228,12305,1733,63,5,1857,122
31384,3501,2703,636,11,0,515,151
31386,15370,13512,1717,84,0,1753,57
31389,10323,9061,1064,81,2,1145,115
31390,10696,9015,1092,25,15,1152,549
31401,4196,3726,349,19,0,453,102
31402,2907,2488,405,13,0,383,1
31403,2672,2390,276,5,0,364,1
32201,203616,145633,41883,559,99,41145,15442
32202,54592,40096,12353,369,34,11418,1740
32203,172775,132657,31371,2178,241,30828,6328
32204,45003,34773,7654,169,9,8041,2398
32205,32846,27187,5207,186,2,5682,264
32206,37062,31233,4777,168,12,5447,872
32207,22959,18146,4429,141,12,4206,231
32209,36007,31263,4071,126,10,5080,537
32343,11849,10276,1140,63,1,1329,369
32386,4577,3813,709,32,1,716,22
32441,3248,2407,801,11,0,642,29
32448,4355,3772,556,9,1,640,17
32449,10163,8336,1682,72,2,1602,71
32501,6875,5795,968,43,4,1124,65
32505,6077,4623,1075,170,0,1003,209
32525,2267,1705,543,17,0,415,2
32526,2788,2134,622,31,1,501,0
32527,634,474,159,1,0,79,0
32528,13433,10699,2520,31,1,2608,182
33101,314523,194433,76608,2440,84,72444,40958
33102,149232,99709,30754,580,57,29572,18132
33103,93108,69510,14393,813,197,15293,8195
33104,167828,119494,29032,646,73,30772,18583
33202,474592,328931,83089,1831,144,85356,60597
33203,99937,74316,17915,417,54,18236,7235
33204,56531,44841,7599,334,19,8735,3738
33205,46088,37764,5664,359,39,6822,2262
33207,38384,32133,4737,421,12,5322,1081
33208,69030,50634,11545,681,10,10305,6160
33209,29072,23191,4669,683,18,5003,511
33210,28079,23617,3672,174,4,4202,612
33211,32320,27456,4048,311,11,4725,494
33212,36048,28882,5221,248,12,4868,1685
33213,42661,34626,6112,324,21,5613,1578
33214,42725,36383,5694,159,10,6410,479
33215,25939,21712,3032,277,6,3671,912
33216,32772,27742,3990,141,5,4041,894
33346,13623,11315,1949,194,26,1876,139
33423,12368,9365,2177,43,4,1910,779
33445,10950,8762,1555,123,9,1320,501
33461,13414,11371,1469,264,0,1601,310
33586,813,710,94,8,0,99,1
33606,12062,10167,1678,40,1,1639,176
33622,10888,8739,1834,31,3,1657,281
33623,5578,4557,925,13,3,983,80
33643,1398,1178,210,6,0,176,4
33663,4530,3853,641,10,0,594,26
33666,13053,11374,1470,45,4,1852,160
33681,10886,8852,1777,174,11,1570,72
34101,142699,78268,37061,919,74,32627,26377
34102,119353,83586,25621,391,50,24850,9705
34103,145805,93563,33936,683,56,32259,17567
34104,190232,123273,42607,1036,80,44761,23236
34105,247020,163173,55564,612,126,55776,27545
34106,138979,108665,20392,790,62,22573,9070
34107,77103,58858,13525,480,50,15212,4190
34108,139563,98674,27605,376,49,25184,12859
34202,214592,167009,38100,1405,72,42054,8006
34203,23993,19619,3416,109,2,4254,847
34204,90573,70655,14719,1154,40,15812,4005
34205,131170,103763,20718,1956,40,21804,4693
34207,460930,329273,80800,3248,216,82887,47393
34208,37655,30923,4886,415,6,5862,1425
34209,50681,38731,8843,275,24,9324,2808
34210,33633,27426,5169,207,15,5681,816
34211,26319,19875,4966,148,3,5119,1327
34212,196608,130529,42522,2929,119,38540,20509
34213,114173,86814,20082,636,50,19011,6591
34214,26448,20680,3637,423,13,4196,1695
34215,21930,17020,4134,399,9,4059,368
34302,51155,37337,10380,187,46,10687,3205
34304,29636,20590,6705,250,4,6468,2087
34307,22834,19399,3263,101,3,3519,68
34309,12582,9560,2541,85,7,2454,389
34368,5740,4840,863,30,1,948,6
34369,17763,13948,2949,390,6,2815,470
34431,7158,5391,1261,93,69,1165,344
34462,15125,12554,2000,184,0,2239,387
34545,8250,7119,1013,76,0,1117,42
35201,255051,188381,50522,1374,122,52966,14652
35202,162570,119788,33691,483,57,34096,8551
35203,193966,134770,44132,833,46,42113,14185
35204,44626,35718,7217,241,7,8188,1443
35206,113979,83597,22739,674,44,21862,6925
35207,55887,38869,10393,252,3,9940,6370
35208,129125,96197,22890,726,40,25504,9272
35210,49798,38680,7630,147,10,8137,3331
35211,32519,26719,4933,310,1,5300,556
35212,30799,24272,5316,63,18,5466,1130
35213,23247,19100,3442,87,3,3811,615
35215,137540,101361,23392,511,66,25881,12210
35216,60326,46778,10579,253,5,10733,2711
35305,14798,12178,2248,53,1,2265,318
35321,6034,4514,1188,14,0,1366,318
35341,2342,2082,257,2,0,356,1
35343,14483,12116,1988,35,4,2105,340
35344,11914,9429,2052,53,2,1852,378
35502,3055,2589,418,29,1,432,18
36201,252391,172304,51434,831,134,50667,27688
36202,54622,43993,7914,215,9,8844,2491
36203,36149,28391,4714,131,9,5803,2904
36204,69470,55061,10168,151,12,10989,4078
36205,38772,31906,4587,151,23,5352,2105
36206,34713,30215,3571,305,7,4297,615
36207,28055,22175,3594,223,13,4091,2050
36208,23605,19884,3365,129,8,4199,219
36301,4837,4246,546,35,0,612,10
36302,1380,1150,224,4,0,228,2
36321,2058,1879,175,3,0,243,1
36341,24833,19794,3357,164,1,3439,1517
36342,4647,4131,460,53,1,554,2
36368,7367,6365,919,9,2,1258,72
36383,3743,3181,539,9,0,625,14
36387,6222,5317,849,40,0,964,16
36388,8358,7073,1049,174,0,1239,62
36401,14583,10789,2952,76,1,2952,765
36402,22745,17465,4689,83,19,4284,489
36403,35246,26669,6681,89,8,5940,1799
36404,13042,10994,1806,125,22,1689,95
36405,11384,9497,1153,65,5,1308,664
36468,7715,6803,757,9,0,1144,146
36489,13622,11376,2001,45,4,2011,196
37201,417496,285908,82747,1480,127,82509,47234
37202,109513,80937,19648,745,78,19262,8105
37203,50624,39793,8630,553,44,8601,1604
37204,31631,23992,6712,157,3,6266,767
37205,57438,43140,7714,485,20,8725,6079
37206,47003,38109,5435,262,2,6136,3195
37207,28279,24029,2685,179,5,3444,1381
37208,61857,51370,7578,569,17,8211,2323
37322,12846,10837,1832,51,2,2024,124
37324,13870,11504,2127,98,3,2134,138
37341,26878,21885,3827,112,9,3812,1045
37364,3103,2287,572,21,1,545,222
37386,18699,11980,4365,222,10,4295,2122
37387,22693,18728,2704,185,3,2689,1073
37403,8468,7004,1130,136,57,1289,141
37404,22445,17130,3219,634,10,3390,1452
37406,17401,14792,1805,133,3,1995,668
38201,511192,326883,98220,957,238,100456,84894
38202,151672,115754,25184,2324,39,26605,8371
38203,70809,56459,11564,223,12,13330,2551
38204,31987,25910,4829,156,5,5627,1087
38205,115938,86218,20705,770,49,21078,8196
38206,104791,81063,16744,723,15,17442,6246
38207,40575,31948,6239,124,21,7340,2243
38210,35133,28779,5057,105,8,5249,1184
38213,82754,62731,11791,564,26,13584,7642
38214,35388,29221,4891,205,6,5685,1065
38215,33903,25696,6717,122,56,5437,1312
38356,6509,5022,1213,256,1,977,17
38386,7404,6119,1132,25,1,1240,127
38401,29630,23619,5159,94,3,4361,755
38402,20480,16332,3134,32,9,3030,973
38422,15322,13053,2073,44,1,2296,151
38442,8397,7360,960,56,0,1271,21
38484,3674,3137,517,7,3,439,10
38488,9682,8194,1381,79,1,1354,27
38506,19601,16810,2406,25,8,3049,352
39201,326545,212399,60404,527,170,63418,53045
39202,11742,10112,1250,72,0,1840,308
39203,16243,13055,2252,40,9,2648,887
39204,46664,33833,8921,151,12,8250,3747
39205,25732,19480,3563,180,2,3670,2507
39206,20590,16049,3145,280,4,3435,1112
39208,19033,14202,2895,40,11,3412,1885
39209,12388,10239,1796,49,3,2138,301
39210,32694,22578,6101,26,24,6244,3965
39211,32207,23658,5241,181,8,5204,3119
39212,26513,19371,5342,189,5,4400,1606
39301,2194,1913,249,32,0,368,0
39302,3034,2426,532,6,3,437,67
39303,2498,1965,441,7,0,459,85
39304,2370,2069,272,1,0,319,28
39305,1146,980,136,2,0,184,28
39306,745,622,122,1,0,136,0
39307,3694,3025,571,65,3,452,30
39341,3261,2540,693,16,1,583,11
39344,3252,2879,329,22,1,508,21
39363,3753,3077,619,34,0,538,23
39364,366,276,88,2,0,60,0
39386,21374,17427,2938,31,17,3297,961
39387,4827,4098,666,33,0,803,30
39401,6002,5092,724,34,0,942,152
39402,12323,10015,2020,40,9,1863,239
39403,5187,4278,833,7,0,883,69
39405,3307,2661,639,7,0,536,0
39410,4812,4036,736,24,2,609,14
39411,5291,4515,745,25,0,770,6
39412,15607,12952,2316,45,8,2572,286
39424,4434,3884,530,14,0,693,6
39427,1437,1223,199,12,0,197,3
39428,10262,8622,1235,139,4,1471,262
40101,93842,68741,17088,187,22,18305,7804
40103,80533,58847,14062,337,9,14837,7278
40105,57494,41273,13634,184,94,13666,2309
40106,183407,104621,43031,752,102,42260,34901
40107,209028,141770,42944,507,83,45856,23724
40108,64792,45794,12401,213,25,13466,6359
40109,249933,172536,49454,835,103,53099,27005
40131,322503,188495,81497,1852,197,75157,50462
40132,252034,115175,71909,1904,166,68020,62880
40133,205501,94881,56516,1379,96,53942,52629
40134,265583,157382,66175,1660,124,63107,40242
40135,212579,131686,52956,1365,121,48717,26451
40136,132864,77680,32846,451,104,30627,21783
40137,221328,135295,55444,1317,157,53705,29115
40202,111281,80153,19892,351,64,21220,10821
40203,303316,205591,65654,1528,122,65669,30421
40204,56212,36947,8952,190,14,9324,10109
40205,126364,89007,25885,392,51,25617,11029
40206,46203,35088,9286,141,12,9671,1676
40207,64475,50507,10380,312,16,10914,3260
40210,60608,48265,9536,292,14,10679,2501
40211,48827,35624,9737,253,9,8968,3204
40212,32988,26407,5365,161,14,5860,1041
40213,71426,52722,14194,245,23,13169,4242
40214,24391,19176,3702,192,20,4152,1301
40215,40362,31598,8184,168,15,7802,397
40216,59360,44918,11159,576,13,9837,2694
40217,103311,69050,20854,195,96,20112,13116
40218,111023,68546,22565,210,48,24661,19654
40219,102085,71161,19855,237,224,21544,10608
40220,97095,68818,17325,313,47,17189,10592
40221,73164,50593,13509,182,42,13822,8838
40223,58786,43394,12191,357,32,10850,2812
40224,67033,43524,15030,144,54,9640,8281
40225,27981,22372,4309,139,2,4989,1159
40226,26298,20645,4693,286,9,4897,665
40227,35473,27961,4980,98,4,6107,2430
40228,50273,38526,7823,318,19,9538,3587
40229,35861,30592,4323,181,52,5028,713
40230,98877,75449,19847,744,67,16305,2770
40231,50112,35255,10006,139,29,10095,4683
40341,37671,27151,6990,222,8,6503,3300
40342,31209,22244,6273,71,4,6257,2617
40343,46377,33954,11245,127,31,9283,1020
40344,28628,20292,5626,100,7,4533,2603
40345,32927,23213,7455,190,91,5954,1978
40348,9068,6867,1905,224,8,1179,64
40349,48190,29803,11367,169,20,11245,6831
40381,13545,9832,3038,32,2,3018,641
40382,28114,21640,6055,136,3,5782,280
40383,31007,24375,5386,51,62,4877,1133
40384,18723,14780,3246,113,1,3091,583
40401,7151,5782,1204,139,1,1286,25
40402,15080,12672,2013,104,2,2159,289
40421,12878,10628,2035,46,0,2083,169
40447,29591,22050,5521,123,13,4383,1884
40448,1899,1621,266,12,0,296,0
40503,15521,11913,2874,206,19,2592,509
40522,13820,11065,2173,104,13,2218,465
40544,19969,15324,3938,142,48,3526,517
40601,10191,8494,1614,19,2,1765,62
40602,8801,7603,1179,4,2,1484,13
40604,8407,6557,1821,24,1,1754,4
40605,15176,12314,2681,44,0,3084,137
40608,5008,3888,1085,2,0,899,33
40609,2774,2286,480,5,0,532,3
40610,21398,17057,3521,48,3,3812,769
40621,37684,24431,7396,483,23,6849,5351
40625,18825,16081,2477,123,3,2723,141
40642,6536,5079,1186,26,8,1155,237
40646,7251,6023,1199,20,1,1074,8
40647,17189,13715,3244,27,5,3413,198
41201,233301,163963,52534,819,137,51325,15848
41202,117373,91307,21374,530,37,22894,4125
41203,74196,50149,16039,486,19,14860,7503
41204,18295,15173,2668,105,3,3145,346
41205,52629,42297,9541,219,41,10267,531
41206,47914,37096,8697,130,26,9057,1965
41207,27892,23040,4414,118,6,5390,314
41208,43952,34105,7885,177,11,8154,1774
41209,25848,20876,4731,80,2,4716,159
41210,31022,23888,4700,165,14,5120,2255
41327,16323,11680,3568,95,6,3536,974
41341,17250,13086,3301,155,7,2992,701
41345,9286,6614,1747,45,7,1784,873
41346,25511,19425,4609,106,2,3801,1369
41387,5609,4520,935,3,0,904,151
41401,19010,15904,2846,124,6,3181,130
41423,6293,5188,966,7,0,1033,132
41424,9566,7393,1957,67,0,1861,149
41425,22051,18959,2666,116,6,3340,304
41441,8121,7212,843,50,1,1131,15
42201,409118,296152,85531,1364,170,93461,25901
42202,243223,175412,56214,832,78,58601,10687
42203,43338,34346,8007,290,18,8528,677
42204,133852,102095,28223,510,77,28377,2947
42205,95397,65385,23249,171,36,21522,6556
42207,29365,23997,4334,114,11,5135,909
42208,21271,17281,3295,171,13,3986,511
42209,28502,22043,5967,96,5,6845,391
42210,24948,20475,3259,47,0,3759,1167
42211,34391,26638,7069,102,12,7132,570
42212,26275,21216,4341,323,4,5003,391
42213,41096,34151,5582,376,5,6774,982
42214,42330,36707,5121,222,3,6570,277
42307,40780,31470,8543,89,9,9176,669
42308,29339,21360,7710,150,17,7115,102
42321,7721,6337,1223,27,1,1232,133
42322,13377,10637,2447,64,26,2726,203
42323,14291,11820,2186,7,4,2335,274
42383,2288,1851,431,2,0,392,4
42391,13912,10193,3097,27,1,2701,594
42411,17503,14329,3128,37,2,3654,7
43101,187502,105686,53731,901,117,51582,27067
43102,189524,121591,48633,485,105,51365,18710
43103,91177,62378,20042,252,46,19968,8459
43104,130829,89170,30165,358,76,28422,11060
43105,139833,98183,29060,471,88,31570,12031
43202,123067,91613,23227,1541,24,23965,6662
43203,31108,22053,7796,114,24,8562,1121
43204,50832,39374,8987,127,12,9165,2332
43205,23557,18658,4338,22,2,4791,537
43206,64292,50716,11486,741,11,11782,1338
43208,49025,39584,7875,224,6,8568,1336
43210,46416,36374,7658,463,7,8735,1914
43211,36122,26196,5813,119,4,6504,3990
43212,24563,20680,3363,63,12,4257,445
43213,57032,44116,10756,352,14,11143,1794
43214,24930,19379,4600,317,1,5409,633
43215,75783,60760,13266,244,8,15166,1505
43216,61772,45062,13007,147,11,10545,3545
43348,9392,7995,1151,53,17,1438,176
43364,5045,4347,677,19,2,656,0
43367,8979,7636,1126,114,2,1546,101
43368,15372,12242,2501,476,2,2672,151
43369,9342,8121,1101,29,0,1358,91
43403,35187,24104,8518,309,6,7457,2250
43404,43337,28823,10502,284,29,9191,3699
43423,3750,3064,548,40,0,647,98
43424,6590,5428,1055,27,3,1267,77
43425,1382,1197,169,14,0,198,2
43428,5789,4834,875,45,0,1019,35
43432,6426,4744,1495,65,3,1621,119
43433,9836,7881,1712,78,4,2322,161
43441,16303,12417,3264,54,0,3523,568
43442,9547,6797,2541,76,1,1927,132
43443,32510,22716,8079,108,19,8785,1588
43444,10132,8383,1635,40,2,1666,72
43447,13503,11645,1462,85,2,1960,309
43468,11094,9241,1441,117,0,1727,295
43482,15681,13333,2306,20,0,2976,22
43484,4254,3519,710,3,1,823,21
43501,10288,8285,1864,23,0,1908,116
43505,9076,7664,1166,42,1,1467,203
43506,3627,3184,431,1,1,491,10
43507,2033,1776,253,4,0,321,0
43510,4070,3486,382,10,0,562,192
43511,931,800,102,0,0,152,29
43512,3238,2701,497,1,0,555,39
43513,2433,1699,537,2,0,1249,195
43514,14676,12333,2131,158,0,2279,54
43531,7114,5742,1233,59,2,1155,78
44201,475614,330252,110872,1054,192,109895,33244
44202,115321,78235,25879,1239,83,25739,9885
44203,82863,57368,15925,807,35,16442,8728
44204,62657,48949,11344,264,8,12374,2092
44205,66851,52798,11682,218,17,13128,2136
44206,36158,29925,5395,234,2,5854,602
44207,16100,13640,2364,20,1,3146,75
44208,20332,16488,3217,166,4,3506,457
44209,22112,16446,3476,434,2,3392,1754
44210,27999,21637,4300,101,13,4899,1948
44211,52771,40242,7757,303,12,8493,4457
44212,33695,27503,5293,146,1,5643,752
44213,32772,24051,6352,163,4,6508,2202
44214,26232,21310,3883,196,2,4294,841
44322,1725,1528,192,1,0,237,4
44341,27723,20306,4981,55,5,4776,2376
44461,8541,7301,1081,63,1,1415,95
44462,14386,11219,2544,56,9,3068,558
45201,401339,261869,89258,1029,143,90744,49040
45202,160640,115145,34245,1018,56,34766,10176
45203,118394,87108,24490,337,29,26316,6430
45204,50848,38455,10547,310,6,11151,1530
45205,43670,34311,8613,392,12,9079,342
45206,59629,44790,13069,239,26,13452,1505
45207,16822,12916,2913,40,1,3361,952
45208,28610,21851,4817,44,2,5353,1896
45209,17638,14700,2589,102,2,3234,245
45341,25591,18154,5710,134,2,5154,1591
45361,8639,7309,1270,8,1,1356,51
45382,18398,14816,3194,117,2,3250,269
45383,6934,5582,1232,12,0,1314,108
45401,19922,14294,4549,55,4,4682,1020
45402,16564,12604,3563,159,0,3774,238
45403,1000,807,192,0,0,207,1
45404,4895,4098,795,0,0,793,2
45405,15194,12172,2512,222,6,2760,282
45406,9906,8139,1472,49,0,1595,246
45421,17379,13665,3259,70,1,3342,384
45429,1486,1287,197,1,0,314,1
45430,2503,2123,374,3,0,511,3
45431,4826,4032,791,3,0,974,0
45441,11642,9479,2031,21,2,2194,109
45442,3635,3095,530,5,0,597,5
45443,3472,2818,652,1,0,758,1
46201,593128,389345,147609,1568,206,150020,54400
46203,101096,69400,24797,347,65,25942,6487
46204,20033,15951,3424,317,2,3834,339
46206,19270,15364,3356,73,1,3892,476
46208,51994,39709,10539,583,3,10665,1160
46210,39011,29715,7878,272,2,8544,1144
46213,14708,11258,3333,51,1,3382,65
46214,13819,11208,2204,227,1,2592,179
46215,92403,66795,20936,264,17,21772,4391
46216,47153,36206,10054,273,9,9731,611
46217,33310,27006,5614,300,1,6549,389
46218,123135,83192,27697,352,56,28919,11838
46219,27490,21424,5394,164,10,5408,498
46220,32887,25002,6882,157,2,6969,844
46221,29329,22332,5910,241,29,6644,817
46222,41390,28179,11784,54,2,11226,1371
46223,33080,26905,5647,303,7,6426,218
46224,24453,19538,4685,96,4,5082,130
46225,76348,55162,19616,267,82,16875,1221
46303,405,203,190,9,0,139,3
46304,740,404,325,10,1,212,0
46392,20243,16438,3211,330,6,3740,258
46404,9705,8196,1425,65,0,1675,19
46452,9119,7137,1880,68,2,1835,32
46468,12385,10167,1922,259,0,2079,37
46482,6237,5040,1071,115,0,1031,11
46490,6944,5670,1209,50,2,1400,13
46491,6481,5535,935,8,1,1245,2
46492,14227,11496,2556,51,0,2638,124
46501,7539,5883,1632,19,0,1699,5
46502,5445,4140,1204,12,0,1144,89
46505,11858,8884,2873,45,2,2985,54
46523,1364,1054,307,2,0,302,1
46524,1621,1261,356,3,0,338,1
46525,8546,6179,2296,19,2,2033,50
46527,5817,4094,1703,14,0,1430,6
46529,6629,5060,1518,7,0,1452,44
46530,10147,7243,2879,13,1,2936,11
46531,5517,4253,1224,4,0,1197,36
46532,6139,4774,1345,8,0,1270,12
46533,6246,4492,1666,81,0,1753,7
46534,5750,4226,1459,13,0,1462,52
46535,5115,3874,1219,7,5,1064,10
47201,317625,180009,67451,1903,151,73553,68111
47205,100125,51836,18878,495,66,20252,28850
47207,47637,26076,9859,186,22,10312,11494
47208,115690,65151,22382,588,106,23891,27463
47209,63554,36618,16031,264,109,14599,10532
47210,61007,38749,14503,414,39,13798,7302
47211,142752,76620,25935,559,108,27750,39530
47212,64612,38193,13855,139,46,13224,12379
47213,125303,70137,23070,493,110,22481,31493
47214,52931,33831,11348,246,24,9640,7482
47215,44043,30123,9470,140,17,7679,4293
47301,4517,3621,867,24,1,949,4
47302,3092,2392,612,20,0,507,68
47303,1598,1283,301,13,0,318,1
47306,8894,6625,1927,25,0,1691,317
47308,12530,9320,3027,96,1,2811,86
47311,10869,7107,2085,372,2,1864,1303
47313,5833,4292,1370,30,4,1157,137
47314,10806,7926,2450,50,9,2129,371
47315,4118,3291,805,17,0,856,5
47324,41206,25222,6497,233,29,7083,9225
47325,13521,9576,2063,22,9,2225,1851
47326,28201,15850,4744,249,18,5341,7340
47327,17969,10352,3515,101,30,2822,3971
47328,22157,12819,5055,150,10,3795,4123
47329,34984,22200,7106,223,19,6895,5436
47348,19695,12065,4384,42,18,4056,3186
47350,40440,25129,10080,110,10,8495,5111
47353,718,474,241,2,0,144,1
47354,892,602,272,18,0,194,0
47355,683,488,186,0,0,131,9
47356,346,276,69,1,0,62,0
47357,1285,972,299,12,1,285,1
47358,590,408,180,2,0,128,0
47359,1126,884,237,3,0,212,2
47360,1322,1046,259,16,0,266,1
47361,7192,5017,1556,18,24,1549,577
47362,30941,22548,8058,84,18,6217,233
47375,1058,890,165,1,0,179,2
47381,3942,2599,982,32,0,957,329
47382,1676,1023,640,13,0,336,0
