citycode,incity,inpref,inregion,outregion,sum_outcity,visit_diff
01101,181543,212988,0,34124,247112,2
01102,203248,63836,0,6647,70483,3
01103,189486,50109,0,3200,53309,3
01104,143983,49362,0,3135,52497,3
01105,149496,44507,0,3952,48459,3
01106,100129,20670,0,2944,23614,4
01107,155264,39294,0,2924,42218,3
01108,89511,28302,0,2170,30472,4
01109,99845,19626,0,1429,21055,4
01110,78405,18461,0,1215,19676,4
01202,231532,25027,0,10820,35847,4
01203,98942,14963,0,4307,19270,4
01204,299805,29321,0,5953,35274,4
01205,74356,13429,0,1541,14970,5
01206,150579,16561,0,3736,20297,4
01207,143134,25852,0,3479,29331,4
01208,106995,11226,0,1690,12916,5
01209,6728,1284,0,304,1588,7
01210,69780,10623,0,884,11507,5
01211,33077,4638,0,1171,5809,5
01212,18222,3130,0,211,3341,6
01213,149818,17161,0,4107,21268,4
01214,31346,3372,0,1030,4402,6
01215,18565,3325,0,249,3574,6
01216,12658,1588,0,176,1764,7
01217,91093,16782,0,1332,18114,4
01218,9474,1586,0,57,1643,7
01219,19299,2169,0,336,2505,6
01220,16888,1987,0,277,2264,6
01221,24666,3341,0,349,3690,6
01222,6948,2132,0,214,2346,6
01223,22816,1512,0,468,1980,7
01224,76193,24485,0,11370,35855,4
01225,31742,5895,0,405,6300,5
01226,13961,4819,0,231,5050,6
01227,2833,552,0,16,568,8
01228,18081,4202,0,283,4485,6
01229,18955,3510,0,1404,4914,6
01230,37667,8028,0,1458,9486,5
01231,52868,11031,0,1279,12310,5
01233,28230,5029,0,507,5536,5
01234,41512,15335,0,1236,16571,4
01235,42088,12397,0,619,13016,5
01236,34522,7701,0,914,8615,5
01303,12403,3853,0,234,4087,6
01304,2722,819,0,45,864,7
01331,6026,485,0,130,615,8
01332,3675,575,0,41,616,8
01333,3627,575,0,113,688,8
01334,3789,761,0,134,895,7
01337,20488,4597,0,828,5425,6
01343,3547,672,0,157,829,7
01345,13091,2057,0,272,2329,6
01346,14522,2381,0,352,2733,6
01347,4276,1294,0,221,1515,7
01361,6222,1514,0,98,1612,7
01362,3859,658,0,42,700,8
01363,3300,790,0,32,822,7
01364,2851,382,0,35,417,8
01367,2330,340,0,234,574,8
01370,4739,643,0,58,701,8
01371,6912,938,0,118,1056,7
01391,1199,227,0,30,257,9
01392,2617,610,0,39,649,8
01393,2426,646,0,62,708,8
01394,3700,783,0,252,1035,7
01395,3439,1829,0,871,2700,6
01396,1722,411,0,58,469,8
01397,1334,1138,0,872,2010,7
01398,1611,902,0,112,1014,7
01399,2309,533,0,63,596,8
01400,11649,4259,0,1134,5393,6
01401,4271,1746,0,87,1833,7
01402,9787,1379,0,166,1545,7
01403,1073,1288,0,42,1330,7
01404,865,117,0,23,140,9
01405,1192,766,0,180,946,7
01406,2568,474,0,40,514,8
01407,2768,1139,0,87,1226,7
01408,15327,2991,0,435,3426,6
01409,784,934,0,362,1296,7
01423,5548,1559,0,125,1684,7
01424,4481,1722,0,66,1788,7
01425,2617,306,0,8,314,8
01427,4114,1604,0,110,1714,7
01428,8974,2631,0,189,2820,6
01429,9992,2163,0,99,2262,6
01430,3765,935,0,47,982,7
01431,1309,538,0,18,556,8
01432,5301,1348,0,64,1412,7
01433,2388,554,0,13,567,8
01434,1862,592,0,25,617,8
01436,2018,690,0,20,710,8
01437,1596,371,0,40,411,8
01438,2570,446,0,30,476,8
01452,4792,1406,0,108,1514,7
01453,6478,2889,0,380,3269,6
01454,5011,1244,0,75,1319,7
01455,2599,898,0,66,964,7
01456,2414,787,0,41,828,7
01457,3193,2156,0,555,2711,6
01458,5932,1708,0,330,2038,6
01459,8010,2040,0,794,2834,6
01460,8287,2470,0,439,2909,6
01461,3654,1236,0,360,1596,7
01462,1960,689,0,151,840,7
01463,769,1520,0,1144,2664,6
01464,2920,607,0,49,656,8
01465,2748,509,0,44,553,8
01468,2827,263,0,59,322,8
01469,3675,593,0,108,701,8
01470,686,356,0,55,411,8
01471,1453,251,0,26,277,8
01472,1318,457,0,40,497,8
01481,3680,777,0,61,838,7
01482,2567,830,0,61,891,7
01483,2635,465,0,57,522,8
01484,6223,1051,0,92,1143,7
01485,760,272,0,36,308,8
01486,2175,334,0,27,361,8
01487,2480,500,0,86,586,8
01511,2165,426,0,74,500,8
01512,3284,669,0,85,754,7
01513,1370,217,0,13,230,9
01514,7367,612,0,78,690,8
01516,3360,514,0,124,638,8
01517,2385,253,0,288,541,8
01518,1554,202,0,82,284,8
01519,2202,560,0,237,797,7
01520,1739,687,0,60,747,8
01543,16952,2330,0,164,2494,6
01544,4023,948,0,68,1016,7
01545,9720,1785,0,1206,2991,6
01546,3470,506,0,101,607,8
01547,4019,989,0,83,1072,7
01549,3831,779,0,21,800,7
01550,2554,411,0,46,457,8
01552,4336,826,0,89,915,7
01555,17322,2533,0,337,2870,6
01559,8084,1352,0,102,1454,7
01560,2276,347,0,59,406,8
01561,3294,569,0,34,603,8
01562,941,223,0,15,238,9
01563,3735,454,0,42,496,8
01564,6004,1447,0,351,1798,7
01571,3319,916,0,116,1032,7
01575,1868,1451,0,277,1728,7
01578,14376,3473,0,471,3944,6
01581,3587,2044,0,212,2256,6
01584,6616,3288,0,768,4056,6
01585,5848,2274,0,264,2538,6
01586,7053,1883,0,194,2077,6
01601,10158,1934,0,189,2123,6
01602,4517,1018,0,80,1098,7
01604,4656,878,0,152,1030,7
01607,10966,1354,0,128,1482,7
01608,3662,307,0,44,351,8
01609,4253,429,0,88,517,8
01610,19605,2010,0,344,2354,6
01631,33103,7313,0,792,8105,5
01632,5052,1674,0,144,1818,7
01633,3849,956,0,211,1167,7
01634,4292,1030,0,155,1185,7
01635,5093,1218,0,281,1499,7
01636,7717,2219,0,156,2375,6
01637,13987,4895,0,205,5100,6
01638,3318,797,0,105,902,7
01639,2587,864,0,45,909,7
01641,4558,917,0,120,1037,7
01642,6099,806,0,69,875,7
01643,19862,4605,0,339,4944,6
01644,5240,1296,0,80,1376,7
01645,2731,495,0,85,580,8
01646,6023,1092,0,80,1172,7
01647,5529,1152,0,150,1302,7
01648,2126,222,0,51,273,9
01649,4133,894,0,88,982,7
01661,14080,6528,0,222,6750,5
01662,7866,1477,0,203,1680,7
01663,5185,947,0,122,1069,7
01664,6393,1468,0,170,1638,7
01665,5713,1352,0,644,1996,7
01667,1974,674,0,98,772,7
01668,5937,1248,0,141,1389,7
01691,12308,2812,0,465,3277,6
01692,19610,2768,0,353,3121,6
01693,3903,544,0,134,678,8
01694,4611,395,0,227,622,8
02201,255805,23244,6237,7510,36991,4
02202,150023,23099,3480,3663,30242,4
02203,203089,20172,8221,5346,33739,4
02204,26420,4804,308,357,5469,6
02205,43440,9722,699,815,11236,5
02206,51446,8235,1235,1680,11150,5
02207,31482,8028,801,1508,10337,5
02208,50386,3673,634,1429,5736,5
02209,26232,5700,213,340,6253,5
02210,23144,4672,513,368,5553,5
02301,8675,1417,92,148,1657,7
02303,2158,430,32,124,586,8
02304,2061,227,19,49,295,8
02307,3897,842,92,217,1151,7
02321,7658,1535,158,424,2117,6
02323,6830,561,278,394,1233,7
02343,744,379,16,38,433,8
02361,10523,3301,136,122,3559,6
02362,6531,1225,333,250,1808,7
02367,5042,1601,125,99,1825,7
02381,10341,2172,75,84,2331,6
02384,9582,1956,87,114,2157,6
02387,8309,1415,53,136,1604,7
02401,10283,1752,154,208,2114,6
02402,11344,2853,248,281,3382,6
02405,6866,2352,94,140,2586,6
02406,2829,876,76,112,1064,7
02408,12949,2246,242,193,2681,6
02411,8014,6910,303,641,7854,5
02412,16398,5129,333,299,5761,5
02423,4263,448,76,260,784,7
02424,4407,1308,165,215,1688,7
02425,1492,241,38,89,368,8
02426,1537,102,23,86,211,9
02441,7547,1918,431,160,2509,6
02442,12948,2029,172,190,2391,6
02443,4126,493,64,40,597,8
02445,12914,2484,409,168,3061,6
02446,8416,1454,413,142,2009,7
02450,1840,229,30,48,307,8
03201,248211,42537,12924,7922,63383,3
03202,47782,4593,1291,1348,7232,5
03203,31708,3781,773,834,5388,6
03205,77869,11079,2807,2263,16149,4
03206,75857,16443,3611,2989,23043,4
03207,29372,3890,1113,505,5508,6
03208,23893,2405,361,449,3215,6
03209,103174,8089,5100,2372,15561,4
03210,15236,2196,800,464,3460,6
03211,30495,4478,903,906,6287,5
03213,22216,3731,1575,447,5753,5
03214,20263,3955,2383,1286,7624,5
03215,99133,10680,2793,1929,15402,4
03216,38101,8691,1640,653,10984,5
03301,12043,3078,1034,698,4810,6
03302,4702,666,120,61,847,7
03303,10852,1799,375,153,2327,6
03321,22548,4050,793,460,5303,6
03322,18721,8729,884,410,10023,5
03366,4884,680,454,139,1273,7
03381,11816,5742,555,334,6631,5
03402,5760,1868,503,509,2880,6
03441,4261,1286,141,102,1529,7
03461,8802,1523,206,285,2014,7
03482,12367,1384,230,292,1906,7
03483,7910,1400,356,194,1950,7
03484,2633,672,82,97,851,7
03485,2187,402,65,50,517,8
03501,6816,1188,764,146,2098,6
03503,2649,813,81,73,967,7
03506,4326,1035,180,59,1274,7
03507,12526,1770,742,261,2773,6
03524,10390,1331,475,202,2008,7
04101,237553,114791,22736,22319,159846,2
04102,133882,56115,9509,8084,73708,3
04103,90541,32507,4436,3921,40864,4
04104,157583,28116,7027,5244,40387,4
04105,154332,34204,5285,3880,43369,3
04202,122919,16727,2030,2335,21092,4
04203,36267,7416,676,885,8977,5
04205,55190,3466,2734,1306,7506,5
04206,26484,5378,1705,1266,8349,5
04207,52815,20007,3159,2969,26135,4
04208,23212,5508,753,446,6707,5
04209,40852,12072,1890,1271,15233,4
04211,29924,8990,1101,956,11047,5
04212,66612,6447,1194,915,8556,5
04213,57621,5894,2251,1132,9277,5
04214,28465,7540,517,583,8640,5
04215,104673,19359,3984,2921,26264,4
04216,34661,9794,1387,677,11858,5
04301,8439,3180,776,724,4680,6
04302,1193,264,160,72,496,8
04321,16403,5480,463,410,6353,5
04322,7893,3079,896,684,4659,6
04323,28293,5795,606,590,6991,5
04324,6118,1964,901,363,3228,6
04341,9532,1500,282,210,1992,7
04361,23209,4847,642,428,5917,5
04362,8620,2081,672,199,2952,6
04401,9419,3903,762,1317,5982,5
04404,11438,1827,120,289,2236,6
04406,24131,9790,1154,941,11885,5
04421,18753,10017,1163,773,11953,5
04422,5605,2345,141,131,2617,6
04424,3881,4573,359,244,5176,6
04444,5172,1489,211,76,1776,7
04445,16719,3225,185,246,3656,6
04501,11964,3469,118,130,3717,6
04505,16224,4345,125,153,4623,6
04581,4776,2830,169,201,3200,6
04606,9898,1891,523,455,2869,6
05201,279787,29769,7938,7077,44784,3
05202,46037,6094,1131,976,8201,5
05203,78035,11157,2149,1533,14839,5
05204,63092,5543,2196,1341,9080,5
05206,21380,2576,588,607,3771,6
05207,38448,4895,897,806,6598,5
05209,27693,2280,1479,846,4605,6
05210,67888,8205,1420,1200,10825,5
05211,23702,4426,275,298,4999,6
05212,68794,13601,1524,1304,16429,4
05213,27388,3195,515,444,4154,6
05214,19783,3442,800,533,4775,6
05215,21993,3256,1174,1582,6012,5
05303,3759,994,598,329,1921,7
05327,1915,411,70,26,507,8
05346,2505,476,31,45,552,8
05348,13220,1840,185,220,2245,6
05349,5302,869,215,117,1201,7
05361,7144,1997,99,96,2192,6
05363,3386,1002,56,52,1110,7
05366,3267,1301,33,35,1369,7
05368,2567,1471,101,147,1719,7
05434,13436,2321,181,204,2706,6
05463,11264,1610,190,160,1960,7
05464,1701,508,85,140,733,8
06201,214769,33993,8672,7106,49771,3
06202,74227,9337,2794,2658,14789,5
06203,112838,10114,3452,3366,16932,4
06204,91012,9954,2470,2026,14450,5
06205,29450,8067,966,605,9638,5
06206,30460,8161,766,649,9576,5
06207,23514,5289,1307,966,7562,5
06208,17549,4190,568,347,5105,6
06209,22527,4702,311,363,5376,6
06210,45877,14665,2220,1641,18526,4
06211,35428,12187,1269,1102,14558,5
06212,13480,2314,368,508,3190,6
06213,24006,5300,616,622,6538,5
06301,9724,1465,80,80,1625,7
06302,7514,2153,148,71,2372,6
06321,13459,3086,199,210,3495,6
06322,3893,1115,321,294,1730,7
06323,5321,1121,87,100,1308,7
06324,5858,1351,81,80,1512,7
06341,5300,954,157,108,1219,7
06361,4324,497,208,64,769,7
06362,6828,567,242,140,949,7
06363,4193,944,87,48,1079,7
06364,5802,1046,88,69,1203,7
06365,2558,288,83,92,463,8
06366,2867,596,29,30,655,8
06367,3287,930,117,82,1129,7
06381,16987,3765,391,349,4505,6
06382,11328,2972,254,153,3379,6
06401,6398,560,597,198,1355,7
06402,10206,1653,135,136,1924,7
06403,5158,1421,225,118,1764,7
06426,5479,4020,248,148,4416,6
06428,16305,3143,251,229,3623,6
06461,10789,1402,443,298,2143,6
07201,252138,30127,9151,9407,48685,3
07202,104453,18682,2753,4829,26264,4
07203,283718,38173,6732,11911,56816,3
07204,309853,8552,4139,15672,28363,4
07205,48121,10853,968,3316,15137,4
07207,60015,12149,904,1715,14768,5
07208,38477,5006,705,946,6657,5
07209,29292,3735,2211,1017,6963,5
07210,43617,7821,1271,1625,10717,5
07211,29712,3506,278,642,4426,6
07212,46505,5231,3310,1936,10477,5
07213,48037,6302,1174,751,8227,5
07214,22260,7528,811,1137,9476,5
07301,8524,2313,440,384,3137,6
07303,6740,1574,677,378,2629,6
07308,11078,2043,116,190,2349,6
07322,5809,2487,281,322,3090,6
07342,8863,3207,258,417,3882,6
07344,3450,887,133,714,1734,7
07362,4361,1095,158,551,1804,7
07364,390,152,60,421,633,8
07367,3452,781,100,239,1120,7
07368,13116,1447,255,1346,3048,6
07402,1637,1292,365,1838,3495,6
07405,5542,568,251,196,1015,7
07407,2317,1863,226,611,2700,6
07408,10967,3151,699,2068,5918,5
07421,11860,2830,236,276,3342,6
07422,2036,1085,58,81,1224,7
07423,2516,672,98,112,882,7
07444,1022,688,81,66,835,7
07445,1822,603,72,112,787,7
07446,1077,144,27,52,223,9
07447,14380,2054,175,244,2473,6
07461,14832,5266,488,2350,8104,5
07464,4612,1756,148,325,2229,6
07465,3385,1298,41,57,1396,7
07466,11965,3940,201,517,4658,6
07481,10181,2439,82,509,3030,6
07482,4091,816,14,379,1209,7
07483,6943,1652,25,282,1959,7
07484,2308,378,4,90,472,8
07501,11400,2706,108,516,3330,6
07502,4414,1297,45,179,1521,7
07503,4436,448,60,128,636,8
07504,4691,856,54,126,1036,7
07505,3516,429,23,99,551,8
07521,12822,3140,146,374,3660,6
07522,7941,1620,124,301,2045,6
07541,2502,2100,427,782,3309,6
07542,652,3129,461,636,4226,6
07543,0,3133,282,688,4103,6
07544,1214,604,29,104,737,8
07545,0,4119,312,598,5029,6
07546,0,1382,127,179,1688,7
07547,0,1665,373,330,2368,6
07548,15,423,15,16,454,8
07561,5814,1740,821,267,2828,6
07564,24,1104,55,76,1235,7
08201,215663,52339,11601,5134,69074,3
08202,154800,22617,4920,3635,31172,4
08203,105760,31315,7292,2427,41034,3
08204,108848,7206,13375,1513,22094,4
08205,55840,10416,2738,766,13920,5
08207,37342,4559,4244,413,9216,5
08208,56900,10208,3064,801,14073,5
08210,30498,7315,1807,361,9483,5
08211,45144,9704,3162,604,13470,5
08212,38247,5598,1101,613,7312,5
08214,22057,3409,529,696,4634,6
08215,35019,3612,1177,2166,6955,5
08216,57123,11208,3908,991,16107,4
08217,75473,8715,8009,980,17704,4
08219,58896,11597,3936,1127,16660,4
08220,176750,46633,18836,5502,70971,3
08221,122016,29674,6895,3354,39923,4
08222,53209,10479,4740,954,16173,4
08223,20882,3636,1536,284,5456,6
08224,44655,9700,5685,1230,16615,4
08225,32409,5844,1400,263,7507,5
08226,37778,10259,1279,515,12053,5
08227,81236,11861,4987,651,17499,4
08228,41108,5515,2986,452,8953,5
08229,30741,5927,4022,358,10307,5
08230,28879,7661,1878,410,9949,5
08231,30752,4587,1502,260,6349,5
08232,76683,9070,10948,1807,21825,4
08233,25346,4682,1391,207,6280,5
08234,37209,5121,1561,292,6974,5
08235,32928,7672,3492,589,11753,5
08236,37717,9279,1684,596,11559,5
08302,22353,8123,878,189,9190,5
08309,11690,3870,2229,719,6818,5
08310,13624,2487,730,146,3363,6
08341,27406,10187,1126,791,12104,5
08364,13315,1544,969,498,3011,6
08442,11077,2555,651,89,3295,6
08443,33473,11000,3001,655,14656,5
08447,5984,1059,556,62,1677,7
08521,15312,3401,692,115,4208,6
08542,5634,1226,2481,192,3899,6
08546,17709,3749,2264,173,6186,5
08564,10640,1022,593,120,1735,7
09201,430333,65557,25484,11460,102501,3
09202,119745,6283,13877,1388,21548,4
09203,127425,15868,10145,1766,27779,4
09204,97674,11020,12799,2088,25907,4
09205,78219,11584,3408,1031,16023,4
09206,66611,7654,10740,3297,21691,4
09208,128586,17561,16950,2985,37496,4
09209,60724,9879,4416,717,15012,5
09210,59084,13710,2281,1139,17130,4
09211,24399,5344,1836,1116,8296,5
09213,91121,14311,7779,4602,26692,4
09214,32920,7491,1583,779,9853,5
09215,19689,3820,950,232,5002,6
09216,41959,10655,3324,908,14887,5
09301,21049,8588,1878,409,10875,5
09342,16049,2906,1061,214,4181,6
09343,9287,1373,1958,384,3715,6
09344,7853,2142,471,163,2776,6
09345,10345,12381,1324,276,13981,5
09361,28198,7674,2064,500,10238,5
09364,17304,1972,3238,302,5512,6
09384,7965,1428,424,144,1996,7
09386,20748,6347,804,468,7619,5
09407,16584,5512,8928,3827,18267,4
09411,11545,1772,745,169,2686,6
10201,271291,55613,12226,4379,72218,3
10202,296475,51041,18911,7633,77585,3
10203,89388,12717,4537,824,18078,4
10204,162115,26378,8706,2055,37139,4
10205,175628,28039,19709,2776,50524,3
10206,37764,5930,2675,758,9363,5
10207,57373,7108,7580,822,15510,4
10208,59553,13042,5373,1613,20028,4
10209,49472,7812,4504,802,13118,5
10210,38878,7741,2326,906,10973,5
10211,45225,7974,3047,1814,12835,5
10212,35427,9198,1492,250,10940,5
10344,9218,2337,439,185,2961,6
10345,13594,4789,765,325,5879,5
10366,1057,278,226,24,528,8
10367,1162,285,152,8,445,8
10382,5613,1058,447,307,1812,7
10383,1315,137,58,7,202,9
10384,8793,2257,718,306,3281,6
10421,12863,2658,1256,353,4267,6
10424,3838,1689,1602,483,3774,6
10425,6145,1048,3683,1230,5961,5
10426,4255,1353,4005,1607,6965,5
10428,2566,619,220,58,897,7
10429,9938,3211,694,177,4082,6
10443,3154,744,2085,295,3124,6
10444,2510,793,662,89,1544,7
10448,5162,1425,714,297,2436,6
10449,14006,2910,4276,1406,8592,5
10464,25181,6182,1327,414,7923,5
10521,10730,1202,1688,110,3000,6
10522,7527,2623,2242,90,4955,6
10523,7557,2028,1465,99,3592,6
10524,29402,7076,2921,453,10450,5
10525,18787,3848,2112,198,6158,5
11101,57085,12727,3162,941,16830,4
11102,95965,27889,7774,2827,38490,4
11103,72989,59477,21236,7187,87900,3
11104,109094,17261,4254,1537,23052,4
11105,60700,28920,10082,3345,42347,3
11106,61462,12391,4384,1153,17928,4
11107,99749,39568,10973,3568,54109,3
11108,114121,28333,9372,2804,40509,4
11109,74316,21610,5260,1788,28658,4
11110,75320,19480,5038,1303,25821,4
11201,257529,50144,13663,4186,67993,3
11202,149079,30228,10610,2823,43661,3
11203,404559,46324,27817,6627,80768,3
11206,57582,12656,3037,929,16622,4
11207,50090,8375,3116,588,12079,5
11208,245434,27694,23714,4165,55573,3
11209,58178,9945,4749,1036,15730,4
11210,81921,14215,6932,1153,22300,4
11211,57172,10526,6222,1085,17833,4
11212,65667,18225,4455,1061,23741,4
11214,168116,22746,10171,1526,34443,4
11215,109469,20750,6872,1879,29501,4
11216,39702,8848,4767,821,14436,5
11217,81166,14766,3507,1262,19535,4
11218,108791,19839,6520,1570,27929,4
11219,157332,29312,5933,2301,37546,4
11221,167413,21724,14211,2953,38888,4
11222,242330,37498,17176,3540,58214,3
11223,44168,13887,4155,1214,19256,4
11224,90862,20290,10887,2614,33791,4
11225,103899,17325,9525,1779,28629,4
11227,90627,19265,7802,2006,29073,4
11228,46143,8681,2104,684,11469,5
11229,51041,11971,12931,2278,27180,4
11230,104352,17180,15530,1939,34649,4
11231,47898,12420,2399,787,15606,4
11232,107913,24920,10639,2248,37807,4
11233,45183,9958,1664,598,12220,5
11234,57478,8828,9294,1235,19357,4
11235,68828,17306,3934,1034,22274,4
11237,94762,11650,15621,1788,29059,4
11238,42273,9497,2865,871,13233,5
11239,68523,15885,2927,948,19760,4
11240,35142,7064,3352,466,10882,5
11241,45757,14394,2496,953,17843,4
11242,39496,10245,2478,428,13151,5
11243,46968,6096,3486,542,10124,5
11245,72698,15900,3796,1062,20758,4
11246,33722,7199,2348,637,10184,5
11301,29249,7381,1337,577,9295,5
11324,24162,11007,2981,682,14670,5
11326,25733,6795,1016,216,8027,5
11327,7722,1742,460,112,2314,6
11341,11304,5404,1122,191,6717,5
11342,12188,5056,1244,296,6596,5
11343,23192,3937,750,175,4862,6
11346,13888,6069,1252,243,7564,5
11347,12865,4093,738,139,4970,6
11348,10172,2396,571,114,3081,6
11349,7828,2010,386,47,2443,6
11361,5727,1492,468,58,2018,7
11362,6915,2145,538,118,2801,6
11363,5125,1759,639,87,2485,6
11365,9281,1695,479,68,2242,6
11369,2064,390,66,30,486,8
11381,7406,3015,835,139,3989,6
11383,9258,1760,1211,86,3057,6
11385,20745,5325,3266,584,9175,5
11408,23470,6308,1784,366,8458,5
11442,21754,4322,1856,241,6419,5
11464,30567,6409,1702,369,8480,5
11465,20236,2830,1066,123,4019,6
12101,143436,86737,13232,5835,105804,3
12102,115709,24012,5182,2278,31472,4
12103,107975,27013,4899,1938,33850,4
12104,103025,18672,3265,1123,23060,4
12105,87936,18327,2475,1137,21939,4
12106,101635,53212,22040,8973,84225,3
12202,52095,4762,3412,545,8719,5
12203,323613,47363,29012,8082,84457,3
12204,433684,72105,27801,9433,109339,3
12205,37417,8056,3138,710,11904,5
12206,101381,23035,8987,2526,34548,4
12207,341016,34361,24517,5570,64448,3
12208,114831,7740,13310,1481,22531,4
12210,67842,15643,2043,637,18323,4
12211,100282,42920,30385,11790,85095,3
12212,124178,21378,4880,1594,27852,4
12213,44645,11629,1415,380,13424,5
12215,52647,9291,1985,331,11607,5
12216,109701,33445,7857,2384,43686,3
12217,296896,42268,28605,6480,77353,3
12218,14083,2630,1816,271,4717,6
12219,211330,30381,9542,3464,43387,3
12220,114578,20297,10560,2449,33306,4
12221,134146,21396,5004,2137,28537,4
12222,92070,8460,8299,1424,18183,4
12223,27498,5967,3194,550,9711,5
12224,71862,13877,3032,992,17901,4
12225,63627,15866,3609,1201,20676,4
12226,32062,8004,2655,563,11222,5
12227,109695,25217,39907,34121,99245,3
12228,61275,11543,2304,823,14670,5
12229,43385,12850,2795,842,16487,4
12230,51415,7007,1175,343,8525,5
12231,66359,17810,6794,1485,26089,4
12232,41828,8490,2029,700,11219,5
12233,33856,9234,1626,547,11407,5
12234,28930,5388,2897,465,8750,5
12235,27122,6312,605,205,7122,5
12236,58625,6781,5515,473,12769,5
12237,36770,8628,1174,389,10191,5
12238,28718,4149,1196,266,5611,5
12239,32953,4926,770,334,6030,5
12322,13695,7398,2341,404,10143,5
12329,15034,1530,707,117,2354,6
12342,4366,951,371,75,1397,7
12347,10229,3243,584,145,3972,6
12349,10222,1573,538,59,2170,6
12403,11303,2792,630,104,3526,6
12409,4797,6090,1396,408,7894,5
12410,16158,3497,546,152,4195,6
12421,7944,2474,789,180,3443,6
12422,5158,1429,338,67,1834,7
12423,9492,2828,422,102,3352,6
12424,7692,1401,668,150,2219,6
12426,4716,2540,548,84,3172,6
12427,5338,2065,625,68,2758,6
12441,7380,2014,934,94,3042,6
12443,5379,1043,654,109,1806,7
12463,5270,1666,799,114,2579,6
13101,30433,349956,302357,59367,711680,1
13102,88604,201663,188759,40380,430802,1
13103,155648,335664,329097,63733,728494,1
13104,214608,265302,169661,36417,471380,1
13105,137754,80439,60659,13562,154660,2
13106,125643,76168,84372,23992,184532,2
13107,168637,50920,48333,10730,109983,3
13108,339051,124953,132012,27303,284268,2
13109,254325,125439,132013,27358,284810,2
13110,172556,53778,33523,7543,94844,3
13111,496032,74087,114060,47366,235513,2
13112,611113,91096,67388,18179,176663,2
13113,137119,200789,133945,25594,360328,1
13114,206553,63828,24895,6984,95707,3
13115,372446,69424,24104,10562,104090,3
13116,181272,103075,81681,17777,202533,2
13117,220705,42446,50624,8790,101860,3
13118,136873,29957,24846,4468,59271,3
13119,378715,44018,40930,9156,94104,3
13120,491492,54277,36004,10253,100534,3
13121,465676,40110,57562,7757,105429,3
13122,299553,31451,32023,6047,69521,3
13123,470058,32764,41021,10888,84673,3
13201,436297,52406,33555,9794,95755,3
13202,120669,56771,13863,5075,75709,3
13203,94318,46587,9564,3743,59894,3
13204,122262,30126,7426,2936,40488,4
13205,100976,13524,5915,1050,20489,4
13206,183859,46827,20951,5913,73691,3
13207,77353,21786,4623,1354,27763,4
13208,151522,35654,12556,5344,53554,3
13209,301280,17604,51587,6186,75377,3
13210,78565,17748,4134,2293,24175,4
13211,126096,25225,8251,3122,36598,4
13212,128877,26836,7612,3046,37494,4
13213,101632,13794,8287,1615,23696,4
13214,78475,23501,6117,2261,31879,4
13215,47036,14145,3088,1204,18437,4
13218,38584,11101,1786,634,13521,5
13219,51009,7069,3378,1059,11506,5
13220,56637,10199,2389,753,13341,5
13221,48416,5834,5318,905,12057,5
13222,75949,11996,6087,1187,19270,4
13223,46803,10243,2396,441,13080,5
13224,104179,25289,12498,2875,40662,4
13225,57476,8849,7352,1391,17592,4
13227,37532,12284,1881,651,14816,5
13228,57202,8805,2293,715,11813,5
13229,130652,20734,8761,2345,31840,4
13303,22170,8760,3478,274,12512,5
13305,12514,4921,896,140,5957,5
13307,1529,450,168,19,637,8
13308,3649,1404,612,76,2092,6
13361,6358,620,586,197,1403,7
13362,281,28,43,20,91,10
13363,2290,248,277,59,584,8
13364,1493,152,172,41,365,8
13381,1777,254,172,76,502,8
13382,273,49,51,48,148,9
13401,6394,422,440,198,1060,7
13402,135,37,34,12,83,10
13421,2365,345,429,315,1089,7
14101,189319,43749,14987,6326,65062,3
14102,154257,55830,17072,6367,79269,3
14103,61719,110730,30896,10661,152287,2
14104,96818,86467,25452,15352,127271,2
14105,125246,25158,3484,2237,30879,4
14106,133192,35208,6604,2814,44626,3
14107,108503,25781,4302,1855,31938,4
14108,143775,31245,5436,2921,39602,4
14109,228491,61890,25340,13996,101226,3
14110,190629,43667,7720,4540,55927,3
14111,144434,30674,3363,2622,36659,4
14112,169783,27103,4866,3306,35275,4
14113,120393,22580,8288,2993,33861,4
14114,83627,13837,2604,990,17431,4
14115,80431,17780,2451,1345,21576,4
14116,104100,14723,1875,1326,17924,4
14117,208703,28214,13888,4654,46756,3
14118,145893,48592,12744,4418,65754,3
14131,156019,52333,29722,8984,91039,3
14132,104159,41052,23900,4254,69206,3
14133,162089,46435,32377,8319,87131,3
14134,149260,32235,15957,4333,52525,3
14135,140078,16041,15474,3794,35309,4
14136,147335,21282,8498,3189,32969,4
14137,117761,13920,15072,2531,31523,4
14151,121709,16037,15680,2545,34262,4
14152,193735,27421,16426,3550,47397,3
14153,190139,31677,15769,3521,50967,3
14201,320960,31074,9001,5498,45573,3
14203,196959,35277,5832,4542,45651,3
14204,121683,33261,7269,3778,44308,3
14205,310110,62667,12288,7461,82416,3
14206,150382,26447,6852,6132,39431,4
14207,170341,22239,3961,2435,28635,4
14208,38927,7965,1430,635,10030,5
14210,32681,4824,2105,487,7416,5
14211,125986,15997,3517,2366,21880,4
14212,173662,57200,13908,5546,76654,3
14213,161150,32490,8040,3004,43534,3
14214,72274,18205,3346,2095,23646,4
14215,90738,34475,7097,4039,45611,3
14216,85117,20359,4047,1617,26023,4
14217,29843,6054,644,528,7226,5
14218,57991,14090,2051,1190,17331,4
14301,21560,4286,1231,470,5987,5
14321,34095,9073,1010,567,10650,5
14341,20789,5762,1141,789,7692,5
14342,19304,3592,645,478,4715,6
14361,6544,4904,755,729,6388,5
14362,11007,4482,563,560,5605,5
14363,7027,3724,535,448,4707,6
14364,6939,2898,1218,1386,5502,6
14366,11412,4342,332,240,4914,6
14382,7902,8622,8421,4668,21711,4
14383,4538,876,396,266,1538,7
14384,17004,2560,2176,1966,6702,5
14401,29012,6343,1527,329,8199,5
14402,1962,862,173,32,1067,7
15101,54108,12341,372,1341,14054,5
15102,98517,23830,683,2614,27127,4
15103,143162,82577,2680,14012,99269,3
15104,48636,18416,534,1254,20204,4
15105,54478,10198,220,1128,11546,5
15106,33202,9173,134,528,9835,5
15107,118551,23039,853,3250,27142,4
15108,43172,9261,229,1062,10552,5
15202,235918,32148,1402,9226,42776,3
15204,79737,17363,351,2484,20198,4
15205,74362,8418,386,3236,12040,5
15206,77282,14681,734,2132,17547,4
15208,28553,6671,84,821,7576,5
15209,20625,3710,40,311,4061,6
15210,46886,4659,91,2278,7028,5
15211,28896,5828,69,643,6540,5
15212,51809,5090,1081,1578,7749,5
15213,62173,16564,253,1724,18541,4
15216,38046,2280,238,3558,6076,5
15217,25249,4679,150,4904,9733,5
15218,40056,5208,143,560,5911,5
15222,174659,12849,664,8289,21802,4
15223,32354,5819,176,599,6594,5
15224,52710,1814,186,2013,4013,6
15225,30261,3512,130,1362,5004,6
15226,49521,6262,182,5186,11630,5
15227,24163,5468,190,651,6309,5
15307,9802,7224,215,380,7819,5
15342,5414,1686,44,270,2000,7
15361,7608,2222,13,190,2425,6
15385,8566,1352,421,396,2169,6
15405,2965,919,12,145,1076,7
15461,5296,2949,291,9407,12647,5
15482,8082,1188,24,679,1891,7
15504,2988,1552,28,144,1724,7
15581,4222,822,160,158,1140,7
15586,307,46,12,44,102,9
16201,365699,41668,6390,17267,65325,3
16202,136317,25811,3345,5209,34365,4
16204,32838,7298,550,1865,9713,5
16205,35987,3220,876,1231,5327,6
16206,23661,6727,264,844,7835,5
16207,32275,8248,378,2204,10830,5
16208,36691,10210,908,1733,12851,5
16209,22415,4704,1919,1052,7675,5
16210,40640,6035,1031,1574,8640,5
16211,68551,17339,1293,2288,20920,4
16321,1801,536,14,34,584,8
16322,14411,2671,124,417,3212,6
16323,18383,4194,236,1781,6211,5
16342,18742,3223,162,664,4049,6
16343,9025,1499,119,791,2409,6
17201,392558,57148,13862,28834,99844,3
17202,45177,7126,1288,3168,11582,5
17203,85997,15583,2046,4516,22145,4
17204,22167,2167,272,1194,3633,6
17205,12030,1341,104,532,1977,7
17206,53403,6601,3226,5479,15306,4
17207,16030,3933,364,741,5038,6
17209,25012,6268,658,647,7573,5
17210,79636,20944,1820,3243,26007,4
17211,34902,9567,566,1264,11397,5
17212,35006,15953,936,1585,18474,4
17324,3853,2522,80,112,2714,6
17361,25259,4981,881,604,6466,5
17365,18041,3845,238,578,4661,6
17384,16177,3256,482,947,4685,6
17386,9134,2027,165,283,2475,6
17407,12082,2153,110,264,2527,6
17461,6391,1948,89,255,2292,6
17463,13925,2015,111,429,2555,6
18201,225644,39947,4494,10441,54882,3
18202,55387,5432,1094,5690,12216,5
18204,23748,2422,135,2153,4710,6
18205,26435,2213,216,1201,3630,6
18206,18892,2040,243,1322,3605,6
18207,51352,11044,698,2083,13825,5
18208,20316,5222,1216,2435,8873,5
18209,64631,11178,693,2113,13984,5
18210,67692,12842,1395,3189,17426,4
18322,13188,3986,262,947,5195,6
18382,1722,329,16,105,450,8
18404,7428,1937,443,1333,3713,6
18423,14701,2601,142,847,3590,6
18442,7296,2348,107,1043,3498,6
18481,8331,1296,57,2438,3791,6
18483,6001,1596,48,1480,3124,6
18501,11981,2024,90,1376,3490,6
19201,152457,38242,8583,4766,51591,3
19202,38258,6837,3693,1971,12501,5
19204,24281,3565,1993,803,6361,5
19205,25279,5196,1760,552,7508,5
19206,17741,2956,3127,1070,7153,5
19207,22472,8207,1282,976,10465,5
19208,52128,8984,1460,1006,11450,5
19209,33928,5615,7320,4042,16977,4
19210,51518,11213,2015,1535,14763,5
19211,51979,13345,4820,2028,20193,4
19212,18358,1656,3952,671,6279,5
19213,23204,4279,2188,624,7091,5
19214,20987,8560,790,564,9914,5
19346,10481,2470,278,240,2988,6
19364,729,399,179,181,759,7
19365,8873,2143,828,965,3936,6
19366,5955,611,206,824,1641,7
19368,10727,2113,290,248,2651,6
19384,12311,13714,1075,980,15769,4
19422,1097,160,1144,86,1390,7
19423,2678,898,176,39,1113,7
19424,5839,1553,862,466,2881,6
19425,3440,2221,4244,1760,8225,5
19429,1886,844,1695,509,3048,6
19430,17992,5471,6336,3236,15043,4
19442,505,101,225,14,340,8
19443,370,64,293,22,379,8
20201,324809,38086,2326,18569,58981,3
20202,200769,34996,3318,15115,53429,3
20203,132508,18743,942,8166,27851,4
20204,39059,8171,535,1998,10704,5
20205,87466,12543,1925,2537,17005,4
20206,37278,12051,812,3601,16464,4
20207,37856,8587,206,1375,10168,5
20208,31678,7620,173,2138,9931,5
20209,54103,11259,809,2236,14304,5
20210,25396,5818,875,1652,8345,5
20211,33599,7193,196,1537,8926,5
20212,22379,3930,539,2078,6547,5
20213,16799,2929,190,1514,4633,6
20214,42180,8161,1462,6333,15956,4
20215,51494,15857,900,3115,19872,4
20217,80203,11763,431,5585,17779,4
20218,45217,8570,364,2361,11295,5
20219,21207,6195,128,1651,7974,5
20220,73722,13435,1032,3954,18421,4
20303,3397,960,91,659,1710,7
20304,3798,198,39,436,673,8
20305,2289,688,116,1074,1878,7
20306,644,202,2,77,281,8
20307,576,172,0,33,205,9
20309,8087,1418,51,568,2037,6
20321,12992,5573,959,15136,21668,4
20323,10673,2794,109,970,3873,6
20324,4922,1149,363,1501,3013,6
20349,2913,642,59,210,911,7
20350,4278,1213,256,1021,2490,6
20361,13902,4072,206,758,5036,6
20362,10425,3733,272,2184,6189,5
20363,4984,1124,131,760,2015,7
20382,14410,3667,229,623,4519,6
20383,18511,5552,188,558,6298,5
20384,6495,1528,244,319,2091,6
20385,9602,4874,214,490,5578,5
20386,3179,766,88,150,1004,7
20388,5954,1991,131,298,2420,6
20402,9391,1957,205,404,2566,6
20403,9155,3225,222,287,3734,6
20404,3820,665,141,76,882,7
20407,4570,1758,1078,927,3763,6
20409,359,252,236,52,540,8
20410,539,130,166,13,309,8
20411,2608,485,81,63,629,8
20412,353,61,160,41,262,9
20413,925,108,48,34,190,9
20414,1275,437,27,27,491,8
20415,4232,910,48,99,1057,7
20416,4466,768,44,120,932,7
20417,816,121,25,62,208,9
20422,3497,612,184,164,960,7
20423,3112,321,631,227,1179,7
20425,2179,427,139,106,672,8
20429,606,154,169,143,466,8
20430,2904,295,231,217,743,8
20432,9355,1927,902,836,3665,6
20446,1923,763,50,188,1001,7
20448,1480,212,4,41,257,9
20450,5617,1606,42,172,1820,7
20451,3036,552,35,74,661,8
20452,3039,744,65,244,1053,7
20481,6986,1492,41,269,1802,7
20482,7104,1233,66,193,1492,7
20485,6476,1620,1097,4457,7174,5
20486,2077,414,401,1566,2381,6
20521,10764,3567,66,714,4347,6
20541,7285,2313,92,638,3043,6
20543,4838,899,43,263,1205,7
20561,8465,1861,746,4006,6613,5
20562,3214,812,34,317,1163,7
20563,2598,471,295,1378,2144,6
20583,5852,1220,189,1630,3039,6
20588,1807,379,9,84,472,8
20590,7695,1367,41,516,1924,7
20602,1254,233,16,243,492,8
21201,321696,58703,19306,9261,87270,3
21202,124334,26111,5860,4604,36575,4
21203,77346,5692,5132,6892,17716,4
21204,83824,10992,7074,1937,20003,4
21205,68508,13463,3349,1483,18295,4
21206,66188,5346,4858,1896,12100,5
21207,15218,3940,831,447,5218,6
21208,28967,5432,2928,907,9267,5
21209,48132,7753,3920,2375,14048,5
21210,39641,6880,3573,1513,11966,5
21211,39643,11116,2241,854,14211,5
21212,43503,8251,5321,1167,14739,5
21213,108416,19083,9207,3039,31329,4
21214,73017,13768,6119,1554,21441,4
21215,17986,3449,592,224,4265,6
21216,36321,8331,1231,1029,10591,5
21217,20046,1738,485,1177,3400,6
21218,23422,9041,885,634,10560,5
21219,34820,3211,4261,3042,10514,5
21220,28471,2676,2331,2171,7178,5
21221,25271,3225,2721,536,6482,5
21302,15517,6823,1690,451,8964,5
21303,14340,4970,1329,245,6544,5
21341,20548,3977,1040,971,5988,5
21361,19154,3895,475,892,5262,6
21362,5230,1255,540,1320,3115,6
21381,12797,3186,300,198,3684,6
21382,6290,2205,416,124,2745,6
21383,9609,3180,569,467,4216,6
21401,15112,3735,584,406,4725,6
21403,16448,2863,295,268,3426,6
21404,16688,3320,467,313,4100,6
21421,11133,3847,366,197,4410,6
21501,5295,2023,327,120,2470,6
21502,3481,1636,287,68,1991,7
21503,6968,1574,442,128,2144,6
21504,2697,591,142,76,809,7
21505,8024,1577,468,107,2152,6
21506,6544,899,477,123,1499,7
21507,1668,301,58,16,375,8
21521,12280,3022,1162,237,4421,6
21604,1175,410,309,890,1609,7
22101,202495,61364,3538,10633,75535,3
22102,160008,46313,2738,7910,56961,3
22103,189837,30220,2774,10421,43415,3
22131,180482,58950,6257,9688,74895,3
22132,91247,33856,2271,2328,38455,4
22133,80262,18492,3880,3896,26268,4
22134,70472,20101,1537,1983,23621,4
22135,68472,19854,3564,2906,26324,4
22136,68681,16473,1404,1915,19792,4
22137,22416,3972,472,404,4848,6
22203,156282,35090,2374,12687,50151,3
22205,28054,5281,1236,16937,23454,4
22206,78390,19907,1120,6667,27694,4
22207,105439,12498,1322,7439,21259,4
22208,55740,4789,956,12840,18585,4
22209,75462,14204,1127,2873,18204,4
22210,207486,26737,2286,11365,40388,4
22211,132562,29196,2314,4117,35627,4
22212,106797,19033,1193,3968,24194,4
22213,89454,20285,2318,5276,27879,4
22214,106944,21207,1228,3952,26387,4
22215,69577,12693,1827,15304,29824,4
22216,64128,17138,1230,2429,20797,4
22219,18041,3155,309,3477,6941,5
22220,38135,11264,888,4373,16525,4
22221,46538,7860,6265,1995,16120,4
22222,23504,5098,555,4444,10097,5
22223,25700,5308,474,864,6646,5
22224,33740,8197,514,1518,10229,5
22225,34889,9558,393,3446,13397,5
22226,34885,11806,565,1624,13995,5
22301,9440,1620,231,2946,4797,6
22302,5380,1300,128,1367,2795,6
22304,5863,1056,92,1318,2466,6
22305,4936,824,51,792,1667,7
22306,6511,1063,134,1212,2409,6
22325,25670,6279,262,2425,8966,5
22341,21991,9642,210,939,10791,5
22342,27510,11919,443,2240,14602,5
22344,13046,4390,785,6455,11630,5
22424,21503,6432,219,583,7234,5
22429,5460,826,196,453,1475,7
22461,13261,3550,385,762,4697,6
23101,110121,52400,6864,6282,65546,3
23102,49193,59080,8761,6446,74287,3
23103,110221,30142,3473,2930,36545,4
23104,98583,43934,6892,5243,56069,3
23105,86877,111522,27672,25962,165156,2
23106,53870,174557,28867,28061,231485,2
23107,68900,37219,4025,2998,44242,3
23108,69805,28324,2781,2381,33486,4
23109,41480,36153,4365,3904,44422,3
23110,146441,34293,4750,4070,43113,3
23111,103831,41024,5499,4936,51459,3
23112,92868,30390,2461,2910,35761,4
23113,116280,26185,3008,2728,31921,4
23114,165188,33039,2687,3766,39492,4
23115,109462,26468,2599,3750,32817,4
23116,107530,26428,2620,2457,31505,4
23201,313900,29051,9240,7805,46096,3
23202,301114,47936,4701,7515,60152,3
23203,284929,27832,14913,6607,49352,3
23204,95188,13815,2338,1748,17901,4
23205,87400,22789,1127,2081,25997,4
23206,225712,35230,9451,5256,49937,3
23207,143652,23887,3125,3922,30934,4
23208,44143,11021,1294,585,12900,5
23209,53458,11832,307,686,12825,5
23210,110368,55795,3757,5041,64593,3
23211,351114,71946,7510,9425,88881,3
23212,136720,43904,2241,4311,50456,3
23213,132294,19375,1136,1462,21973,4
23214,61572,11958,1669,2484,16111,4
23215,52269,10957,6148,1668,18773,4
23216,42260,21356,4615,4685,30656,4
23217,69606,10598,3029,1090,14717,5
23219,111797,34916,6654,3968,45538,3
23220,98643,25151,5099,2556,32806,4
23221,36657,6668,1392,1844,9904,5
23222,81269,23206,1503,2421,27130,4
23223,62611,22493,1474,2124,26091,4
23224,58288,8940,774,1072,10786,5
23225,47866,18064,888,1550,20502,4
23226,54134,13592,1144,1236,15972,4
23227,32256,8914,239,403,9556,5
23228,30604,6763,1038,794,8595,5
23229,47152,15343,1015,1282,17640,4
23230,59440,21500,1918,1773,25191,4
23231,53423,9647,942,1126,11715,5
23232,40499,8299,1613,607,10519,5
23233,44758,15348,2599,1768,19715,4
23234,57396,13730,2065,1002,16797,4
23235,29720,8931,3166,1013,13110,5
23236,42513,15224,742,955,16921,4
23237,58037,11359,1511,791,13661,5
23238,37972,19650,2108,1667,23425,4
23302,27371,8056,284,427,8767,5
23342,9525,9047,998,706,10751,5
23361,15560,10674,2920,494,14088,5
23362,21767,5938,1661,520,8119,5
23424,19495,4531,394,274,5199,6
23425,24128,6326,1245,546,8117,5
23427,2608,5883,799,472,7154,5
23441,18655,6656,359,331,7346,5
23442,33747,9653,431,572,10656,5
23445,13576,3698,533,544,4775,6
23446,16715,4168,341,423,4932,6
23447,29179,7113,389,619,8121,5
23501,28436,11816,661,1080,13557,5
23561,3894,1094,146,85,1325,7
23562,2563,454,212,48,714,8
23563,891,346,173,38,557,8
24201,231808,34069,6965,8302,49336,3
24202,256832,41318,12437,11157,64912,3
24203,103116,15564,3536,7441,26541,4
24204,129543,19301,2710,3853,25864,4
24205,104945,14411,13350,6118,33879,4
24207,153845,21599,5521,6904,34024,4
24208,60703,3815,623,4327,8765,5
24209,14997,2320,404,587,3311,6
24210,37024,10467,2189,4175,16831,4
24211,13557,3428,1947,3876,9251,5
24212,12697,2200,378,1075,3653,6
24214,34729,7313,3499,868,11680,5
24215,40021,3757,1950,4116,9823,5
24216,76218,8215,1482,8070,17767,4
24303,4334,448,898,172,1518,7
24324,17759,4755,989,383,6127,5
24341,29157,5642,1528,1423,8593,5
24343,6693,2722,378,316,3416,6
24344,8660,3486,780,464,4730,6
24441,10569,4539,367,777,5683,5
24442,16479,5414,307,356,6077,5
24443,7032,1751,174,332,2257,6
24461,10365,4647,145,374,5166,6
24470,5852,1122,114,68,1304,7
24471,7203,1250,160,245,1655,7
24472,9640,1275,390,393,2058,6
24543,13421,1680,449,578,2707,6
24561,6206,1932,83,430,2445,6
24562,7888,580,68,842,1490,7
25201,255049,24033,25183,14120,63336,3
25202,86756,15733,3493,4901,24127,4
25203,98721,7783,2932,6125,16840,4
25204,60081,11264,2674,3023,16961,4
25206,100885,30729,12019,5844,48592,3
25207,56180,12430,2941,2160,17531,4
25208,45894,14989,3304,2257,20550,4
25209,71549,10832,5043,5912,21787,4
25210,34968,11113,2325,1794,15232,4
25211,38911,8946,1692,1398,12036,5
25212,40436,2491,3318,2464,8273,5
25213,86968,14002,2939,3587,20528,4
25214,27963,6969,2023,4491,13483,5
25383,15421,4349,633,742,5724,5
25384,8773,6471,1776,1215,9462,5
25425,14231,4040,501,662,5203,6
25441,4973,1827,170,304,2301,6
25442,4549,2027,195,316,2538,6
25443,4680,2859,554,910,4323,6
26101,83779,16148,6016,3872,26036,4
26102,56854,21473,7065,4770,33308,4
26103,123513,22872,12693,8925,44490,3
26104,72368,59508,20538,13390,93436,3
26105,25535,18501,9366,7196,35063,4
26106,53317,55376,30097,21748,107221,3
26107,68832,38981,16344,10319,65644,3
26108,145262,26710,9492,6468,42670,3
26109,206359,41911,19359,7669,68939,3
26110,99286,12244,10916,3777,26937,4
26111,105486,14601,4951,2900,22452,4
26201,64890,6449,5201,1510,13160,5
26202,71510,4019,2340,3038,9397,5
26203,27222,4700,975,669,6344,5
26204,133007,19370,7043,3859,30272,4
26205,13750,3722,1586,1096,6404,5
26206,67595,7053,2862,1459,11374,5
26207,54272,8021,2662,964,11647,5
26208,36483,9639,3098,1339,14076,5
26209,55845,9280,6660,2164,18104,4
26210,50962,6813,7509,1463,15785,4
26211,49037,7526,7149,1869,16544,4
26212,47831,3849,2967,1130,7946,5
26213,24751,5226,1759,736,7721,5
26214,50017,4472,5898,1411,11781,5
26303,9668,2549,2462,716,5727,5
26322,10125,10750,3138,691,14579,5
26343,5147,779,273,65,1117,7
26344,6168,1241,798,187,2226,6
26364,867,202,350,92,644,8
26365,2858,354,202,72,628,8
26366,23867,3532,3742,901,8175,5
26367,1842,165,429,139,733,8
26407,11152,2589,821,315,3725,6
26463,1656,446,180,117,743,8
26465,16698,2538,436,280,3254,6
27102,68032,36093,9192,4993,50278,3
27103,45541,25063,12304,5162,42529,3
27104,46117,26556,13008,15052,54616,3
27106,58384,58638,23178,11235,93051,3
27107,56207,15482,5302,4123,24907,4
27108,46965,11452,2770,1736,15958,4
27109,47770,48640,13086,6211,67937,3
27111,43564,51370,14473,9048,74891,3
27113,67251,14260,9292,2920,26472,4
27114,121700,24682,8648,6712,40042,4
27115,52144,20357,4201,2378,26936,4
27116,89809,21813,4495,2448,28756,4
27117,60635,14127,2416,1734,18277,4
27118,108658,28888,5489,3406,37783,4
27119,70871,45337,9089,4536,58962,3
27120,108422,25391,4060,3006,32457,4
27121,85086,24003,3422,2371,29796,4
27122,77679,21864,3718,2998,28580,4
27123,121500,61940,33608,22441,117989,2
27124,75064,18745,3078,1953,23776,4
27125,88029,33670,8142,5751,47563,3
27126,141778,25822,4393,2559,32774,4
27127,80848,215543,116692,44392,376627,1
27128,58237,226828,83114,41724,351666,1
27141,105677,52075,6691,5411,64177,3
27142,87232,22371,1704,1391,25466,4
27143,56191,12117,1118,1065,14300,5
27144,94427,33023,3293,2714,39030,4
27145,105016,20203,1857,1856,23916,4
27146,109457,31524,3326,2761,37611,4
27147,25402,11002,961,604,12567,5
27202,139521,23744,3846,2273,29863,4
27203,285494,43631,21202,13662,78495,3
27204,72466,12524,9919,3499,25942,4
27205,262623,60821,21463,15836,98120,3
27206,51131,14364,1545,1360,17269,4
27207,265717,29792,15657,8733,54182,3
27208,61511,12706,1684,988,15378,4
27209,97676,31856,5936,3478,41270,3
27210,305095,32074,18734,7703,58511,3
27211,204322,41663,12530,8250,62443,3
27212,201470,35071,10200,4536,49807,3
27213,71421,26918,7766,4698,39382,4
27214,79172,15116,2162,1379,18657,4
27215,173209,31172,6329,4038,41539,3
27216,77423,9182,2632,1366,13180,5
27217,84537,16887,2529,1708,21124,4
27218,87144,19181,4264,2120,25565,4
27219,129859,28505,3594,2545,34644,4
27220,91045,17422,5318,3287,26027,4
27221,48482,7702,4101,1230,13033,5
27222,78988,15261,2826,1305,19392,4
27223,86220,27882,4550,2765,35197,4
27224,56735,19401,4287,2171,25859,4
27225,36848,11687,1243,1154,14084,5
27226,45070,12049,1818,951,14818,5
27227,383416,64425,23350,9960,97735,3
27228,43209,10500,3296,1015,14811,5
27229,37343,7923,2425,818,11166,5
27230,52627,7963,2232,1242,11437,5
27231,38593,10871,1299,709,12879,5
27232,37308,4174,1429,584,6187,5
27301,20244,3302,2357,1032,6691,5
27321,13305,818,535,334,1687,7
27322,7039,856,1020,152,2028,7
27341,10708,3159,394,129,3682,6
27361,29431,5090,838,413,6341,5
27362,4673,8828,4827,3007,16662,4
27366,10689,2121,1174,290,3585,6
27381,8973,1677,534,182,2393,6
27382,10405,3023,511,275,3809,6
27383,3300,926,115,46,1087,7
28101,153514,33832,9279,7166,50277,3
28102,96514,25048,6219,4419,35686,4
28105,73934,38451,4357,4524,47332,3
28106,66977,20711,1686,1626,24023,4
28107,113862,25781,2910,3163,31854,4
28108,159682,22472,2997,4471,29940,4
28109,160561,24598,7688,7760,40046,4
28110,97178,144816,25660,28459,198935,2
28111,178194,42719,4163,5568,52450,3
28201,453801,58724,7689,16300,82713,3
28202,345082,47862,35312,12015,95189,3
28203,219058,45287,4089,6911,56287,3
28204,362919,52348,26743,15002,94093,3
28205,34422,7401,1953,1734,11088,5
28206,64151,14435,3748,2801,20984,4
28207,143878,22307,12010,5986,40303,4
28208,21918,4857,505,1518,6880,5
28209,71305,6763,4715,2456,13934,5
28210,200234,34274,2580,4733,41587,3
28212,39412,4931,962,2715,8608,5
28213,31234,6023,669,419,7111,5
28214,156846,19942,8918,5956,34816,4
28215,55990,14683,2825,2711,20219,4
28216,65553,17558,754,1920,20232,4
28217,109042,12443,9536,3006,24985,4
28218,35052,9470,786,828,11084,5
28219,83065,13074,4450,2860,20384,4
28220,34103,8327,859,1192,10378,5
28221,33244,4307,2291,838,7436,5
28222,19753,3562,1058,520,5140,6
28223,54479,4919,2696,790,8405,5
28224,37271,4214,1966,2541,8721,5
28225,24906,3928,986,792,5706,5
28226,34947,6942,2948,3329,13219,5
28227,30421,3450,527,716,4693,6
28228,30371,11035,1883,1687,14605,5
28229,56430,11726,972,2198,14896,5
28301,21191,3193,1402,603,5198,6
28365,16241,2512,286,174,2972,6
28381,21149,6135,241,336,6712,5
28382,21862,6402,295,775,7472,5
28442,8510,1754,136,216,2106,6
28443,14393,6032,386,482,6900,5
28446,8345,1671,201,177,2049,6
28464,24048,6895,248,777,7920,5
28481,10954,2665,155,520,3340,6
28501,13474,2253,448,1008,3709,6
28585,14244,1845,762,654,3261,6
28586,11667,1088,606,939,2633,6
29201,277446,28891,30963,13217,73071,3
29202,43977,9613,2006,836,12455,5
29203,62304,17514,5611,2662,25787,4
29204,51648,9787,4143,4214,18144,4
29205,91825,24419,5956,3648,34023,4
29206,40670,6942,1546,1340,9828,5
29207,22932,2695,2192,449,5336,6
29208,17887,3985,1246,336,5567,5
29209,82758,9884,7785,2392,20061,4
29210,52181,8464,3438,1803,13705,5
29211,24496,5353,1604,433,7390,5
29212,22586,2769,1128,1242,5139,6
29322,2368,489,552,520,1561,7
29342,12370,1510,590,339,2439,6
29343,15358,2331,879,441,3651,6
29344,18553,3309,1007,593,4909,6
29345,4709,1484,285,103,1872,7
29361,5733,1478,424,121,2023,7
29362,4190,1054,127,60,1241,7
29363,21341,5608,894,540,7042,5
29385,1132,213,174,86,473,8
29386,1220,257,74,56,387,8
29401,5093,1438,225,168,1831,7
29402,3517,1022,258,173,1453,7
29424,14565,2821,606,280,3707,6
29425,14538,4551,1626,383,6560,5
29426,21370,5212,1168,427,6807,5
29427,11290,3141,878,280,4299,6
29441,5273,1437,500,256,2193,6
29442,12536,3308,671,273,4252,6
29443,3639,801,150,92,1043,7
29444,373,130,124,20,274,9
29446,1034,450,492,127,1069,7
29447,378,80,99,28,207,9
29449,2840,337,519,324,1180,7
29450,696,102,170,159,431,8
29451,382,161,144,89,394,8
29452,989,293,191,64,548,8
29453,1192,269,104,50,423,8
30201,315328,31234,17456,7014,55704,3
30202,38550,7882,1606,608,10096,5
30203,47790,3453,3771,910,8134,5
30204,21614,3583,626,307,4516,6
30205,19417,6148,952,402,7502,5
30206,62305,8245,2553,1522,12320,5
30207,23799,2840,749,2835,6424,5
30208,46416,7192,1909,579,9680,5
30209,37966,6834,1840,923,9597,5
30304,6710,1251,349,74,1674,7
30341,12761,2398,911,269,3578,6
30343,2932,526,188,71,785,7
30344,2434,621,628,656,1905,7
30361,9118,2122,332,112,2566,6
30362,4978,1268,347,122,1737,7
30366,20265,4229,769,263,5261,6
30381,5042,1203,175,59,1437,7
30382,5379,985,258,93,1336,7
30383,3960,660,333,181,1174,7
30390,5779,1459,412,173,2044,6
30391,9599,1467,562,244,2273,6
30392,7076,1847,418,148,2413,6
30401,15640,3968,5247,2928,12143,5
30404,10589,2379,343,202,2924,6
30406,2915,774,331,179,1284,7
30421,11315,2231,826,1222,4279,6
30422,1699,367,113,206,686,8
30424,2053,244,71,65,380,8
30427,369,22,38,36,96,10
30428,13378,1721,1234,989,3944,6
31201,173792,12339,3442,8068,23849,4
31202,123685,15300,8272,5265,28837,4
31203,40827,7946,897,1307,10150,5
31204,25590,3725,1846,1464,7035,5
31302,8164,1008,151,696,1855,7
31325,2164,523,31,150,704,8
31328,5107,813,184,348,1345,7
31329,12135,1561,95,336,1992,7
31364,4869,1262,252,653,2167,6
31370,11339,2422,289,667,3378,6
31371,13510,2296,192,314,2802,6
31372,10598,2762,228,444,3434,6
31384,2228,2517,416,130,3063,6
31386,12165,2367,702,662,3731,6
31389,7688,1166,295,187,1648,7
31390,7162,1665,641,674,2980,6
31401,4098,316,142,97,555,8
31402,2520,486,171,100,757,7
31403,1878,545,246,262,1053,7
32201,178566,16142,8673,7862,32677,4
32202,49727,4811,1985,1344,8140,5
32203,149561,12546,3868,5822,22236,4
32204,41013,2798,1660,1226,5684,5
32205,30010,3606,687,892,5185,6
32206,31674,2764,3075,826,6665,5
32207,19573,2937,553,554,4044,6
32209,30849,4581,932,584,6097,5
32343,10913,1341,302,222,1865,7
32386,4090,814,169,109,1092,7
32441,2545,970,83,60,1113,7
32448,3481,677,125,62,864,7
32449,8930,900,580,245,1725,7
32501,5585,797,440,240,1477,7
32505,5242,464,325,175,964,7
32525,1816,215,34,78,327,8
32526,2610,318,72,109,499,8
32527,491,51,18,43,112,9
32528,13085,658,215,413,1286,7
33101,248368,93908,10194,24627,128729,2
33102,103043,23836,1394,3655,28885,4
33103,69771,15618,694,2887,19199,4
33104,121639,30206,1372,3653,35231,4
33202,400918,41607,7990,17480,67077,3
33203,86600,13235,1165,3028,17428,4
33204,46544,5979,571,1672,8222,5
33205,38490,5744,4067,1454,11265,5
33207,32115,2955,2343,584,5882,5
33208,48835,10075,689,1463,12227,5
33209,26355,4659,568,991,6218,5
33210,25688,1939,611,931,3481,6
33211,26597,4835,458,2893,8186,5
33212,26788,6762,257,1162,8181,5
33213,31183,6305,381,1390,8076,5
33214,38717,4094,1509,2173,7776,5
33215,20650,3600,605,2275,6480,5
33216,23823,4556,1299,890,6745,5
33346,10438,2632,116,604,3352,6
33423,8046,4859,298,528,5685,5
33445,7382,2658,399,286,3343,6
33461,10748,2694,229,262,3185,6
33586,595,117,34,14,165,9
33606,8950,2180,408,351,2939,6
33622,8056,2974,160,521,3655,6
33623,4208,1215,158,430,1803,7
33643,830,160,84,158,402,8
33663,3649,938,29,100,1067,7
33666,10290,2495,71,256,2822,6
33681,9125,2110,131,279,2520,6
34101,101554,105310,8193,17355,130858,2
34102,80512,22292,2476,4425,29193,4
34103,102326,57555,4649,10897,73101,3
34104,133591,42724,3675,4922,51321,3
34105,172981,30029,3139,5237,38405,4
34106,107241,14867,1513,2084,18464,4
34107,54284,11473,680,1175,13328,5
34108,96541,18079,2182,2569,22830,4
34202,191100,16412,1416,5615,23443,4
34203,20799,4301,226,1173,5700,5
34204,79547,12324,1443,4397,18164,4
34205,114774,14896,1676,6336,22908,4
34207,409370,24404,17040,13380,54824,3
34208,31199,5454,582,532,6568,5
34209,44712,7002,1281,1052,9335,5
34210,30633,4098,1166,937,6201,5
34211,21197,3066,3035,731,6832,5
34212,160788,22888,2286,7397,32571,4
34213,86433,14565,3023,5602,23190,4
34214,23241,4230,392,502,5124,6
34215,18659,2151,146,616,2913,6
34302,34053,13129,577,1099,14805,5
34304,18593,7635,218,524,8377,5
34307,16735,2254,70,198,2522,6
34309,8618,4927,142,391,5460,6
34368,4944,1170,174,246,1590,7
34369,15228,3584,863,535,4982,6
34431,6568,855,207,265,1327,7
34462,12587,2332,293,335,2960,6
34545,6816,1469,141,178,1788,7
35201,234935,8911,2426,15189,26526,4
35202,142282,15099,1325,4825,21249,4
35203,166483,24099,3740,7820,35659,4
35204,41845,4222,1037,2012,7271,5
35206,97568,10225,1766,3159,15150,4
35207,42050,11848,835,1711,14394,5
35208,115607,7617,6141,4767,18525,4
35210,40530,5768,604,958,7330,5
35211,28966,3380,491,1549,5420,6
35212,25544,6049,726,698,7473,5
35213,20058,5042,629,1878,7549,5
35215,121658,17584,2579,5430,25593,4
35216,49267,9471,566,2339,12376,5
35305,13615,1871,716,624,3211,6
35321,4324,1232,768,216,2216,6
35341,1905,482,114,146,742,8
35343,10792,2561,171,230,2962,6
35344,9162,2490,128,174,2792,6
35502,2449,547,63,106,716,8
36201,217346,39881,4539,10376,54796,3
36202,45115,7662,1396,4283,13341,5
36203,28499,8560,320,835,9715,5
36204,59670,8106,669,1660,10435,5
36205,30848,6260,349,654,7263,5
36206,26977,4264,601,802,5667,5
36207,23700,4715,641,749,6105,5
36208,21566,3036,1340,1365,5741,5
36301,3836,810,30,96,936,7
36302,1016,274,9,43,326,8
36321,1604,195,1,27,223,9
36341,17504,4111,198,343,4652,6
36342,3661,694,50,172,916,7
36368,7064,1197,98,202,1497,7
36383,3198,728,49,140,917,7
36387,5332,970,90,263,1323,7
36388,7253,705,208,414,1327,7
36401,10254,5002,378,915,6295,5
36402,15244,5804,279,495,6578,5
36403,23953,7490,473,730,8693,5
36404,8767,3256,346,412,4014,6
36405,8474,2125,164,237,2526,6
36468,5970,1489,120,176,1785,7
36489,10359,1891,410,438,2739,6
37201,367606,39680,11160,20685,71525,3
37202,81717,17530,2058,4576,24164,4
37203,39356,11357,1187,3301,15845,4
37204,23228,7769,770,1204,9743,5
37205,47119,6799,2497,1997,11293,5
37206,37046,6496,910,1451,8857,5
37207,24302,2553,1064,981,4598,6
37208,49864,8197,1402,1858,11457,5
37322,10942,1246,116,1440,2802,6
37324,11997,1378,169,1444,2991,6
37341,18807,5459,310,548,6317,5
37364,2532,175,33,798,1006,7
37386,12141,5550,579,1142,7271,5
37387,15953,5995,538,736,7269,5
37403,5652,2061,304,1469,3834,6
37404,16464,5328,394,694,6416,5
37406,12459,3545,498,615,4658,6
38201,455604,39970,6854,20269,67093,3
38202,139688,9198,1131,6146,16475,4
38203,67866,6036,907,1707,8650,5
38204,28920,4072,275,1253,5600,5
38205,102253,10681,1487,3323,15491,4
38206,90274,11233,1725,3122,16080,4
38207,36870,6939,397,1086,8422,5
38210,25396,6337,241,903,7481,5
38213,75595,4228,3585,2243,10056,5
38214,31991,3424,213,657,4294,6
38215,25261,9186,409,828,10423,5
38356,5498,152,18,799,969,7
38386,6990,1109,222,326,1657,7
38401,21157,8424,258,582,9264,5
38402,14698,4012,186,361,4559,6
38422,12850,2147,186,391,2724,6
38442,7027,1948,143,568,2659,6
38484,2828,411,48,65,524,8
38488,8165,1362,137,151,1650,7
38506,18851,1062,377,455,1894,7
39201,291807,31119,5442,12593,49154,3
39202,11203,1154,188,501,1843,7
39203,13358,2724,158,367,3249,6
39204,35162,14072,701,1582,16355,4
39205,20684,4524,175,451,5150,6
39206,17945,4744,216,531,5491,6
39208,17087,2625,644,534,3803,6
39209,10977,824,157,651,1632,7
39210,28016,5020,736,1176,6932,5
39211,24033,4577,356,776,5709,5
39212,20624,3713,295,625,4633,6
39301,1972,87,122,203,412,8
39302,2071,699,22,83,804,7
39303,1864,893,15,45,953,7
39304,1648,567,24,73,664,8
39305,1008,228,15,86,329,8
39306,578,142,6,36,184,9
39307,2900,1262,84,326,1672,7
39341,2623,562,40,86,688,8
39344,3032,909,333,358,1600,7
39363,3192,485,34,59,578,8
39364,313,62,5,4,71,10
39386,15811,4315,315,518,5148,6
39387,4196,654,144,160,958,7
39401,5421,940,71,193,1204,7
39402,9867,1840,99,142,2081,6
39403,4355,938,59,97,1094,7
39405,2807,424,90,127,641,8
39410,3306,1464,77,66,1607,7
39411,4226,808,62,130,1000,7
39412,14175,2020,211,458,2689,6
39424,4140,487,114,286,887,7
39427,1238,278,3,17,298,8
39428,8724,1713,174,361,2248,6
40101,74288,11223,1291,5234,17748,4
40103,59929,16011,702,1578,18291,4
40105,42646,20035,494,1340,21869,4
40106,141682,70326,4408,12881,87615,3
40107,157371,24440,2254,4412,31106,4
40108,47081,19386,688,1736,21810,4
40109,191685,40453,2404,4766,47623,3
40131,226233,54650,9139,7008,70797,3
40132,166294,178124,32094,43339,253557,2
40133,137218,141840,19237,20606,181683,2
40134,175201,33814,4762,3651,42227,3
40135,148518,28266,4681,3673,36620,4
40136,86754,19619,2567,1846,24032,4
40137,151167,33694,5176,3993,42863,3
40202,95235,8268,9932,1426,19626,4
40203,245011,37363,15353,5308,58024,3
40204,41524,13135,517,862,14514,5
40205,102359,22746,1409,1643,25798,4
40206,35561,12084,374,480,12938,5
40207,51270,7805,1581,733,10119,5
40210,50942,9708,1246,613,11567,5
40211,34010,10191,1250,505,11946,5
40212,25052,4606,2046,525,7177,5
40213,52901,11386,1065,1084,13535,5
40214,19538,3202,2027,418,5647,5
40215,27671,6575,158,287,7020,5
40216,40126,7901,2449,737,11087,5
40217,70167,21106,4436,2030,27572,4
40218,71519,17799,2213,1604,21616,4
40219,65311,18057,2293,1683,22033,4
40220,69864,11769,1214,1692,14675,5
40221,46980,13314,1891,1744,16949,4
40223,40646,10852,1066,1182,13100,5
40224,40370,9741,704,880,11325,5
40225,21807,3956,832,354,5142,6
40226,20481,10806,489,833,12128,5
40227,27772,5450,237,190,5877,5
40228,40057,10710,2317,982,14009,5
40229,27058,5486,1488,316,7290,5
40230,70616,9061,3020,1628,13709,5
40231,33693,6714,955,631,8300,5
40341,25003,4594,477,372,5443,6
40342,20836,5208,505,373,6086,5
40343,29126,9508,503,631,10642,5
40344,18157,5029,400,296,5725,5
40345,20108,10307,918,825,12050,5
40348,5396,5081,654,376,6111,5
40349,28782,14788,1000,936,16724,4
40381,9734,2612,81,315,3008,6
40382,18507,5489,160,249,5898,5
40383,22195,4446,235,364,5045,6
40384,12549,5222,81,238,5541,5
40401,4803,1755,41,108,1904,7
40402,11161,4041,175,393,4609,6
40421,9121,2600,117,108,2825,6
40447,20389,4956,562,293,5811,5
40448,1582,472,82,33,587,8
40503,9876,2603,388,179,3170,6
40522,9615,1926,277,87,2290,6
40544,13273,4507,1004,266,5777,5
40601,7131,2759,132,135,3026,6
40602,6796,1174,108,91,1373,7
40604,5915,1458,45,57,1560,7
40605,12027,2609,61,92,2762,6
40608,3164,1202,56,77,1335,7
40609,2081,547,20,33,600,8
40610,15818,3025,72,95,3192,6
40621,25506,11232,856,1226,13314,5
40625,13919,3897,310,308,4515,6
40642,4369,741,740,58,1539,7
40646,4646,852,889,159,1900,7
40647,13547,2466,561,388,3415,6
41201,199366,28074,16169,4548,48791,3
41202,103012,5218,5966,2085,13269,5
41203,53534,7570,17840,2468,27878,4
41204,14130,3297,1076,273,4646,6
41205,45557,5498,3524,870,9892,5
41206,37261,8778,4007,1094,13879,5
41207,22835,4668,1236,293,6197,5
41208,30190,6050,1468,428,7946,5
41209,19683,2916,2532,753,6201,5
41210,21747,4718,2153,324,7195,5
41327,10772,4106,2027,354,6487,5
41341,11944,1569,4339,414,6322,5
41345,5672,2084,1140,210,3434,6
41346,17372,3334,3007,234,6575,5
41387,4194,2035,475,167,2677,6
41401,15166,1930,1462,263,3655,6
41423,3997,2118,296,72,2486,6
41424,6595,2529,380,124,3033,6
41425,17214,3289,575,185,4049,6
41441,6150,1060,514,126,1700,7
42201,373758,34668,10262,10940,55870,3
42202,228887,20206,10848,7417,38471,4
42203,37935,5897,1252,663,7812,5
42204,112991,21752,3945,2186,27883,4
42205,76312,11342,2896,2338,16576,4
42207,26262,2016,1359,652,4027,6
42208,18799,2196,1441,403,4040,6
42209,28033,566,844,471,1881,7
42210,24407,472,1093,414,1979,7
42211,32898,1194,506,860,2560,6
42212,23065,3661,652,476,4789,6
42213,34229,6917,1331,844,9092,5
42214,38358,2744,998,458,4200,6
42307,28673,5567,478,329,6374,5
42308,20725,8160,621,388,9169,5
42321,6088,1922,560,218,2700,6
42322,10253,1640,301,139,2080,6
42323,10324,1713,844,197,2754,6
42383,1988,226,95,57,378,8
42391,9292,3031,281,136,3448,6
42411,17672,772,251,423,1446,7
43101,142600,83294,11898,8489,103681,3
43102,134194,32942,4831,2328,40101,4
43103,63714,17389,3045,1613,22047,4
43104,90815,27041,2459,1219,30719,4
43105,99824,27471,3604,1738,32813,4
43202,108052,9287,3258,1592,14137,5
43203,27703,6002,1917,573,8492,5
43204,39946,3949,5080,654,9683,5
43205,20694,2806,1854,395,5055,6
43206,52005,7293,1838,593,9724,5
43208,41318,5700,2032,737,8469,5
43210,36384,9436,1202,642,11280,5
43211,26723,6818,587,329,7734,5
43212,20762,3504,692,393,4589,6
43213,44884,10490,1216,515,12221,5
43214,21700,4043,1992,1130,7165,5
43215,72085,4898,1611,1076,7585,5
43216,38541,13549,1308,781,15638,4
43348,7514,1284,161,74,1519,7
43364,3526,914,101,43,1058,7
43367,6457,1529,1597,265,3391,6
43368,11775,2789,1092,214,4095,6
43369,6996,2029,817,179,3025,6
43403,23083,8434,1472,1088,10994,5
43404,27444,17968,1839,1133,20940,4
43423,2948,857,1079,683,2619,6
43424,5390,750,862,224,1836,7
43425,1124,296,141,50,487,8
43428,4754,916,454,170,1540,7
43432,4651,1691,213,124,2028,7
43433,8255,2200,1216,575,3991,6
43441,11132,3111,330,151,3592,6
43442,5844,7930,552,203,8685,5
43443,22200,8454,893,1136,10483,5
43444,7770,1955,147,68,2170,6
43447,12303,1455,939,198,2592,6
43468,7797,2384,661,143,3188,6
43482,13639,2116,416,170,2702,6
43484,2948,870,139,44,1053,7
43501,7654,2510,217,139,2866,6
43505,7332,1813,158,101,2072,6
43506,2680,480,82,37,599,8
43507,1892,343,61,29,433,8
43510,3010,731,73,34,838,7
43511,744,305,49,16,370,8
43512,2276,755,545,88,1388,7
43513,2655,457,78,34,569,8
43514,11538,2060,168,88,2316,6
43531,5908,1497,176,88,1761,7
44201,428507,39141,13700,9384,62225,3
44202,97224,15298,7370,5888,28556,4
44203,70866,5244,6391,1383,13018,5
44204,57323,2533,5299,1250,9082,5
44205,62797,3410,1679,904,5993,5
44206,28956,4413,684,648,5745,5
44207,13780,2540,286,266,3092,6
44208,18296,2482,1411,583,4476,6
44209,18548,2408,494,411,3313,6
44210,23088,4063,708,591,5362,6
44211,45679,6092,1876,932,8900,5
44212,29721,3957,772,366,5095,6
44213,24818,7004,3431,2345,12780,5
44214,23400,4111,544,1123,5778,5
44322,1449,86,37,43,166,9
44341,20698,4523,1080,633,6236,5
44461,7190,1696,1877,600,4173,6
44462,12307,1906,1241,282,3429,6
45201,360438,34287,12224,10134,56645,3
45202,141604,12318,8953,2010,23281,4
45203,110004,7246,2892,1617,11755,5
45204,45975,3547,1064,985,5596,5
45205,38613,6346,1272,491,8109,5
45206,51247,7492,1168,895,9555,5
45207,15299,1290,744,302,2336,6
45208,23491,3642,409,242,4293,6
45209,14931,2134,1418,354,3906,6
45341,17853,3498,487,134,4119,6
45361,6306,1774,228,98,2100,6
45382,14063,3538,217,100,3855,6
45383,5340,1036,121,89,1246,7
45401,15365,4358,420,307,5085,6
45402,12413,2940,283,240,3463,6
45403,969,181,152,11,344,8
45404,3760,704,55,34,793,7
45405,11788,2536,239,195,2970,6
45406,7661,1454,192,145,1791,7
45421,13005,2776,196,130,3102,6
45429,1249,312,24,5,341,8
45430,2372,350,101,26,477,8
45431,4130,1014,46,33,1093,7
45441,10172,1022,582,561,2165,6
45442,2843,939,137,62,1138,7
45443,3050,349,384,46,779,7
46201,541552,52698,14680,12699,80077,3
46203,88233,10787,1793,1550,14130,5
46204,17602,1909,137,290,2336,6
46206,16516,3041,407,233,3681,6
46208,45625,4291,1794,635,6720,5
46210,34989,3746,892,1726,6364,5
46213,13952,1323,198,318,1839,7
46214,11946,2196,252,293,2741,6
46215,80694,10283,1883,1500,13666,5
46216,37089,8347,449,529,9325,5
46217,27663,3100,2678,321,6099,5
46218,105707,15653,4587,4601,24841,4
46219,21882,3852,372,274,4498,6
46220,27576,5415,353,551,6319,5
46221,24704,3507,1315,540,5362,6
46222,37178,3575,445,1666,5686,5
46223,29548,5534,470,664,6668,5
46224,22781,2460,571,256,3287,6
46225,58152,10772,1702,940,13414,5
46303,335,100,17,29,146,9
46304,526,133,80,88,301,8
46392,17101,3216,324,267,3807,6
46404,7935,815,377,89,1281,7
46452,7557,1397,599,147,2143,6
46468,9785,2452,332,195,2979,6
46482,4788,1222,65,50,1337,7
46490,5997,1037,80,82,1199,7
46491,5489,756,162,172,1090,7
46492,11630,2802,226,279,3307,6
46501,6431,794,65,186,1045,7
46502,4660,734,105,665,1504,7
46505,10996,875,281,1253,2409,6
46523,1223,111,1,35,147,9
46524,1395,129,2,46,177,9
46525,7036,698,133,414,1245,7
46527,4180,1430,69,377,1876,7
46529,5995,226,64,180,470,8
46530,9292,1707,75,220,2002,7
46531,4195,613,43,109,765,7
46532,5062,646,6,86,738,8
46533,5560,719,52,153,924,7
46534,4984,594,80,211,885,7
46535,4478,229,52,372,653,8
47201,253758,73473,0,35480,108953,3
47205,66480,20075,0,2538,22613,4
47207,40437,2731,0,9291,12022,5
47208,80487,31452,0,2129,33581,4
47209,50172,12076,0,5600,17676,4
47210,42173,8634,0,1579,10213,5
47211,101804,27989,0,2218,30207,4
47212,41159,14393,0,1785,16178,4
47213,88883,17931,0,2000,19931,4
47214,44538,3021,0,7695,10716,5
47215,28582,5929,0,1193,7122,5
47301,3619,967,0,622,1589,7
47302,1929,718,0,104,822,7
47303,1241,823,0,106,929,7
47306,6663,1803,0,881,2684,6
47308,9523,3474,0,3162,6636,5
47311,6272,6482,0,8333,14815,5
47313,4061,1729,0,361,2090,6
47314,8298,3424,0,387,3811,6
47315,3585,372,0,210,582,8
47324,28655,5319,0,2355,7674,5
47325,9140,4814,0,267,5081,6
47326,18694,12685,0,2760,15445,4
47327,9578,9756,0,784,10540,5
47328,11995,5891,0,340,6231,5
47329,22119,13357,0,486,13843,5
47348,11802,4414,0,231,4645,6
47350,23902,12526,0,470,12996,5
47353,578,205,0,306,511,8
47354,571,214,0,555,769,7
47355,585,107,0,34,141,9
47356,409,41,0,12,53,10
47357,1096,125,0,42,167,9
47358,493,78,0,16,94,10
47359,1096,129,0,69,198,9
47360,1153,103,0,59,162,9
47361,6475,458,0,652,1110,7
47362,18680,4827,0,512,5339,6
47375,857,71,0,33,104,9
47381,2662,771,0,2356,3127,6
47382,1360,190,0,301,491,8
