5keta,3keta
01000,100
01100,1-0
01101,1-1
01102,1-2
01103,1-3
01104,1-4
01105,1-5
01106,1-6
01107,1-7
01108,1-8
01109,1-9
01110,1-A
01201,101
01202,102
01203,103
01204,104
01205,105
01206,106
01207,107
01208,108
01209,109
01210,110
01211,111
01212,112
01213,113
01214,114
01215,115
01216,116
01217,117
01218,118
01219,119
01220,120
01221,121
01222,122
01223,123
01224,124
01225,125
01226,126
01227,127
01228,128
01229,129
01230,130
01231,131
01232,132
01233,133
01234,134
01235,135
01236,136
01300,1A0
01301,1A1
01302,1A2
01303,1A3
01304,1A4
01305,1A5
01306,1A6
01307,1A7
01330,1D0
01331,1D1
01332,1D2
01333,1D3
01334,1D4
01335,1D5
01336,1D6
01337,1D7
01338,1D8
01339,1D9
01340,1E0
01341,1E1
01342,1E2
01343,1E3
01344,1E4
01345,1E5
01346,1E6
01347,1E7
01360,1G0
01361,1G1
01362,1G2
01363,1G3
01364,1G4
01365,1G5
01366,1G6
01367,1G7
01368,1G8
01369,1G9
01370,1H0
01371,1H1
01390,1J0
01391,1J1
01392,1J2
01393,1J3
01394,1J4
01395,1J5
01396,1J6
01397,1J7
01398,1J8
01399,1J9
01400,1K0
01401,1K1
01402,1K2
01403,1K3
01404,1K4
01405,1K5
01406,1K6
01407,1K7
01408,1K8
01409,1K9
01420,1M0
01421,1M1
01422,1M2
01423,1M3
01424,1M4
01425,1M5
01426,1M6
01427,1M7
01428,1M8
01429,1M9
01430,1N0
01431,1N1
01432,1N2
01433,1N3
01434,1N4
01436,1N6
01437,1N7
01438,1N8
01439,1N9
01450,1P0
01451,1P1
01452,1P2
01453,1P3
01454,1P4
01455,1P5
01456,1P6
01457,1P7
01458,1P8
01459,1P9
01460,1Q0
01461,1Q1
01462,1Q2
01463,1Q3
01464,1Q4
01465,1Q5
01466,1Q6
01467,1Q7
01468,1Q8
01469,1Q9
01470,1R0
01471,1R1
01472,1R2
01480,1S0
01481,1S1
01482,1S2
01483,1S3
01484,1S4
01485,1S5
01486,1S6
01487,1S7
01488,1S8
01510,1V0
01511,1V1
01512,1V2
01513,1V3
01514,1V4
01515,1V5
01516,1V6
01517,1V7
01518,1V8
01519,1V9
01520,1W0
01540,1Y0
01541,1Y1
01542,1Y2
01543,1Y3
01544,1Y4
01545,1Y5
01546,1Y6
01547,1Y7
01548,1Y8
01549,1Y9
01550,1Z0
01551,1Z1
01552,1Z2
01553,1Z3
01554,1Z4
01555,1Z5
01556,1Z6
01557,1Z7
01558,1Z8
01559,1Z9
01560,1a0
01561,1a1
01562,1a2
01563,1a3
01564,1a4
01570,1b0
01571,1b1
01572,1b2
01573,1b3
01574,1b4
01575,1b5
01576,1b6
01577,1b7
01578,1b8
01579,1b9
01580,1c0
01581,1c1
01582,1c2
01583,1c3
01584,1c4
01585,1c5
01586,1c6
01600,1e0
01601,1e1
01602,1e2
01603,1e3
01604,1e4
01605,1e5
01606,1e6
01607,1e7
01608,1e8
01609,1e9
01610,1f0
01630,1h0
01631,1h1
01632,1h2
01633,1h3
01634,1h4
01635,1h5
01636,1h6
01637,1h7
01638,1h8
01639,1h9
01640,1i0
01641,1i1
01642,1i2
01643,1i3
01644,1i4
01645,1i5
01646,1i6
01647,1i7
01648,1i8
01649,1i9
01660,1k0
01661,1k1
01662,1k2
01663,1k3
01664,1k4
01665,1k5
01666,1k6
01667,1k7
01668,1k8
01669,1k9
01690,1n0
01691,1n1
01692,1n2
01693,1n3
01694,1n4
01695,1n5
01696,1n6
01697,1n7
01698,1n8
01699,1n9
01700,1o0
02000,200
02201,201
02202,202
02203,203
02204,204
02205,205
02206,206
02207,207
02208,208
02209,209
02210,210
02300,2A0
02301,2A1
02302,2A2
02303,2A3
02304,2A4
02305,2A5
02306,2A6
02307,2A7
02320,2C0
02321,2C1
02322,2C2
02323,2C3
02324,2C4
02325,2C5
02326,2C6
02327,2C7
02328,2C8
02340,2E0
02341,2E1
02342,2E2
02343,2E3
02360,2G0
02361,2G1
02362,2G2
02363,2G3
02364,2G4
02365,2G5
02366,2G6
02367,2G7
02368,2G8
02380,2I0
02381,2I1
02382,2I2
02383,2I3
02384,2I4
02385,2I5
02386,2I6
02387,2I7
02400,2K0
02401,2K1
02402,2K2
02403,2K3
02404,2K4
02405,2K5
02406,2K6
02407,2K7
02408,2K8
02409,2K9
02410,2L0
02411,2L1
02412,2L2
02420,2M0
02421,2M1
02422,2M2
02423,2M3
02424,2M4
02425,2M5
02426,2M6
02427,2M7
02440,2O0
02441,2O1
02442,2O2
02443,2O3
02444,2O4
02445,2O5
02446,2O6
02447,2O7
02448,2O8
02449,2O9
02450,2P0
03000,300
03201,301
03202,302
03203,303
03204,304
03205,305
03206,306
03207,307
03208,308
03209,309
03210,310
03211,311
03212,312
03213,313
03214,314
03215,315
03216,316
03300,3A0
03301,3A1
03302,3A2
03303,3A3
03304,3A4
03305,3A5
03306,3A6
03307,3A7
03308,3A8
03320,3C0
03321,3C1
03322,3C2
03323,3C3
03340,3E0
03341,3E1
03342,3E2
03360,3G0
03361,3G1
03362,3G2
03363,3G3
03364,3G4
03365,3G5
03366,3G6
03380,3I0
03381,3I1
03382,3I2
03383,3I3
03384,3I4
03400,3K0
03401,3K1
03402,3K2
03420,3M0
03421,3M1
03422,3M2
03423,3M3
03424,3M4
03425,3M5
03426,3M6
03440,3O0
03441,3O1
03442,3O2
03460,3Q0
03461,3Q1
03462,3Q2
03480,3S0
03481,3S1
03482,3S2
03483,3S3
03484,3S4
03485,3S5
03486,3S6
03487,3S7
03500,3U0
03501,3U1
03502,3U2
03503,3U3
03504,3U4
03505,3U5
03506,3U6
03507,3U7
03520,3W0
03521,3W1
03522,3W2
03523,3W3
03524,3W4
03525,3W5
04000,400
04100,4-0
04101,4-1
04102,4-2
04103,4-3
04104,4-4
04105,4-5
04201,401
04202,402
04203,403
04204,404
04205,405
04206,406
04207,407
04208,408
04209,409
04210,410
04211,411
04212,412
04213,413
04214,414
04215,415
04216,416
04300,4A0
04301,4A1
04302,4A2
04320,4C0
04321,4C1
04322,4C2
04323,4C3
04324,4C4
04340,4E0
04341,4E1
04360,4G0
04361,4G1
04362,4G2
04380,4I0
04381,4I1
04382,4I2
04400,4K0
04401,4K1
04402,4K2
04403,4K3
04404,4K4
04405,4K5
04406,4K6
04420,4M0
04421,4M1
04422,4M2
04423,4M3
04424,4M4
04440,4O0
04441,4O1
04442,4O2
04443,4O3
04444,4O4
04445,4O5
04460,4Q0
04461,4Q1
04462,4Q2
04463,4Q3
04480,4S0
04481,4S1
04482,4S2
04500,4U0
04501,4U1
04502,4U2
04503,4U3
04504,4U4
04505,4U5
04520,4W0
04521,4W1
04522,4W2
04523,4W3
04524,4W4
04525,4W5
04526,4W6
04527,4W7
04528,4W8
04529,4W9
04530,4X0
04540,4Y0
04541,4Y1
04542,4Y2
04543,4Y3
04544,4Y4
04545,4Y5
04546,4Y6
04547,4Y7
04548,4Y8
04560,4a0
04561,4a1
04562,4a2
04563,4a3
04564,4a4
04565,4a5
04566,4a6
04567,4a7
04580,4c0
04581,4c1
04582,4c2
04600,4e0
04601,4e1
04602,4e2
04603,4e3
04604,4e4
04605,4e5
04606,4e6
05000,500
05201,501
05202,502
05203,503
05204,504
05205,505
05206,506
05207,507
05208,508
05209,509
05210,510
05211,511
05212,512
05213,513
05214,514
05215,515
05300,5A0
05301,5A1
05302,5A2
05303,5A3
05304,5A4
05305,5A5
05320,5C0
05321,5C1
05322,5C2
05323,5C3
05324,5C4
05325,5C5
05326,5C6
05327,5C7
05340,5E0
05341,5E1
05342,5E2
05343,5E3
05344,5E4
05345,5E5
05346,5E6
05347,5E7
05348,5E8
05349,5E9
05360,5G0
05361,5G1
05362,5G2
05363,5G3
05364,5G4
05365,5G5
05366,5G6
05367,5G7
05368,5G8
05380,5I0
05381,5I1
05382,5I2
05400,5K0
05401,5K1
05402,5K2
05403,5K3
05404,5K4
05405,5K5
05406,5K6
05407,5K7
05408,5K8
05409,5K9
05410,5L0
05420,5M0
05421,5M1
05422,5M2
05423,5M3
05424,5M4
05425,5M5
05426,5M6
05427,5M7
05428,5M8
05429,5M9
05430,5N0
05431,5N1
05432,5N2
05433,5N3
05434,5N4
05440,5O0
05441,5O1
05442,5O2
05443,5O3
05444,5O4
05445,5O5
05446,5O6
05447,5O7
05460,5Q0
05461,5Q1
05462,5Q2
05463,5Q3
05464,5Q4
05465,5Q5
06000,600
06201,601
06202,602
06203,603
06204,604
06205,605
06206,606
06207,607
06208,608
06209,609
06210,610
06211,611
06212,612
06213,613
06300,6A0
06301,6A1
06302,6A2
06320,6C0
06321,6C1
06322,6C2
06323,6C3
06324,6C4
06340,6E0
06341,6E1
06360,6G0
06361,6G1
06362,6G2
06363,6G3
06364,6G4
06365,6G5
06366,6G6
06367,6G7
06380,6I0
06381,6I1
06382,6I2
06400,6K0
06401,6K1
06402,6K2
06403,6K3
06420,6M0
06421,6M1
06422,6M2
06423,6M3
06424,6M4
06425,6M5
06426,6M6
06427,6M7
06428,6M8
06440,6O0
06441,6O1
06460,6Q0
06461,6Q1
06462,6Q2
06463,6Q3
06464,6Q4
07000,700
07201,701
07202,702
07203,703
07204,704
07205,705
07206,706
07207,707
07208,708
07209,709
07210,710
07211,711
07212,712
07213,713
07214,714
07300,7A0
07301,7A1
07302,7A2
07303,7A3
07304,7A4
07305,7A5
07306,7A6
07307,7A7
07308,7A8
07309,7A9
07320,7C0
07321,7C1
07322,7C2
07323,7C3
07324,7C4
07325,7C5
07326,7C6
07340,7E0
07341,7E1
07342,7E2
07343,7E3
07344,7E4
07360,7G0
07361,7G1
07362,7G2
07363,7G3
07364,7G4
07365,7G5
07366,7G6
07367,7G7
07368,7G8
07380,7I0
07381,7I1
07400,7K0
07401,7K1
07402,7K2
07403,7K3
07404,7K4
07405,7K5
07406,7K6
07407,7K7
07408,7K8
07420,7M0
07421,7M1
07422,7M2
07423,7M3
07424,7M4
07440,7O0
07441,7O1
07442,7O2
07443,7O3
07444,7O4
07445,7O5
07446,7O6
07447,7O7
07460,7Q0
07461,7Q1
07462,7Q2
07463,7Q3
07464,7Q4
07465,7Q5
07466,7Q6
07467,7Q7
07480,7S0
07481,7S1
07482,7S2
07483,7S3
07484,7S4
07485,7S5
07500,7U0
07501,7U1
07502,7U2
07503,7U3
07504,7U4
07505,7U5
07520,7W0
07521,7W1
07522,7W2
07523,7W3
07524,7W4
07525,7W5
07526,7W6
07527,7W7
07540,7Y0
07541,7Y1
07542,7Y2
07543,7Y3
07544,7Y4
07545,7Y5
07546,7Y6
07547,7Y7
07548,7Y8
07560,7a0
07561,7a1
07562,7a2
07563,7a3
07564,7a4
08000,800
08201,801
08202,802
08203,803
08204,804
08205,805
08206,806
08207,807
08208,808
08209,809
08210,810
08211,811
08212,812
08213,813
08214,814
08215,815
08216,816
08217,817
08218,818
08219,819
08220,820
08221,821
08222,822
08223,823
08224,824
08225,825
08226,826
08227,827
08228,828
08229,829
08230,830
08231,831
08232,832
08233,833
08234,834
08235,835
08236,836
08300,8A0
08301,8A1
08302,8A2
08303,8A3
08304,8A4
08305,8A5
08306,8A6
08307,8A7
08308,8A8
08309,8A9
08310,8B0
08320,8C0
08321,8C1
08322,8C2
08323,8C3
08324,8C4
08340,8E0
08341,8E1
08342,8E2
08343,8E3
08344,8E4
08345,8E5
08346,8E6
08347,8E7
08360,8G0
08361,8G1
08362,8G2
08363,8G3
08364,8G4
08380,8I0
08381,8I1
08400,8K0
08401,8K1
08402,8K2
08403,8K3
08404,8K4
08405,8K5
08406,8K6
08407,8K7
08420,8M0
08421,8M1
08422,8M2
08423,8M3
08424,8M4
08425,8M5
08440,8O0
08441,8O1
08442,8O2
08443,8O3
08444,8O4
08445,8O5
08446,8O6
08447,8O7
08448,8O8
08449,8O9
08460,8Q0
08461,8Q1
08462,8Q2
08463,8Q3
08464,8Q4
08465,8Q5
08466,8Q6
08480,8S0
08481,8S1
08482,8S2
08483,8S3
08484,8S4
08485,8S5
08486,8S6
08500,8U0
08501,8U1
08502,8U2
08503,8U3
08504,8U4
08505,8U5
08520,8W0
08521,8W1
08522,8W2
08523,8W3
08540,8Y0
08541,8Y1
08542,8Y2
08543,8Y3
08544,8Y4
08545,8Y5
08546,8Y6
08560,8a0
08561,8a1
08562,8a2
08563,8a3
08564,8a4
09000,900
09201,901
09202,902
09203,903
09204,904
09205,905
09206,906
09207,907
09208,908
09209,909
09210,910
09211,911
09212,912
09213,913
09214,914
09215,915
09216,916
09300,9A0
09301,9A1
09302,9A2
09303,9A3
09304,9A4
09320,9C0
09321,9C1
09322,9C2
09323,9C3
09340,9E0
09341,9E1
09342,9E2
09343,9E3
09344,9E4
09345,9E5
09360,9G0
09361,9G1
09362,9G2
09363,9G3
09364,9G4
09365,9G5
09366,9G6
09367,9G7
09368,9G8
09380,9I0
09381,9I1
09382,9I2
09383,9I3
09384,9I4
09385,9I5
09386,9I6
09387,9I7
09400,9K0
09401,9K1
09402,9K2
09403,9K3
09404,9K4
09405,9K5
09406,9K6
09407,9K7
09408,9K8
09409,9K9
09410,9L0
09411,9L1
09420,9M0
09421,9M1
09422,9M2
10000,A00
10201,A01
10202,A02
10203,A03
10204,A04
10205,A05
10206,A06
10207,A07
10208,A08
10209,A09
10210,A10
10211,A11
10212,A12
10300,AA0
10301,AA1
10302,AA2
10303,AA3
10304,AA4
10305,AA5
10306,AA6
10307,AA7
10308,AA8
10309,AA9
10320,AC0
10321,AC1
10322,AC2
10323,AC3
10324,AC4
10340,AE0
10341,AE1
10342,AE2
10343,AE3
10344,AE4
10345,AE5
10360,AG0
10361,AG1
10362,AG2
10363,AG3
10364,AG4
10365,AG5
10366,AG6
10367,AG7
10380,AI0
10381,AI1
10382,AI2
10383,AI3
10384,AI4
10400,AK0
10401,AK1
10420,AM0
10421,AM1
10422,AM2
10423,AM3
10424,AM4
10425,AM5
10426,AM6
10427,AM7
10428,AM8
10429,AM9
10440,AO0
10441,AO1
10442,AO2
10443,AO3
10444,AO4
10445,AO5
10446,AO6
10447,AO7
10448,AO8
10449,AO9
10460,AQ0
10461,AQ1
10462,AQ2
10463,AQ3
10464,AQ4
10480,AS0
10481,AS1
10482,AS2
10483,AS3
10484,AS4
10500,AU0
10501,AU1
10520,AW0
10521,AW1
10522,AW2
10523,AW3
10524,AW4
10525,AW5
11000,B00
11100,B-0
11101,B-1
11102,B-2
11103,B-3
11104,B-4
11105,B-5
11106,B-6
11107,B-7
11108,B-8
11109,B-9
11110,B-A
11201,B01
11202,B02
11203,B03
11204,B04
11205,B05
11206,B06
11207,B07
11208,B08
11209,B09
11210,B10
11211,B11
11212,B12
11213,B13
11214,B14
11215,B15
11216,B16
11217,B17
11218,B18
11219,B19
11220,B20
11221,B21
11222,B22
11223,B23
11224,B24
11225,B25
11226,B26
11227,B27
11228,B28
11229,B29
11230,B30
11231,B31
11232,B32
11233,B33
11234,B34
11235,B35
11236,B36
11237,B37
11238,B38
11239,B39
11240,B40
11241,B41
11242,B42
11243,B43
11244,B44
11245,B45
11246,B46
11300,BA0
11301,BA1
11302,BA2
11303,BA3
11304,BA4
11305,BA5
11306,BA6
11307,BA7
11320,BC0
11321,BC1
11322,BC2
11323,BC3
11324,BC4
11325,BC5
11326,BC6
11327,BC7
11328,BC8
11329,BC9
11330,BD0
11340,BE0
11341,BE1
11342,BE2
11343,BE3
11344,BE4
11345,BE5
11346,BE6
11347,BE7
11348,BE8
11349,BE9
11360,BG0
11361,BG1
11362,BG2
11363,BG3
11364,BG4
11365,BG5
11366,BG6
11367,BG7
11368,BG8
11369,BG9
11380,BI0
11381,BI1
11382,BI2
11383,BI3
11384,BI4
11385,BI5
11400,BK0
11401,BK1
11402,BK2
11403,BK3
11404,BK4
11405,BK5
11406,BK6
11407,BK7
11408,BK8
11420,BM0
11421,BM1
11422,BM2
11423,BM3
11424,BM4
11425,BM5
11440,BO0
11441,BO1
11442,BO2
11443,BO3
11444,BO4
11445,BO5
11446,BO6
11460,BQ0
11461,BQ1
11462,BQ2
11463,BQ3
11464,BQ4
11465,BQ5
11466,BQ6
11467,BQ7
11468,BQ8
12000,C00
12100,C-0
12101,C-1
12102,C-2
12103,C-3
12104,C-4
12105,C-5
12106,C-6
12201,C01
12202,C02
12203,C03
12204,C04
12205,C05
12206,C06
12207,C07
12208,C08
12209,C09
12210,C10
12211,C11
12212,C12
12213,C13
12214,C14
12215,C15
12216,C16
12217,C17
12218,C18
12219,C19
12220,C20
12221,C21
12222,C22
12223,C23
12224,C24
12225,C25
12226,C26
12227,C27
12228,C28
12229,C29
12230,C30
12231,C31
12232,C32
12233,C33
12234,C34
12235,C35
12236,C36
12237,C37
12238,C38
12239,C39
12300,CA0
12301,CA1
12302,CA2
12303,CA3
12304,CA4
12305,CA5
12320,CC0
12321,CC1
12322,CC2
12323,CC3
12324,CC4
12325,CC5
12326,CC6
12327,CC7
12328,CC8
12329,CC9
12340,CE0
12341,CE1
12342,CE2
12343,CE3
12344,CE4
12345,CE5
12346,CE6
12347,CE7
12348,CE8
12349,CE9
12360,CG0
12361,CG1
12362,CG2
12380,CI0
12381,CI1
12382,CI2
12400,CK0
12402,CK2
12403,CK3
12404,CK4
12405,CK5
12406,CK6
12407,CK7
12408,CK8
12409,CK9
12410,CL0
12420,CM0
12421,CM1
12422,CM2
12423,CM3
12424,CM4
12425,CM5
12426,CM6
12427,CM7
12440,CO0
12441,CO1
12442,CO2
12443,CO3
12444,CO4
12445,CO5
12460,CQ0
12461,CQ1
12462,CQ2
12463,CQ3
12464,CQ4
12465,CQ5
12466,CQ6
12467,CQ7
12468,CQ8
12469,CQ9
12470,CR0
12471,CR1
12472,CR2
12480,CS0
12481,CS1
12482,CS2
12483,CS3
12484,CS4
12485,CS5
12486,CS6
12487,CS7
12488,CS8
12489,CS9
12490,CT0
12491,CT1
13000,D00
13100,D-0
13101,D-1
13102,D-2
13103,D-3
13104,D-4
13105,D-5
13106,D-6
13107,D-7
13108,D-8
13109,D-9
13110,D-A
13111,D-B
13112,D-C
13113,D-D
13114,D-E
13115,D-F
13116,D-G
13117,D-H
13118,D-I
13119,D-J
13120,D-K
13121,D-L
13122,D-M
13123,D-N
13201,D01
13202,D02
13203,D03
13204,D04
13205,D05
13206,D06
13207,D07
13208,D08
13209,D09
13210,D10
13211,D11
13212,D12
13213,D13
13214,D14
13215,D15
13216,D16
13217,D17
13218,D18
13219,D19
13220,D20
13221,D21
13222,D22
13223,D23
13224,D24
13225,D25
13226,D26
13227,D27
13228,D28
13229,D29
13300,DA0
13301,DA1
13302,DA2
13303,DA3
13304,DA4
13305,DA5
13306,DA6
13307,DA7
13308,DA8
13320,DC0
13321,DC1
13322,DC2
13340,DE0
13341,DE1
13342,DE2
13343,DE3
13344,DE4
13345,DE5
13360,DG0
13361,DG1
13362,DG2
13363,DG3
13364,DG4
13380,DI0
13381,DI1
13382,DI2
13400,DK0
13401,DK1
13402,DK2
13420,DM0
13421,DM1
14000,E00
14100,E-0
14101,E-1
14102,E-2
14103,E-3
14104,E-4
14105,E-5
14106,E-6
14107,E-7
14108,E-8
14109,E-9
14110,E-A
14111,E-B
14112,E-C
14113,E-D
14114,E-E
14115,E-F
14116,E-G
14117,E-H
14118,E-I
14130,E-U
14131,E-V
14132,E-W
14133,E-X
14134,E-Y
14135,E-Z
14136,E-a
14137,E-b
14150,E-o
14151,E-p
14152,E-q
14153,E-r
14201,E01
14202,E02
14203,E03
14204,E04
14205,E05
14206,E06
14207,E07
14208,E08
14209,E09
14210,E10
14211,E11
14212,E12
14213,E13
14214,E14
14215,E15
14216,E16
14217,E17
14218,E18
14300,EA0
14301,EA1
14320,EC0
14321,EC1
14322,EC2
14323,EC3
14324,EC4
14340,EE0
14341,EE1
14342,EE2
14343,EE3
14360,EG0
14361,EG1
14362,EG2
14363,EG3
14364,EG4
14365,EG5
14366,EG6
14380,EI0
14381,EI1
14382,EI2
14383,EI3
14384,EI4
14400,EK0
14401,EK1
14402,EK2
14420,EM0
14421,EM1
14422,EM2
14423,EM3
14424,EM4
15000,F00
15100,F-0
15101,F-1
15102,F-2
15103,F-3
15104,F-4
15105,F-5
15106,F-6
15107,F-7
15108,F-8
15201,F01
15202,F02
15203,F03
15204,F04
15205,F05
15206,F06
15207,F07
15208,F08
15209,F09
15210,F10
15211,F11
15212,F12
15213,F13
15214,F14
15215,F15
15216,F16
15217,F17
15218,F18
15219,F19
15220,F20
15221,F21
15222,F22
15223,F23
15224,F24
15225,F25
15226,F26
15227,F27
15300,FA0
15301,FA1
15302,FA2
15303,FA3
15304,FA4
15305,FA5
15306,FA6
15307,FA7
15308,FA8
15309,FA9
15310,FB0
15311,FB1
15320,FC0
15321,FC1
15322,FC2
15323,FC3
15324,FC4
15340,FE0
15341,FE1
15342,FE2
15343,FE3
15344,FE4
15345,FE5
15346,FE6
15347,FE7
15348,FE8
15349,FE9
15350,FF0
15351,FF1
15360,FG0
15361,FG1
15362,FG2
15363,FG3
15364,FG4
15380,FI0
15381,FI1
15382,FI2
15383,FI3
15384,FI4
15385,FI5
15400,FK0
15401,FK1
15402,FK2
15403,FK3
15404,FK4
15405,FK5
15406,FK6
15420,FM0
15421,FM1
15440,FO0
15441,FO1
15442,FO2
15443,FO3
15444,FO4
15445,FO5
15446,FO6
15447,FO7
15460,FQ0
15461,FQ1
15462,FQ2
15463,FQ3
15464,FQ4
15480,FS0
15481,FS1
15482,FS2
15483,FS3
15500,FU0
15501,FU1
15502,FU2
15503,FU3
15504,FU4
15505,FU5
15520,FW0
15521,FW1
15522,FW2
15523,FW3
15524,FW4
15525,FW5
15526,FW6
15540,FY0
15541,FY1
15542,FY2
15543,FY3
15544,FY4
15545,FY5
15546,FY6
15547,FY7
15548,FY8
15549,FY9
15550,FZ0
15560,Fa0
15561,Fa1
15562,Fa2
15563,Fa3
15580,Fc0
15581,Fc1
15582,Fc2
15583,Fc3
15584,Fc4
15585,Fc5
15586,Fc6
15600,Fe0
15601,Fe1
15602,Fe2
15603,Fe3
15604,Fe4
15605,Fe5
15606,Fe6
15607,Fe7
15608,Fe8
15609,Fe9
16000,G00
16201,G01
16202,G02
16203,G03
16204,G04
16205,G05
16206,G06
16207,G07
16208,G08
16209,G09
16210,G10
16211,G11
16300,GA0
16301,GA1
16302,GA2
16320,GC0
16321,GC1
16322,GC2
16323,GC3
16340,GE0
16341,GE1
16342,GE2
16343,GE3
16360,GG0
16361,GG1
16362,GG2
16363,GG3
16364,GG4
16380,GI0
16381,GI1
16382,GI2
16383,GI3
16384,GI4
16400,GK0
16401,GK1
16402,GK2
16403,GK3
16404,GK4
16405,GK5
16406,GK6
16407,GK7
16408,GK8
16420,GM0
16421,GM1
16422,GM2
17000,H00
17201,H01
17202,H02
17203,H03
17204,H04
17205,H05
17206,H06
17207,H07
17208,H08
17209,H09
17210,H10
17211,H11
17212,H12
17300,HA0
17301,HA1
17320,HC0
17321,HC1
17322,HC2
17323,HC3
17324,HC4
17340,HE0
17341,HE1
17342,HE2
17343,HE3
17344,HE4
17345,HE5
17346,HE6
17347,HE7
17348,HE8
17349,HE9
17360,HG0
17361,HG1
17362,HG2
17363,HG3
17364,HG4
17365,HG5
17380,HI0
17381,HI1
17382,HI2
17383,HI3
17384,HI4
17385,HI5
17386,HI6
17400,HK0
17401,HK1
17402,HK2
17403,HK3
17404,HK4
17405,HK5
17406,HK6
17407,HK7
17420,HM0
17421,HM1
17422,HM2
17423,HM3
17424,HM4
17440,HO0
17441,HO1
17460,HQ0
17461,HQ1
17462,HQ2
17463,HQ3
18000,I00
18201,I01
18202,I02
18203,I03
18204,I04
18205,I05
18206,I06
18207,I07
18208,I08
18209,I09
18210,I10
18300,IA0
18301,IA1
18302,IA2
18320,IC0
18321,IC1
18322,IC2
18323,IC3
18340,IE0
18341,IE1
18342,IE2
18360,IG0
18361,IG1
18362,IG2
18363,IG3
18364,IG4
18365,IG5
18366,IG6
18380,II0
18381,II1
18382,II2
18400,IK0
18401,IK1
18402,IK2
18403,IK3
18404,IK4
18420,IM0
18421,IM1
18422,IM2
18423,IM3
18424,IM4
18425,IM5
18426,IM6
18440,IO0
18441,IO1
18442,IO2
18460,IQ0
18461,IQ1
18462,IQ2
18480,IS0
18481,IS1
18482,IS2
18483,IS3
18500,IU0
18501,IU1
19000,J00
19201,J01
19202,J02
19203,J03
19204,J04
19205,J05
19206,J06
19207,J07
19208,J08
19209,J09
19210,J10
19211,J11
19212,J12
19213,J13
19214,J14
19300,JA0
19301,JA1
19302,JA2
19303,JA3
19304,JA4
19305,JA5
19320,JC0
19321,JC1
19322,JC2
19323,JC3
19324,JC4
19325,JC5
19326,JC6
19327,JC7
19328,JC8
19340,JE0
19341,JE1
19342,JE2
19343,JE3
19344,JE4
19345,JE5
19346,JE6
19360,JG0
19361,JG1
19362,JG2
19363,JG3
19364,JG4
19365,JG5
19366,JG6
19367,JG7
19368,JG8
19380,JI0
19381,JI1
19382,JI2
19383,JI3
19384,JI4
19385,JI5
19386,JI6
19387,JI7
19388,JI8
19389,JI9
19390,JJ0
19391,JJ1
19400,JK0
19401,JK1
19402,JK2
19403,JK3
19404,JK4
19405,JK5
19406,JK6
19407,JK7
19408,JK8
19409,JK9
19420,JM0
19421,JM1
19422,JM2
19423,JM3
19424,JM4
19425,JM5
19426,JM6
19427,JM7
19428,JM8
19429,JM9
19430,JN0
19440,JO0
19441,JO1
19442,JO2
19443,JO3
20000,K00
20201,K01
20202,K02
20203,K03
20204,K04
20205,K05
20206,K06
20207,K07
20208,K08
20209,K09
20210,K10
20211,K11
20212,K12
20213,K13
20214,K14
20215,K15
20216,K16
20217,K17
20218,K18
20219,K19
20220,K20
20300,KA0
20301,KA1
20302,KA2
20303,KA3
20304,KA4
20305,KA5
20306,KA6
20307,KA7
20308,KA8
20309,KA9
20320,KC0
20321,KC1
20322,KC2
20323,KC3
20324,KC4
20325,KC5
20326,KC6
20340,KE0
20341,KE1
20342,KE2
20343,KE3
20345,KE5
20346,KE6
20347,KE7
20348,KE8
20349,KE9
20350,KF0
20360,KG0
20361,KG1
20362,KG2
20363,KG3
20380,KI0
20381,KI1
20382,KI2
20383,KI3
20384,KI4
20385,KI5
20386,KI6
20387,KI7
20388,KI8
20400,KK0
20401,KK1
20402,KK2
20403,KK3
20404,KK4
20405,KK5
20406,KK6
20407,KK7
20408,KK8
20409,KK9
20410,KL0
20411,KL1
20412,KL2
20413,KL3
20414,KL4
20415,KL5
20416,KL6
20417,KL7
20418,KL8
20419,KL9
20420,KM0
20421,KM1
20422,KM2
20423,KM3
20424,KM4
20425,KM5
20426,KM6
20427,KM7
20428,KM8
20429,KM9
20430,KN0
20431,KN1
20432,KN2
20440,KO0
20441,KO1
20442,KO2
20443,KO3
20444,KO4
20445,KO5
20446,KO6
20447,KO7
20448,KO8
20449,KO9
20450,KP0
20451,KP1
20452,KP2
20460,KQ0
20461,KQ1
20462,KQ2
20463,KQ3
20464,KQ4
20465,KQ5
20466,KQ6
20467,KQ7
20480,KS0
20481,KS1
20482,KS2
20483,KS3
20484,KS4
20485,KS5
20486,KS6
20500,KU0
20501,KU1
20502,KU2
20520,KW0
20521,KW1
20522,KW2
20540,KY0
20541,KY1
20542,KY2
20543,KY3
20560,Ka0
20561,Ka1
20562,Ka2
20563,Ka3
20580,Kc0
20581,Kc1
20582,Kc2
20583,Kc3
20584,Kc4
20585,Kc5
20586,Kc6
20587,Kc7
20588,Kc8
20589,Kc9
20590,Kd0
20600,Ke0
20601,Ke1
20602,Ke2
21000,L00
21201,L01
21202,L02
21203,L03
21204,L04
21205,L05
21206,L06
21207,L07
21208,L08
21209,L09
21210,L10
21211,L11
21212,L12
21213,L13
21214,L14
21215,L15
21216,L16
21217,L17
21218,L18
21219,L19
21220,L20
21221,L21
21300,LA0
21301,LA1
21302,LA2
21303,LA3
21304,LA4
21320,LC0
21321,LC1
21322,LC2
21323,LC3
21340,LE0
21341,LE1
21342,LE2
21360,LG0
21361,LG1
21362,LG2
21380,LI0
21381,LI1
21382,LI2
21383,LI3
21384,LI4
21400,LK0
21401,LK1
21402,LK2
21403,LK3
21404,LK4
21405,LK5
21406,LK6
21407,LK7
21408,LK8
21409,LK9
21420,LM0
21421,LM1
21422,LM2
21423,LM3
21424,LM4
21425,LM5
21426,LM6
21427,LM7
21440,LO0
21441,LO1
21442,LO2
21443,LO3
21460,LQ0
21461,LQ1
21462,LQ2
21463,LQ3
21464,LQ4
21465,LQ5
21480,LS0
21481,LS1
21482,LS2
21483,LS3
21484,LS4
21485,LS5
21486,LS6
21487,LS7
21500,LU0
21501,LU1
21502,LU2
21503,LU3
21504,LU4
21505,LU5
21506,LU6
21507,LU7
21520,LW0
21521,LW1
21522,LW2
21523,LW3
21540,LY0
21541,LY1
21560,La0
21561,La1
21562,La2
21563,La3
21564,La4
21565,La5
21566,La6
21567,La7
21568,La8
21569,La9
21570,Lb0
21571,Lb1
21580,Lc0
21581,Lc1
21582,Lc2
21583,Lc3
21584,Lc4
21585,Lc5
21600,Le0
21601,Le1
21602,Le2
21603,Le3
21604,Le4
21605,Le5
21606,Le6
21607,Le7
21608,Le8
21620,Lg0
21621,Lg1
21622,Lg2
21623,Lg3
21624,Lg4
21625,Lg5
21626,Lg6
22000,M00
22100,M-0
22101,M-1
22102,M-2
22103,M-3
22130,M-U
22131,M-V
22132,M-W
22133,M-X
22134,M-Y
22135,M-Z
22136,M-a
22137,M-b
22201,M01
22202,M02
22203,M03
22204,M04
22205,M05
22206,M06
22207,M07
22208,M08
22209,M09
22210,M10
22211,M11
22212,M12
22213,M13
22214,M14
22215,M15
22216,M16
22217,M17
22218,M18
22219,M19
22220,M20
22221,M21
22222,M22
22223,M23
22224,M24
22225,M25
22226,M26
22300,MA0
22301,MA1
22302,MA2
22303,MA3
22304,MA4
22305,MA5
22306,MA6
22307,MA7
22320,MC0
22321,MC1
22322,MC2
22323,MC3
22324,MC4
22325,MC5
22326,MC6
22327,MC7
22328,MC8
22329,MC9
22340,ME0
22341,ME1
22342,ME2
22343,ME3
22344,ME4
22360,MG0
22361,MG1
22380,MI0
22381,MI1
22382,MI2
22383,MI3
22400,MK0
22401,MK1
22402,MK2
22420,MM0
22421,MM1
22422,MM2
22423,MM3
22424,MM4
22425,MM5
22426,MM6
22427,MM7
22428,MM8
22429,MM9
22440,MO0
22441,MO1
22442,MO2
22443,MO3
22444,MO4
22445,MO5
22446,MO6
22447,MO7
22460,MQ0
22461,MQ1
22462,MQ2
22480,MS0
22481,MS1
22482,MS2
22483,MS3
22484,MS4
22485,MS5
22486,MS6
22487,MS7
22488,MS8
22500,MU0
22501,MU1
22502,MU2
22503,MU3
22504,MU4
22505,MU5
22520,MW0
22521,MW1
22522,MW2
22523,MW3
23000,N00
23100,N-0
23101,N-1
23102,N-2
23103,N-3
23104,N-4
23105,N-5
23106,N-6
23107,N-7
23108,N-8
23109,N-9
23110,N-A
23111,N-B
23112,N-C
23113,N-D
23114,N-E
23115,N-F
23116,N-G
23201,N01
23202,N02
23203,N03
23204,N04
23205,N05
23206,N06
23207,N07
23208,N08
23209,N09
23210,N10
23211,N11
23212,N12
23213,N13
23214,N14
23215,N15
23216,N16
23217,N17
23218,N18
23219,N19
23220,N20
23221,N21
23222,N22
23223,N23
23224,N24
23225,N25
23226,N26
23227,N27
23228,N28
23229,N29
23230,N30
23231,N31
23232,N32
23233,N33
23234,N34
23235,N35
23236,N36
23237,N37
23238,N38
23300,NA0
23301,NA1
23302,NA2
23303,NA3
23304,NA4
23320,NC0
23321,NC1
23340,NE0
23341,NE1
23342,NE2
23343,NE3
23344,NE4
23345,NE5
23346,NE6
23347,NE7
23360,NG0
23361,NG1
23362,NG2
23363,NG3
23380,NI0
23381,NI1
23400,NK0
23401,NK1
23402,NK2
23420,NM0
23421,NM1
23422,NM2
23423,NM3
23424,NM4
23425,NM5
23426,NM6
23427,NM7
23428,NM8
23429,NM9
23430,NN0
23431,NN1
23432,NN2
23440,NO0
23441,NO1
23442,NO2
23443,NO3
23444,NO4
23445,NO5
23446,NO6
23447,NO7
23460,NQ0
23461,NQ1
23462,NQ2
23480,NS0
23481,NS1
23482,NS2
23483,NS3
23500,NU0
23501,NU1
23502,NU2
23520,NW0
23521,NW1
23522,NW2
23523,NW3
23540,NY0
23541,NY1
23543,NY3
23544,NY4
23545,NY5
23560,Na0
23561,Na1
23562,Na2
23563,Na3
23564,Na4
23565,Na5
23566,Na6
23580,Nc0
23581,Nc1
23582,Nc2
23600,Ne0
23601,Ne1
23602,Ne2
23603,Ne3
23604,Ne4
23620,Ng0
23621,Ng1
23622,Ng2
23623,Ng3
24000,O00
24201,O01
24202,O02
24203,O03
24204,O04
24205,O05
24206,O06
24207,O07
24208,O08
24209,O09
24210,O10
24211,O11
24212,O12
24213,O13
24214,O14
24215,O15
24216,O16
24300,OA0
24301,OA1
24302,OA2
24303,OA3
24320,OC0
24321,OC1
24322,OC2
24323,OC3
24324,OC4
24325,OC5
24340,OE0
24341,OE1
24342,OE2
24343,OE3
24344,OE4
24360,OG0
24361,OG1
24380,OI0
24381,OI1
24382,OI2
24383,OI3
24384,OI4
24385,OI5
24400,OK0
24401,OK1
24402,OK2
24403,OK3
24404,OK4
24405,OK5
24406,OK6
24407,OK7
24420,OM0
24421,OM1
24422,OM2
24440,OO0
24441,OO1
24442,OO2
24443,OO3
24444,OO4
24445,OO5
24460,OQ0
24461,OQ1
24462,OQ2
24463,OQ3
24464,OQ4
24465,OQ5
24466,OQ6
24467,OQ7
24468,OQ8
24469,OQ9
24470,OR0
24471,OR1
24472,OR2
24480,OS0
24481,OS1
24482,OS2
24483,OS3
24484,OS4
24500,OU0
24501,OU1
24520,OW0
24521,OW1
24522,OW2
24523,OW3
24524,OW4
24525,OW5
24540,OY0
24541,OY1
24542,OY2
24543,OY3
24560,Oa0
24561,Oa1
24562,Oa2
24563,Oa3
24564,Oa4
25000,P00
25201,P01
25202,P02
25203,P03
25204,P04
25205,P05
25206,P06
25207,P07
25208,P08
25209,P09
25210,P10
25211,P11
25212,P12
25213,P13
25214,P14
25300,PA0
25301,PA1
25320,PC0
25321,PC1
25340,PE0
25341,PE1
25342,PE2
25343,PE3
25360,PG0
25361,PG1
25362,PG2
25363,PG3
25364,PG4
25365,PG5
25366,PG6
25367,PG7
25380,PI0
25381,PI1
25382,PI2
25383,PI3
25384,PI4
25400,PK0
25401,PK1
25402,PK2
25403,PK3
25420,PM0
25421,PM1
25422,PM2
25423,PM3
25424,PM4
25425,PM5
25440,PO0
25441,PO1
25442,PO2
25443,PO3
25460,PQ0
25461,PQ1
25462,PQ2
25463,PQ3
25464,PQ4
25480,PS0
25481,PS1
25482,PS2
25483,PS3
25484,PS4
25500,PU0
25501,PU1
25502,PU2
25503,PU3
25504,PU4
25520,PW0
25521,PW1
25522,PW2
25523,PW3
25524,PW4
25525,PW5
25526,PW6
26000,Q00
26100,Q-0
26101,Q-1
26102,Q-2
26103,Q-3
26104,Q-4
26105,Q-5
26106,Q-6
26107,Q-7
26108,Q-8
26109,Q-9
26110,Q-A
26111,Q-B
26201,Q01
26202,Q02
26203,Q03
26204,Q04
26205,Q05
26206,Q06
26207,Q07
26208,Q08
26209,Q09
26210,Q10
26211,Q11
26212,Q12
26213,Q13
26214,Q14
26300,QA0
26301,QA1
26302,QA2
26303,QA3
26320,QC0
26321,QC1
26322,QC2
26340,QE0
26341,QE1
26342,QE2
26343,QE3
26344,QE4
26360,QG0
26361,QG1
26362,QG2
26363,QG3
26364,QG4
26365,QG5
26366,QG6
26367,QG7
26380,QI0
26381,QI1
26382,QI2
26400,QK0
26401,QK1
26402,QK2
26403,QK3
26404,QK4
26405,QK5
26406,QK6
26407,QK7
26420,QM0
26421,QM1
26422,QM2
26440,QO0
26441,QO1
26460,QQ0
26461,QQ1
26462,QQ2
26463,QQ3
26464,QQ4
26465,QQ5
26480,QS0
26481,QS1
26482,QS2
26500,QU0
26501,QU1
26502,QU2
26503,QU3
26520,QW0
26521,QW1
27000,R00
27100,R-0
27101,R-1
27102,R-2
27103,R-3
27104,R-4
27105,R-5
27106,R-6
27107,R-7
27108,R-8
27109,R-9
27110,R-A
27111,R-B
27112,R-C
27113,R-D
27114,R-E
27115,R-F
27116,R-G
27117,R-H
27118,R-I
27119,R-J
27120,R-K
27121,R-L
27122,R-M
27123,R-N
27124,R-O
27125,R-P
27126,R-Q
27127,R-R
27128,R-S
27140,R-e
27141,R-f
27142,R-g
27143,R-h
27144,R-i
27145,R-j
27146,R-k
27147,R-l
27201,R01
27202,R02
27203,R03
27204,R04
27205,R05
27206,R06
27207,R07
27208,R08
27209,R09
27210,R10
27211,R11
27212,R12
27213,R13
27214,R14
27215,R15
27216,R16
27217,R17
27218,R18
27219,R19
27220,R20
27221,R21
27222,R22
27223,R23
27224,R24
27225,R25
27226,R26
27227,R27
27228,R28
27229,R29
27230,R30
27231,R31
27232,R32
27300,RA0
27301,RA1
27320,RC0
27321,RC1
27322,RC2
27340,RE0
27341,RE1
27360,RG0
27361,RG1
27362,RG2
27363,RG3
27364,RG4
27365,RG5
27366,RG6
27367,RG7
27380,RI0
27381,RI1
27382,RI2
27383,RI3
27384,RI4
27385,RI5
27400,RK0
27401,RK1
27402,RK2
28000,S00
28100,S-0
28101,S-1
28102,S-2
28103,S-3
28104,S-4
28105,S-5
28106,S-6
28107,S-7
28108,S-8
28109,S-9
28110,S-A
28111,S-B
28201,S01
28202,S02
28203,S03
28204,S04
28205,S05
28206,S06
28207,S07
28208,S08
28209,S09
28210,S10
28211,S11
28212,S12
28213,S13
28214,S14
28215,S15
28216,S16
28217,S17
28218,S18
28219,S19
28220,S20
28221,S21
28222,S22
28223,S23
28224,S24
28225,S25
28226,S26
28227,S27
28228,S28
28229,S29
28300,SA0
28301,SA1
28320,SC0
28321,SC1
28340,SE0
28341,SE1
28342,SE2
28343,SE3
28360,SG0
28361,SG1
28362,SG2
28363,SG3
28364,SG4
28365,SG5
28380,SI0
28381,SI1
28382,SI2
28400,SK0
28401,SK1
28420,SM0
28421,SM1
28422,SM2
28440,SO0
28441,SO1
28442,SO2
28443,SO3
28444,SO4
28445,SO5
28446,SO6
28460,SQ0
28461,SQ1
28462,SQ2
28463,SQ3
28464,SQ4
28480,SS0
28481,SS1
28500,SU0
28501,SU1
28502,SU2
28503,SU3
28504,SU4
28520,SW0
28521,SW1
28522,SW2
28523,SW3
28524,SW4
28525,SW5
28540,SY0
28541,SY1
28542,SY2
28543,SY3
28544,SY4
28560,Sa0
28561,Sa1
28562,Sa2
28580,Sc0
28581,Sc1
28582,Sc2
28583,Sc3
28584,Sc4
28585,Sc5
28586,Sc6
28600,Se0
28601,Se1
28602,Se2
28603,Se3
28604,Se4
28620,Sg0
28621,Sg1
28622,Sg2
28623,Sg3
28624,Sg4
28640,Si0
28641,Si1
28642,Si2
28643,Si3
28644,Si4
28645,Si5
28646,Si6
28660,Sk0
28661,Sk1
28662,Sk2
28663,Sk3
28664,Sk4
28665,Sk5
28666,Sk6
28680,Sm0
28681,Sm1
28682,Sm2
28683,Sm3
28684,Sm4
28685,Sm5
28686,Sm6
28700,So0
28701,So1
28702,So2
28703,So3
28704,So4
29000,T00
29201,T01
29202,T02
29203,T03
29204,T04
29205,T05
29206,T06
29207,T07
29208,T08
29209,T09
29210,T10
29211,T11
29212,T12
29300,TA0
29301,TA1
29320,TC0
29321,TC1
29322,TC2
29340,TE0
29341,TE1
29342,TE2
29343,TE3
29344,TE4
29345,TE5
29360,TG0
29361,TG1
29362,TG2
29363,TG3
29380,TI0
29381,TI1
29382,TI2
29383,TI3
29384,TI4
29385,TI5
29386,TI6
29400,TK0
29401,TK1
29402,TK2
29420,TM0
29421,TM1
29422,TM2
29423,TM3
29424,TM4
29425,TM5
29426,TM6
29427,TM7
29440,TO0
29441,TO1
29442,TO2
29443,TO3
29444,TO4
29445,TO5
29446,TO6
29447,TO7
29448,TO8
29449,TO9
29450,TP0
29451,TP1
29452,TP2
29453,TP3
30000,U00
30201,U01
30202,U02
30203,U03
30204,U04
30205,U05
30206,U06
30207,U07
30208,U08
30209,U09
30300,UA0
30301,UA1
30302,UA2
30303,UA3
30304,UA4
30320,UC0
30321,UC1
30322,UC2
30323,UC3
30324,UC4
30325,UC5
30326,UC6
30340,UE0
30341,UE1
30342,UE2
30343,UE3
30344,UE4
30345,UE5
30360,UG0
30361,UG1
30362,UG2
30363,UG3
30364,UG4
30365,UG5
30366,UG6
30380,UI0
30381,UI1
30382,UI2
30383,UI3
30384,UI4
30385,UI5
30386,UI6
30387,UI7
30388,UI8
30389,UI9
30390,UJ0
30391,UJ1
30392,UJ2
30400,UK0
30401,UK1
30402,UK2
30403,UK3
30404,UK4
30405,UK5
30406,UK6
30407,UK7
30420,UM0
30421,UM1
30422,UM2
30423,UM3
30424,UM4
30425,UM5
30426,UM6
30427,UM7
30428,UM8
31000,V00
31201,V01
31202,V02
31203,V03
31204,V04
31300,VA0
31301,VA1
31302,VA2
31303,VA3
31320,VC0
31321,VC1
31322,VC2
31323,VC3
31324,VC4
31325,VC5
31326,VC6
31327,VC7
31328,VC8
31329,VC9
31340,VE0
31341,VE1
31342,VE2
31343,VE3
31360,VG0
31361,VG1
31362,VG2
31363,VG3
31364,VG4
31365,VG5
31366,VG6
31367,VG7
31368,VG8
31369,VG9
31370,VH0
31371,VH1
31372,VH2
31380,VI0
31381,VI1
31382,VI2
31383,VI3
31384,VI4
31385,VI5
31386,VI6
31387,VI7
31388,VI8
31389,VI9
31390,VJ0
31400,VK0
31401,VK1
31402,VK2
31403,VK3
31404,VK4
32000,W00
32201,W01
32202,W02
32203,W03
32204,W04
32205,W05
32206,W06
32207,W07
32208,W08
32209,W09
32300,WA0
32301,WA1
32302,WA2
32303,WA3
32304,WA4
32305,WA5
32306,WA6
32307,WA7
32308,WA8
32320,WC0
32321,WC1
32322,WC2
32340,WE0
32341,WE1
32342,WE2
32343,WE3
32360,WG0
32361,WG1
32362,WG2
32363,WG3
32380,WI0
32381,WI1
32382,WI2
32383,WI3
32384,WI4
32385,WI5
32386,WI6
32400,WK0
32401,WK1
32402,WK2
32403,WK3
32404,WK4
32405,WK5
32420,WM0
32421,WM1
32422,WM2
32440,WO0
32441,WO1
32442,WO2
32443,WO3
32444,WO4
32445,WO5
32446,WO6
32447,WO7
32448,WO8
32449,WO9
32460,WQ0
32462,WQ2
32463,WQ3
32464,WQ4
32465,WQ5
32480,WS0
32481,WS1
32482,WS2
32500,WU0
32501,WU1
32502,WU2
32503,WU3
32504,WU4
32505,WU5
32520,WW0
32521,WW1
32522,WW2
32523,WW3
32524,WW4
32525,WW5
32526,WW6
32527,WW7
32528,WW8
33000,X00
33100,X-0
33101,X-1
33102,X-2
33103,X-3
33104,X-4
33201,X01
33202,X02
33203,X03
33204,X04
33205,X05
33207,X07
33208,X08
33209,X09
33210,X10
33211,X11
33212,X12
33213,X13
33214,X14
33215,X15
33216,X16
33300,XA0
33301,XA1
33302,XA2
33303,XA3
33304,XA4
33305,XA5
33320,XC0
33321,XC1
33322,XC2
33323,XC3
33324,XC4
33325,XC5
33340,XE0
33341,XE1
33342,XE2
33343,XE3
33344,XE4
33345,XE5
33346,XE6
33360,XG0
33361,XG1
33362,XG2
33363,XG3
33380,XI0
33381,XI1
33400,XK0
33401,XK1
33402,XK2
33403,XK3
33404,XK4
33420,XM0
33421,XM1
33422,XM2
33423,XM3
33424,XM4
33425,XM5
33426,XM6
33427,XM7
33428,XM8
33440,XO0
33441,XO1
33442,XO2
33443,XO3
33444,XO4
33445,XO5
33460,XQ0
33461,XQ1
33462,XQ2
33480,XS0
33481,XS1
33500,XU0
33501,XU1
33502,XU2
33503,XU3
33504,XU4
33520,XW0
33521,XW1
33522,XW2
33523,XW3
33540,XY0
33541,XY1
33542,XY2
33543,XY3
33560,Xa0
33561,Xa1
33562,Xa2
33563,Xa3
33564,Xa4
33580,Xc0
33581,Xc1
33582,Xc2
33583,Xc3
33584,Xc4
33585,Xc5
33586,Xc6
33587,Xc7
33588,Xc8
33589,Xc9
33600,Xe0
33601,Xe1
33602,Xe2
33603,Xe3
33604,Xe4
33605,Xe5
33606,Xe6
33620,Xg0
33621,Xg1
33622,Xg2
33623,Xg3
33624,Xg4
33640,Xi0
33641,Xi1
33642,Xi2
33643,Xi3
33644,Xi4
33645,Xi5
33646,Xi6
33660,Xk0
33661,Xk1
33662,Xk2
33663,Xk3
33664,Xk4
33665,Xk5
33666,Xk6
33680,Xm0
33681,Xm1
34000,Y00
34100,Y-0
34101,Y-1
34102,Y-2
34103,Y-3
34104,Y-4
34105,Y-5
34106,Y-6
34107,Y-7
34108,Y-8
34201,Y01
34202,Y02
34203,Y03
34204,Y04
34205,Y05
34206,Y06
34207,Y07
34208,Y08
34209,Y09
34210,Y10
34211,Y11
34212,Y12
34213,Y13
34214,Y14
34215,Y15
34300,YA0
34301,YA1
34302,YA2
34303,YA3
34304,YA4
34305,YA5
34306,YA6
34307,YA7
34308,YA8
34309,YA9
34310,YB0
34311,YB1
34312,YB2
34313,YB3
34314,YB4
34320,YC0
34321,YC1
34322,YC2
34323,YC3
34324,YC4
34325,YC5
34326,YC6
34327,YC7
34328,YC8
34329,YC9
34330,YD0
34340,YE0
34341,YE1
34342,YE2
34343,YE3
34344,YE4
34345,YE5
34346,YE6
34347,YE7
34360,YG0
34361,YG1
34362,YG2
34363,YG3
34364,YG4
34365,YG5
34366,YG6
34367,YG7
34368,YG8
34369,YG9
34380,YI0
34381,YI1
34382,YI2
34383,YI3
34384,YI4
34385,YI5
34386,YI6
34387,YI7
34400,YK0
34401,YK1
34402,YK2
34403,YK3
34404,YK4
34405,YK5
34406,YK6
34407,YK7
34408,YK8
34409,YK9
34420,YM0
34421,YM1
34422,YM2
34423,YM3
34424,YM4
34425,YM5
34426,YM6
34427,YM7
34428,YM8
34429,YM9
34430,YN0
34431,YN1
34440,YO0
34441,YO1
34442,YO2
34444,YO4
34460,YQ0
34461,YQ1
34462,YQ2
34463,YQ3
34480,YS0
34481,YS1
34482,YS2
34500,YU0
34501,YU1
34502,YU2
34520,YW0
34521,YW1
34522,YW2
34523,YW3
34524,YW4
34540,YY0
34541,YY1
34542,YY2
34543,YY3
34544,YY4
34545,YY5
34560,Ya0
34561,Ya1
34562,Ya2
34563,Ya3
34580,Yc0
34581,Yc1
34582,Yc2
34583,Yc3
34584,Yc4
34585,Yc5
34586,Yc6
34600,Ye0
34601,Ye1
34602,Ye2
34603,Ye3
34604,Ye4
34605,Ye5
35000,Z00
35201,Z01
35202,Z02
35203,Z03
35204,Z04
35205,Z05
35206,Z06
35207,Z07
35208,Z08
35209,Z09
35210,Z10
35211,Z11
35212,Z12
35213,Z13
35214,Z14
35215,Z15
35216,Z16
35300,ZA0
35301,ZA1
35302,ZA2
35303,ZA3
35304,ZA4
35305,ZA5
35320,ZC0
35321,ZC1
35322,ZC2
35323,ZC3
35324,ZC4
35325,ZC5
35326,ZC6
35327,ZC7
35328,ZC8
35329,ZC9
35340,ZE0
35341,ZE1
35342,ZE2
35343,ZE3
35344,ZE4
35345,ZE5
35360,ZG0
35361,ZG1
35362,ZG2
35380,ZI0
35381,ZI1
35400,ZK0
35401,ZK1
35402,ZK2
35403,ZK3
35420,ZM0
35421,ZM1
35422,ZM2
35440,ZO0
35441,ZO1
35442,ZO2
35443,ZO3
35444,ZO4
35460,ZQ0
35461,ZQ1
35462,ZQ2
35480,ZS0
35481,ZS1
35482,ZS2
35483,ZS3
35500,ZU0
35501,ZU1
35502,ZU2
35503,ZU3
35504,ZU4
35505,ZU5
35506,ZU6
35507,ZU7
35508,ZU8
36000,a00
36201,a01
36202,a02
36203,a03
36204,a04
36205,a05
36206,a06
36207,a07
36208,a08
36300,aA0
36301,aA1
36302,aA2
36320,aC0
36321,aC1
36340,aE0
36341,aE1
36342,aE2
36360,aG0
36361,aG1
36362,aG2
36363,aG3
36364,aG4
36365,aG5
36366,aG6
36367,aG7
36368,aG8
36380,aI0
36381,aI1
36382,aI2
36383,aI3
36384,aI4
36385,aI5
36386,aI6
36387,aI7
36388,aI8
36400,aK0
36401,aK1
36402,aK2
36403,aK3
36404,aK4
36405,aK5
36406,aK6
36407,aK7
36420,aM0
36421,aM1
36422,aM2
36440,aO0
36441,aO1
36442,aO2
36443,aO3
36444,aO4
36445,aO5
36460,aQ0
36461,aQ1
36462,aQ2
36463,aQ3
36464,aQ4
36465,aQ5
36466,aQ6
36467,aQ7
36468,aQ8
36480,aS0
36481,aS1
36482,aS2
36483,aS3
36484,aS4
36485,aS5
36486,aS6
36487,aS7
36488,aS8
36489,aS9
37000,b00
37201,b01
37202,b02
37203,b03
37204,b04
37205,b05
37206,b06
37207,b07
37208,b08
37300,bA0
37301,bA1
37302,bA2
37303,bA3
37304,bA4
37305,bA5
37306,bA6
37307,bA7
37308,bA8
37320,bC0
37321,bC1
37322,bC2
37323,bC3
37324,bC4
37340,bE0
37341,bE1
37342,bE2
37343,bE3
37360,bG0
37361,bG1
37362,bG2
37363,bG3
37364,bG4
37380,bI0
37381,bI1
37382,bI2
37383,bI3
37384,bI4
37385,bI5
37386,bI6
37387,bI7
37400,bK0
37401,bK1
37402,bK2
37403,bK3
37404,bK4
37405,bK5
37406,bK6
37420,bM0
37421,bM1
37422,bM2
37423,bM3
37424,bM4
37425,bM5
37426,bM6
37427,bM7
37428,bM8
37429,bM9
38000,c00
38201,c01
38202,c02
38203,c03
38204,c04
38205,c05
38206,c06
38207,c07
38208,c08
38209,c09
38210,c10
38211,c11
38212,c12
38213,c13
38214,c14
38215,c15
38300,cA0
38301,cA1
38302,cA2
38303,cA3
38320,cC0
38321,cC1
38322,cC2
38323,cC3
38324,cC4
38325,cC5
38340,cE0
38341,cE1
38342,cE2
38343,cE3
38344,cE4
38345,cE5
38346,cE6
38347,cE7
38348,cE8
38349,cE9
38350,cF0
38351,cF1
38352,cF2
38353,cF3
38354,cF4
38355,cF5
38356,cF6
38360,cG0
38361,cG1
38362,cG2
38363,cG3
38380,cI0
38381,cI1
38382,cI2
38383,cI3
38384,cI4
38385,cI5
38386,cI6
38400,cK0
38401,cK1
38402,cK2
38403,cK3
38404,cK4
38405,cK5
38420,cM0
38421,cM1
38422,cM2
38423,cM3
38424,cM4
38425,cM5
38440,cO0
38441,cO1
38442,cO2
38443,cO3
38444,cO4
38445,cO5
38460,cQ0
38461,cQ1
38462,cQ2
38463,cQ3
38464,cQ4
38480,cS0
38481,cS1
38482,cS2
38483,cS3
38484,cS4
38485,cS5
38486,cS6
38487,cS7
38488,cS8
38500,cU0
38501,cU1
38502,cU2
38503,cU3
38504,cU4
38505,cU5
38506,cU6
39000,d00
39201,d01
39202,d02
39203,d03
39204,d04
39205,d05
39206,d06
39207,d07
39208,d08
39209,d09
39210,d10
39211,d11
39212,d12
39300,dA0
39301,dA1
39302,dA2
39303,dA3
39304,dA4
39305,dA5
39306,dA6
39307,dA7
39320,dC0
39321,dC1
39322,dC2
39323,dC3
39324,dC4
39325,dC5
39326,dC6
39327,dC7
39328,dC8
39340,dE0
39341,dE1
39342,dE2
39343,dE3
39344,dE4
39360,dG0
39361,dG1
39362,dG2
39363,dG3
39364,dG4
39365,dG5
39380,dI0
39381,dI1
39382,dI2
39383,dI3
39384,dI4
39385,dI5
39386,dI6
39387,dI7
39400,dK0
39401,dK1
39402,dK2
39403,dK3
39404,dK4
39405,dK5
39406,dK6
39407,dK7
39408,dK8
39409,dK9
39410,dL0
39411,dL1
39412,dL2
39420,dM0
39421,dM1
39422,dM2
39423,dM3
39424,dM4
39425,dM5
39426,dM6
39427,dM7
39428,dM8
40000,e00
40100,e-0
40101,e-1
40102,e-2
40103,e-3
40104,e-4
40105,e-5
40106,e-6
40107,e-7
40108,e-8
40109,e-9
40130,e-U
40131,e-V
40132,e-W
40133,e-X
40134,e-Y
40135,e-Z
40136,e-a
40137,e-b
40201,e01
40202,e02
40203,e03
40204,e04
40205,e05
40206,e06
40207,e07
40208,e08
40209,e09
40210,e10
40211,e11
40212,e12
40213,e13
40214,e14
40215,e15
40216,e16
40217,e17
40218,e18
40219,e19
40220,e20
40221,e21
40222,e22
40223,e23
40224,e24
40225,e25
40226,e26
40227,e27
40228,e28
40229,e29
40230,e30
40231,e31
40300,eA0
40301,eA1
40302,eA2
40303,eA3
40304,eA4
40305,eA5
40320,eC0
40321,eC1
40340,eE0
40341,eE1
40342,eE2
40343,eE3
40344,eE4
40345,eE5
40346,eE6
40347,eE7
40348,eE8
40349,eE9
40360,eG0
40361,eG1
40362,eG2
40363,eG3
40364,eG4
40365,eG5
40380,eI0
40381,eI1
40382,eI2
40383,eI3
40384,eI4
40400,eK0
40401,eK1
40402,eK2
40403,eK3
40404,eK4
40420,eM0
40421,eM1
40422,eM2
40423,eM3
40424,eM4
40425,eM5
40426,eM6
40427,eM7
40428,eM8
40440,eO0
40441,eO1
40442,eO2
40443,eO3
40444,eO4
40445,eO5
40446,eO6
40447,eO7
40448,eO8
40460,eQ0
40461,eQ1
40462,eQ2
40463,eQ3
40480,eS0
40481,eS1
40482,eS2
40483,eS3
40500,eU0
40501,eU1
40502,eU2
40503,eU3
40520,eW0
40521,eW1
40522,eW2
40523,eW3
40540,eY0
40541,eY1
40542,eY2
40543,eY3
40544,eY4
40545,eY5
40546,eY6
40560,ea0
40561,ea1
40562,ea2
40563,ea3
40564,ea4
40580,ec0
40581,ec1
40600,ee0
40601,ee1
40602,ee2
40603,ee3
40604,ee4
40605,ee5
40606,ee6
40607,ee7
40608,ee8
40609,ee9
40610,ef0
40620,eg0
40621,eg1
40622,eg2
40623,eg3
40624,eg4
40625,eg5
40640,ei0
40641,ei1
40642,ei2
40643,ei3
40644,ei4
40645,ei5
40646,ei6
40647,ei7
41000,f00
41201,f01
41202,f02
41203,f03
41204,f04
41205,f05
41206,f06
41207,f07
41208,f08
41209,f09
41210,f10
41300,fA0
41301,fA1
41302,fA2
41303,fA3
41304,fA4
41305,fA5
41306,fA6
41320,fC0
41321,fC1
41322,fC2
41323,fC3
41324,fC4
41325,fC5
41326,fC6
41327,fC7
41340,fE0
41341,fE1
41342,fE2
41343,fE3
41344,fE4
41345,fE5
41346,fE6
41360,fG0
41361,fG1
41362,fG2
41363,fG3
41364,fG4
41380,fI0
41381,fI1
41382,fI2
41383,fI3
41384,fI4
41385,fI5
41386,fI6
41387,fI7
41388,fI8
41389,fI9
41400,fK0
41401,fK1
41402,fK2
41420,fM0
41421,fM1
41422,fM2
41423,fM3
41424,fM4
41425,fM5
41426,fM6
41427,fM7
41440,fO0
41441,fO1
41442,fO2
41443,fO3
42000,g00
42201,g01
42202,g02
42203,g03
42204,g04
42205,g05
42206,g06
42207,g07
42208,g08
42209,g09
42210,g10
42211,g11
42212,g12
42213,g13
42214,g14
42300,gA0
42301,gA1
42302,gA2
42303,gA3
42304,gA4
42305,gA5
42306,gA6
42307,gA7
42308,gA8
42309,gA9
42310,gB0
42311,gB1
42312,gB2
42313,gB3
42314,gB4
42315,gB5
42316,gB6
42320,gC0
42321,gC1
42322,gC2
42323,gC3
42340,gE0
42341,gE1
42342,gE2
42343,gE3
42344,gE4
42360,gG0
42361,gG1
42362,gG2
42363,gG3
42364,gG4
42365,gG5
42366,gG6
42367,gG7
42368,gG8
42369,gG9
42370,gH0
42371,gH1
42372,gH2
42373,gH3
42374,gH4
42375,gH5
42376,gH6
42380,gI0
42381,gI1
42382,gI2
42383,gI3
42384,gI4
42385,gI5
42386,gI6
42387,gI7
42388,gI8
42389,gI9
42390,gJ0
42391,gJ1
42392,gJ2
42393,gJ3
42400,gK0
42401,gK1
42402,gK2
42403,gK3
42404,gK4
42405,gK5
42406,gK6
42407,gK7
42408,gK8
42409,gK9
42410,gL0
42411,gL1
42420,gM0
42421,gM1
42422,gM2
42423,gM3
42424,gM4
42440,gO0
42441,gO1
42442,gO2
42443,gO3
42444,gO4
42445,gO5
42446,gO6
43000,h00
43100,h-0
43101,h-1
43102,h-2
43103,h-3
43104,h-4
43105,h-5
43201,h01
43202,h02
43203,h03
43204,h04
43205,h05
43206,h06
43207,h07
43208,h08
43209,h09
43210,h10
43211,h11
43212,h12
43213,h13
43214,h14
43215,h15
43216,h16
43300,hA0
43301,hA1
43302,hA2
43303,hA3
43304,hA4
43305,hA5
43320,hC0
43321,hC1
43322,hC2
43340,hE0
43341,hE1
43342,hE2
43343,hE3
43344,hE4
43345,hE5
43346,hE6
43347,hE7
43348,hE8
43360,hG0
43361,hG1
43362,hG2
43363,hG3
43364,hG4
43365,hG5
43366,hG6
43367,hG7
43368,hG8
43369,hG9
43380,hI0
43381,hI1
43382,hI2
43383,hI3
43384,hI4
43385,hI5
43400,hK0
43401,hK1
43402,hK2
43403,hK3
43404,hK4
43405,hK5
43406,hK6
43407,hK7
43420,hM0
43421,hM1
43422,hM2
43423,hM3
43424,hM4
43425,hM5
43426,hM6
43427,hM7
43428,hM8
43429,hM9
43430,hN0
43431,hN1
43432,hN2
43433,hN3
43440,hO0
43441,hO1
43442,hO2
43443,hO3
43444,hO4
43445,hO5
43446,hO6
43447,hO7
43460,hQ0
43461,hQ1
43462,hQ2
43463,hQ3
43464,hQ4
43465,hQ5
43466,hQ6
43467,hQ7
43468,hQ8
43480,hS0
43481,hS1
43482,hS2
43483,hS3
43484,hS4
43500,hU0
43501,hU1
43502,hU2
43503,hU3
43504,hU4
43505,hU5
43506,hU6
43507,hU7
43508,hU8
43509,hU9
43510,hV0
43511,hV1
43512,hV2
43513,hV3
43514,hV4
43520,hW0
43521,hW1
43522,hW2
43523,hW3
43524,hW4
43525,hW5
43526,hW6
43527,hW7
43528,hW8
43529,hW9
43530,hX0
43531,hX1
43532,hX2
43533,hX3
44000,i00
44201,i01
44202,i02
44203,i03
44204,i04
44205,i05
44206,i06
44207,i07
44208,i08
44209,i09
44210,i10
44211,i11
44212,i12
44213,i13
44214,i14
44300,iA0
44301,iA1
44302,iA2
44303,iA3
44320,iC0
44321,iC1
44322,iC2
44323,iC3
44324,iC4
44325,iC5
44340,iE0
44341,iE1
44342,iE2
44360,iG0
44361,iG1
44362,iG2
44363,iG3
44364,iG4
44380,iI0
44381,iI1
44400,iK0
44401,iK1
44402,iK2
44403,iK3
44404,iK4
44405,iK5
44406,iK6
44407,iK7
44408,iK8
44420,iM0
44421,iM1
44422,iM2
44423,iM3
44424,iM4
44425,iM5
44426,iM6
44427,iM7
44428,iM8
44440,iO0
44441,iO1
44442,iO2
44443,iO3
44460,iQ0
44461,iQ1
44462,iQ2
44480,iS0
44481,iS1
44482,iS2
44483,iS3
44484,iS4
44485,iS5
44500,iU0
44501,iU1
44502,iU2
44503,iU3
44504,iU4
44520,iW0
44521,iW1
44522,iW2
45000,j00
45201,j01
45202,j02
45203,j03
45204,j04
45205,j05
45206,j06
45207,j07
45208,j08
45209,j09
45300,jA0
45301,jA1
45302,jA2
45303,jA3
45320,jC0
45321,jC1
45322,jC2
45340,jE0
45341,jE1
45342,jE2
45343,jE3
45344,jE4
45345,jE5
45360,jG0
45361,jG1
45362,jG2
45363,jG3
45364,jG4
45380,jI0
45381,jI1
45382,jI2
45383,jI3
45400,jK0
45401,jK1
45402,jK2
45403,jK3
45404,jK4
45405,jK5
45406,jK6
45420,jM0
45421,jM1
45422,jM2
45423,jM3
45424,jM4
45425,jM5
45426,jM6
45427,jM7
45428,jM8
45429,jM9
45430,jN0
45431,jN1
45440,jO0
45441,jO1
45442,jO2
45443,jO3
46000,k00
46201,k01
46202,k02
46203,k03
46204,k04
46205,k05
46206,k06
46207,k07
46208,k08
46209,k09
46210,k10
46211,k11
46212,k12
46213,k13
46214,k14
46215,k15
46216,k16
46217,k17
46218,k18
46219,k19
46220,k20
46221,k21
46222,k22
46223,k23
46224,k24
46225,k25
46300,kA0
46301,kA1
46302,kA2
46303,kA3
46304,kA4
46320,kC0
46321,kC1
46322,kC2
46323,kC3
46324,kC4
46340,kE0
46341,kE1
46342,kE2
46343,kE3
46344,kE4
46345,kE5
46360,kG0
46361,kG1
46362,kG2
46363,kG3
46364,kG4
46365,kG5
46366,kG6
46367,kG7
46368,kG8
46380,kI0
46381,kI1
46382,kI2
46383,kI3
46384,kI4
46385,kI5
46386,kI6
46387,kI7
46388,kI8
46389,kI9
46390,kJ0
46391,kJ1
46392,kJ2
46400,kK0
46401,kK1
46402,kK2
46403,kK3
46404,kK4
46420,kM0
46421,kM1
46440,kO0
46441,kO1
46442,kO2
46443,kO3
46444,kO4
46445,kO5
46446,kO6
46447,kO7
46448,kO8
46449,kO9
46450,kP0
46451,kP1
46452,kP2
46460,kQ0
46461,kQ1
46462,kQ2
46463,kQ3
46464,kQ4
46465,kQ5
46466,kQ6
46467,kQ7
46468,kQ8
46480,kS0
46481,kS1
46482,kS2
46483,kS3
46484,kS4
46485,kS5
46486,kS6
46487,kS7
46488,kS8
46489,kS9
46490,kT0
46491,kT1
46492,kT2
46500,kU0
46501,kU1
46502,kU2
46503,kU3
46504,kU4
46505,kU5
46520,kW0
46521,kW1
46522,kW2
46523,kW3
46524,kW4
46525,kW5
46526,kW6
46527,kW7
46528,kW8
46529,kW9
46530,kX0
46531,kX1
46532,kX2
46533,kX3
46534,kX4
46535,kX5
47000,l00
47201,l01
47202,l02
47203,l03
47204,l04
47205,l05
47206,l06
47207,l07
47208,l08
47209,l09
47210,l10
47211,l11
47212,l12
47213,l13
47214,l14
47215,l15
47300,lA0
47301,lA1
47302,lA2
47303,lA3
47306,lA6
47308,lA8
47311,lB1
47313,lB3
47314,lB4
47315,lB5
47320,lC0
47321,lC1
47322,lC2
47323,lC3
47324,lC4
47325,lC5
47326,lC6
47327,lC7
47328,lC8
47329,lC9
47340,lE0
47341,lE1
47343,lE3
47344,lE4
47345,lE5
47346,lE6
47347,lE7
47348,lE8
47349,lE9
47350,lF0
47351,lF1
47352,lF2
47353,lF3
47354,lF4
47355,lF5
47356,lF6
47357,lF7
47358,lF8
47359,lF9
47360,lG0
47361,lG1
47362,lG2
47370,lH0
47371,lH1
47372,lH2
47373,lH3
47374,lH4
47375,lH5
47380,lI0
47381,lI1
47382,lI2
